user_id,movies_rated_gt_3,movies_rated_lte_3
1,"[60, 32, 159, 19, 201, 170, 264, 46, 221, 252, 112, 226, 89, 63, 227, 120, 113, 131, 133, 97, 185, 220, 83, 59, 176, 173, 81, 55, 79, 228, 234, 5, 205, 75, 71, 184, 95, 257, 80, 211, 150, 50, 174, 106, 208, 107, 11, 13, 43, 162, 209, 183, 156, 149, 182, 247, 207, 127, 241, 192, 235, 249, 90, 128, 240, 266, 85, 195, 38, 229, 22, 223, 64, 189, 99, 153, 213, 160, 169, 8, 245, 21, 186, 134, 67, 145, 175, 165, 88, 248, 268, 31, 269, 132, 238, 193, 255, 92, 233, 0, 196, 172, 74, 267, 143, 118, 180, 256, 108, 181, 222, 45, 168, 161, 65, 76, 198, 56, 49, 191, 177, 86, 237, 155, 105, 114, 136, 126, 15, 78, 44, 47, 24, 250, 194, 167, 122, 190, 202, 54, 41, 6, 42, 164, 197, 123, 94, 57, 215, 203, 2, 206, 18, 17, 58, 14, 110, 51, 87, 12, 27, 171, 151]","[188, 154, 116, 16, 91, 265, 73, 30, 69, 26, 259, 144, 158, 271, 139, 224, 119, 124, 214, 103, 48, 212, 232, 77, 142, 217, 258, 261, 96, 52, 200, 147, 111, 263, 218, 231, 251, 199, 179, 84, 9, 253, 129, 254, 102, 117, 53, 23, 163, 35, 72, 66, 225, 242, 61, 187, 101, 68, 37, 20, 178, 137, 246, 1, 29, 62, 140, 210, 39, 219, 7, 204, 104, 146, 98, 33, 270, 25, 157, 36, 135, 236, 130, 70, 40, 109, 4, 166, 10, 244, 34, 260, 152, 100, 3, 262, 138, 239, 148, 115, 216, 141, 125, 82, 230, 243, 28, 121, 93]"
2,"[291, 250, 49, 296, 12, 302, 256, 315, 300, 312, 278, 298, 276, 281, 110, 294, 241, 282, 275, 0, 13, 292, 309, 305, 24, 272, 310, 268, 254, 283, 236, 299, 99, 126, 284, 303, 271, 285, 274, 301]","[313, 289, 311, 280, 279, 307, 306, 314, 297, 18, 257, 304, 286, 290, 293, 308, 9, 273, 288, 277, 287, 295]"
3,"[330, 327, 317, 347, 326, 320, 259, 319, 341, 328, 180, 343, 346, 339, 345]","[334, 244, 336, 342, 322, 293, 331, 333, 349, 340, 299, 344, 298, 323, 350, 329, 306, 271, 353, 263, 348, 267, 287, 354, 257, 338, 302, 316, 337, 301, 321, 351, 270, 332, 325, 318, 324, 335, 352]"
4,"[302, 360, 356, 259, 293, 287, 49, 353, 270, 299, 257, 328, 10, 326, 323, 358, 361, 359, 300]","[263, 355, 327, 209, 357]"
5,"[16, 0, 210, 381, 61, 23, 422, 266, 221, 172, 435, 41, 421, 39, 152, 108, 226, 99, 384, 88, 432, 427, 434, 208, 390, 429, 134, 400, 442, 256, 185, 431, 193, 182, 28, 389, 100, 207, 49, 407, 94, 171, 69, 395, 203, 227, 234, 168, 120, 188, 445, 238, 454, 433, 180, 162, 232, 173]","[1, 438, 224, 109, 453, 423, 362, 97, 101, 375, 230, 376, 406, 393, 383, 444, 166, 425, 452, 402, 240, 233, 153, 138, 89, 93, 388, 410, 229, 387, 396, 443, 401, 142, 369, 175, 440, 68, 416, 78, 417, 428, 371, 420, 143, 242, 184, 392, 412, 399, 79, 218, 258, 456, 409, 368, 213, 363, 378, 380, 98, 20, 426, 450, 448, 225, 404, 24, 441, 228, 439, 377, 391, 398, 455, 167, 415, 161, 451, 394, 413, 436, 150, 414, 370, 397, 215, 419, 437, 386, 446, 249, 144, 408, 385, 449, 430, 373, 364, 405, 424, 65, 365, 366, 62, 411, 403, 382, 199, 379, 104, 209, 447, 418, 374, 372, 367]"
6,"[13, 97, 462, 516, 22, 491, 477, 468, 356, 274, 220, 210, 179, 499, 474, 508, 133, 524, 208, 18, 174, 522, 497, 212, 431, 514, 132, 480, 478, 486, 130, 527, 466, 135, 31, 134, 512, 483, 198, 182, 498, 196, 194, 487, 465, 482, 237, 80, 207, 485, 58, 123, 55, 520, 186, 510, 303, 505, 268, 86, 317, 533, 99, 479, 535, 493, 164, 418, 49, 519, 168, 460, 409, 521, 481, 528, 509, 492, 494, 500, 529, 484, 136, 63, 173, 504, 506, 515, 185, 511, 190, 273, 177, 407, 426, 434, 271, 165, 193, 513, 176, 11, 301, 70, 167, 184, 172, 501, 152, 88, 191, 526, 518, 490, 488, 126, 0, 241, 131, 461, 496, 473, 169, 222, 8, 530, 305, 495, 532, 215, 181, 7, 536, 489]","[85, 300, 257, 68, 507, 142, 293, 531, 476, 296, 94, 475, 153, 187, 155, 204, 69, 150, 27, 116, 14, 285, 124, 457, 192, 525, 458, 422, 469, 203, 517, 470, 247, 283, 188, 275, 523, 20, 199, 21, 245, 292, 502, 464, 503, 320, 46, 202, 258, 366, 12, 309, 472, 537, 404, 308, 302, 471, 78, 267, 307, 6, 316, 256, 424, 459, 297, 534, 339, 260, 467, 463, 284, 110, 236, 538, 201]"
7,"[31, 478, 454, 381, 162, 496, 491, 660, 647, 377, 199, 643, 450, 400, 80, 575, 227, 150, 580, 105, 527, 642, 581, 126, 195, 43, 558, 240, 27, 152, 419, 187, 679, 132, 92, 173, 181, 192, 613, 646, 620, 21, 299, 161, 525, 518, 632, 194, 91, 9, 484, 510, 653, 167, 284, 431, 88, 529, 656, 422, 155, 607, 225, 207, 617, 586, 171, 7, 202, 265, 636, 623, 176, 470, 449, 480, 384, 666, 209, 497, 182, 100, 503, 135, 434, 635, 430, 482, 460, 6, 483, 549, 153, 184, 561, 190, 682, 398, 588, 500, 206, 392, 541, 403, 629, 395, 204, 78, 130, 120, 658, 674, 547, 625, 644, 189, 263, 621, 427, 287, 71, 388, 333, 494, 519, 578, 222, 554, 495, 479, 306, 417, 652, 490, 52, 98, 564, 464, 583, 498, 616, 215, 96, 134, 191, 446, 611, 587, 659, 595, 97, 198, 174, 186, 573, 615, 557, 139, 99, 556, 26, 76, 55, 551, 599, 379, 257, 592, 177, 415, 506, 645, 664, 285, 612, 46, 63, 602, 156, 214, 236, 79, 678, 428, 133, 584, 193, 233, 402, 435, 526, 619, 502, 443, 630, 633, 640, 665, 203, 401, 667, 433, 522, 140, 669, 604, 451, 385, 237, 67, 509, 501, 3, 512, 654, 637, 600, 505, 432, 648, 473, 355, 213, 670, 567, 565, 185, 179, 8, 548, 614, 487, 609, 572, 378, 545, 442, 650, 70, 462, 95, 364, 178, 591, 38, 124, 662, 131, 426, 30, 68, 216, 317, 264, 274, 51, 631, 196, 143, 210, 568, 11, 508, 49, 356, 85, 316, 163, 560, 520, 172, 638, 151, 366]","[429, 542, 553, 471, 622, 661, 170, 673, 675, 579, 649, 559, 77, 267, 626, 641, 89, 268, 53, 488, 141, 280, 504, 569, 566, 81, 668, 231, 657, 180, 165, 138, 226, 598, 513, 672, 447, 563, 259, 272, 211, 125, 618, 562, 481, 680, 160, 258, 603, 175, 540, 552, 514, 117, 536, 218, 555, 90, 293, 230, 200, 610, 681, 528, 142, 677, 627, 228, 22, 582, 546, 448, 418, 655, 676, 608, 404, 390, 61, 28, 445, 570, 594, 571, 212, 589, 50, 323, 596, 439, 577, 590, 383, 486, 416, 539, 72, 550, 624, 544, 651, 229, 634, 574, 671, 201, 605, 593, 639, 386, 543, 144, 469, 24, 69, 601, 585, 576, 340, 628, 414, 663, 10, 420, 606, 308, 440, 197, 597]"
8,"[337, 21, 49, 181, 78, 88, 189, 300, 171, 510, 684, 143, 567, 55, 688, 182, 209, 257, 126, 187, 650, 175, 232, 517, 228, 227, 194, 683, 434, 173, 81, 240, 226, 176, 186, 180, 402, 509, 221, 54]","[549, 293, 456, 384, 685, 6, 686, 272, 340, 258, 95, 687, 10, 335, 430, 242, 357, 565, 259]"
9,"[297, 690, 520, 486, 285, 5, 478, 339, 506, 275, 614, 293, 482, 401, 370, 241, 200, 49, 6, 384]","[526, 689]"
10,"[15, 485, 610, 6, 99, 487, 284, 503, 288, 339, 504, 488, 656, 462, 654, 320, 47, 202, 217, 123, 282, 3, 21, 154, 655, 63, 614, 199, 222, 650, 710, 704, 695, 366, 508, 134, 497, 163, 190, 495, 384, 518, 155, 702, 98, 193, 587, 446, 417, 159, 175, 434, 705, 274, 370, 233, 167, 496, 474, 268, 492, 494, 194, 520, 182, 131, 419, 711, 185, 198, 709, 557, 482, 55, 602, 126, 132, 97, 0, 143, 697, 473, 81, 509, 215, 210, 530, 356, 161, 160, 49, 156, 301, 693, 605, 220, 431, 115, 333, 691, 479, 526, 273, 332, 32, 244, 403, 173, 128, 177, 10, 181, 133, 136, 204, 466, 510, 31, 512, 663, 529, 272, 692, 196, 68, 707, 169, 601, 581, 700, 184, 498, 275, 628, 477, 58, 191, 653, 708, 481, 413, 517, 616, 229, 469, 698, 588, 237, 501, 179, 69, 22, 699, 524, 152, 84, 39, 11, 285, 178, 478, 609, 706, 483, 685, 603, 92, 8]","[174, 460, 703, 293, 701, 694, 12, 651, 696, 461, 662, 528, 318, 59, 429, 197]"
11,"[110, 424, 739, 722, 740, 745, 713, 229, 311, 427, 428, 96, 202, 46, 401, 434, 735, 134, 267, 743, 8, 184, 651, 349, 99, 290, 662, 732, 751, 193, 276, 240, 523, 21, 712, 50, 190, 749, 69, 422, 432, 748, 658, 706, 55, 257, 744, 316, 691, 507, 78, 579, 356, 236, 285, 85, 543, 548, 730, 602, 14, 124, 331, 689, 526, 433, 207, 717, 698, 371, 317, 82, 27, 728, 736, 426, 7, 195, 300, 212, 355, 172, 392, 238, 106, 228]","[557, 731, 226, 37, 724, 109, 189, 659, 516, 560, 719, 119, 742, 733, 214, 89, 520, 203, 734, 750, 382, 720, 738, 721, 215, 596, 259, 394, 299, 709, 572, 108, 454, 174, 725, 39, 93, 729, 11, 167, 369, 273, 227, 258, 413, 715, 210, 576, 385, 653, 56, 404, 221, 68, 23, 237, 289, 741, 726, 727, 718, 179, 97, 38, 429, 661, 645, 716, 737, 714, 366, 28, 723, 122, 41, 24, 503, 525, 53, 747, 448, 175, 120, 400, 51, 57, 87, 430, 450, 398, 364, 381, 323, 10, 746]"
12,"[299, 81, 95, 734, 470, 171, 142, 96, 203, 131, 156, 70, 14, 190, 195, 753, 275, 752, 683, 27, 380, 401, 49, 317, 281, 169, 391, 132, 194, 201, 241, 167, 590, 215, 158, 160, 214, 3, 173, 97, 227, 327, 87, 237, 68, 126, 479]","[199, 707, 415, 202]"
13,"[271, 97, 359, 214, 55, 185, 497, 228, 863, 808, 822, 71, 180, 867, 120, 58, 149, 765, 13, 492, 847, 143, 96, 166, 569, 684, 914, 225, 304, 177, 41, 179, 819, 508, 63, 427, 211, 167, 855, 318, 613, 262, 87, 314, 793, 301, 207, 813, 501, 160, 302, 611, 352, 189, 136, 516, 529, 47, 60, 466, 442, 117, 264, 513, 614, 719, 886, 123, 152, 153, 600, 704, 99, 70, 344, 500, 715, 316, 289, 693, 623, 269, 195, 471, 846, 651, 587, 275, 519, 482, 422, 481, 267, 401, 419, 804, 413, 518, 650, 873, 448, 603, 476, 515, 108, 523, 257, 233, 88, 22, 434, 549, 3, 95, 236, 769, 477, 522, 462, 98, 738, 312, 461, 767, 605, 662, 341, 685, 854, 678, 528, 315, 645, 346, 612, 908, 526, 842, 94, 291, 584, 711, 708, 169, 403, 653, 12, 620, 602, 483, 11, 517, 850, 232, 660, 432, 791, 790, 493, 192, 899, 176, 182, 732, 731, 426, 753, 849, 746, 193, 429, 866, 31, 203, 736, 491, 656, 735, 864, 655, 223, 32, 683, 21, 760, 814, 774, 654, 885, 895, 788, 278, 443, 796, 761, 86, 691, 509, 345, 198, 222, 159, 49, 472, 831, 263, 57, 601, 805, 674, 196, 226, 227, 747, 110, 750, 238, 490, 201, 749, 505, 68, 510, 151, 661, 61, 210, 309, 171, 916, 496, 565, 261, 126, 473, 690, 173, 48, 915, 825, 174, 131, 798, 809, 186, 503, 646, 862, 444, 548, 810, 361, 836, 59, 27, 279, 521, 134, 7, 284, 524, 792, 115, 181, 428, 187, 399, 165, 431]","[525, 835, 197, 343, 891, 900, 779, 417, 857, 146, 194, 806, 307, 395, 65, 353, 330, 319, 450, 288, 487, 475, 780, 337, 843, 566, 876, 479, 313, 547, 917, 272, 839, 93, 907, 299, 28, 507, 44, 754, 1, 829, 858, 624, 912, 311, 859, 539, 875, 89, 787, 781, 439, 830, 420, 408, 909, 317, 897, 763, 386, 893, 340, 451, 24, 631, 415, 436, 785, 333, 758, 887, 383, 242, 775, 906, 231, 860, 504, 20, 868, 783, 456, 39, 350, 72, 538, 853, 751, 856, 682, 268, 801, 889, 342, 300, 596, 807, 362, 390, 905, 229, 664, 260, 815, 218, 616, 545, 435, 280, 446, 884, 865, 270, 404, 609, 293, 658, 172, 734, 771, 811, 563, 874, 376, 339, 184, 216, 23, 672, 286, 26, 911, 200, 384, 851, 237, 782, 348, 332, 820, 681, 827, 786, 449, 838, 595, 588, 480, 430, 877, 677, 209, 10, 841, 378, 546, 756, 537, 668, 474, 888, 50, 328, 803, 837, 558, 562, 871, 215, 799, 823, 326, 671, 784, 82, 772, 199, 349, 828, 416, 795, 826, 883, 879, 154, 688, 553, 356, 190, 320, 400, 552, 882, 91, 418, 78, 673, 848, 338, 109, 67, 577, 0, 221, 789, 870, 800, 550, 794, 636, 137, 116, 310, 6, 440, 913, 832, 705, 878, 564, 441, 844, 687, 739, 327, 90, 240, 638, 393, 759, 845, 762, 354, 285, 412, 768, 4, 331, 402, 16, 127, 470, 298, 666, 637, 894, 178, 635, 85, 410, 567, 366, 649, 38, 817, 572, 669, 452, 409, 890, 230, 156, 305, 560, 630, 667, 575, 571, 162, 163, 634, 66, 447, 81, 880, 438, 872, 484, 204, 405, 347, 896, 36, 757, 397, 69, 585, 834, 770, 686, 629, 454, 306, 506, 370, 322, 381, 530, 816, 901, 689, 557, 273, 52, 861, 37, 902, 910, 568, 287, 157, 369, 721, 274, 776, 325, 745, 144, 852, 392, 321, 77, 423, 183, 618, 773, 234, 164, 748, 764, 818, 766, 778, 437, 208, 142, 241, 904, 175, 589, 797, 824, 898, 670, 357, 840, 802, 335, 812, 881, 777, 514, 8, 217, 869, 755, 259, 140, 540, 892, 628, 833, 821, 903, 445, 224]"
14,"[268, 212, 173, 708, 529, 473, 55, 791, 174, 513, 99, 454, 518, 150, 12, 407, 6, 210, 497, 180, 921, 508, 171, 602, 8, 274, 241, 203, 14, 41, 115, 516, 22, 167, 476, 654, 49, 491, 715, 282, 284, 11, 919, 920, 95, 237, 427, 209, 426, 31, 221, 287, 627, 123, 301, 922, 190, 80, 172, 506, 522, 472, 194, 429, 653, 918, 239, 185, 381, 275, 523, 587, 662, 524, 18]","[97, 356, 21, 110, 92, 312, 69, 13, 120, 812, 474, 201, 844, 175, 595, 17, 126, 318, 749, 819, 264, 761, 24]"
15,"[684, 300, 619, 136, 753, 863, 273, 8, 457, 475, 470, 936, 458, 743, 299, 307, 935, 305, 13, 268, 926, 254, 49, 14, 301, 865, 309, 256, 675, 180, 291, 689, 284, 110, 933, 219, 274, 124, 282]","[404, 748, 24, 330, 221, 472, 677, 931, 126, 19, 277, 741, 695, 923, 288, 507, 17, 285, 147, 243, 306, 6, 928, 888, 590, 0, 932, 410, 814, 925, 408, 302, 250, 454, 927, 12, 251, 332, 117, 279, 929, 242, 322, 281, 545, 247, 234, 878, 290, 934, 924, 930, 327, 236, 120, 248, 747, 296, 257, 822, 471, 937, 321, 844, 224]"
16,"[63, 704, 196, 54, 193, 7, 177, 208, 55, 190, 143, 941, 503, 91, 167, 69, 442, 654, 150, 656, 293, 21, 446, 229, 227, 95, 545, 691, 182, 163, 68, 417, 653, 159, 98, 478, 602, 692, 50, 317, 160, 299, 75, 181, 30, 155, 232, 27, 173, 605, 133, 601, 8, 481, 356, 628, 194, 495, 6, 466, 215, 142, 281, 501, 94, 403, 78, 3, 239, 10, 946, 497, 199, 509, 108, 236, 641, 233, 530, 384, 11, 426, 207, 0, 945, 57, 203, 226, 582, 97, 683, 944, 272, 179, 301, 157, 422, 660, 171, 70, 447, 14, 151, 86, 99, 198, 590, 731, 938, 201, 479, 134, 126, 409, 65, 38]","[943, 88, 154, 470, 287, 939, 734, 760, 26, 563, 283, 811, 947, 940, 769, 468, 508, 320, 475, 124, 285, 942, 32, 366]"
17,"[150, 0, 149, 136, 293, 918, 125, 6, 99, 474, 268, 275]","[12, 507, 8, 236, 244, 124, 743, 116, 285, 322, 470, 110, 242, 627, 220, 221]"
18,"[25, 85, 407, 181, 112, 495, 386, 964, 153, 57, 646, 213, 497, 208, 366, 698, 189, 529, 190, 970, 512, 13, 514, 285, 70, 11, 482, 179, 959, 178, 609, 275, 135, 525, 791, 56, 185, 462, 659, 954, 192, 168, 169, 508, 422, 484, 63, 98, 658, 274, 130, 496, 0, 96, 223, 125, 161, 69, 478, 12, 317, 608, 522, 431, 922, 513, 486, 526, 920, 662, 403, 5, 653, 64, 78, 59, 734, 415, 44, 286, 318, 519, 152, 210, 60, 429, 164, 518, 473, 8, 479, 638, 165, 131, 587, 434, 212, 503, 581, 477, 460, 97, 282, 804, 708, 94, 612, 284, 133, 237, 735, 413, 752, 548, 196, 481, 426, 22, 613, 488, 527, 188, 630, 222, 220, 268, 207, 491, 174, 962, 528, 955, 142, 21, 209, 58, 51, 715, 713, 215, 47, 136, 515, 241, 855, 99, 509, 957, 511, 7, 632, 523, 492, 173, 611, 211, 603, 14, 49, 141, 186, 380, 55, 82, 961, 132, 316, 115, 126, 723, 356]","[442, 949, 201, 728, 862, 493, 198, 606, 195, 953, 68, 487, 601, 629, 963, 81, 738, 461, 24, 88, 193, 180, 777, 731, 969, 194, 184, 214, 236, 187, 46, 427, 691, 967, 392, 628, 952, 18, 965, 450, 774, 134, 240, 793, 150, 151, 233, 704, 960, 761, 402, 844, 377, 475, 3, 167, 485, 950, 401, 90, 283, 948, 199, 971, 93, 706, 780, 424, 41, 176, 197, 972, 235, 65, 156, 124, 707, 648, 968, 626, 385, 746, 433, 410, 177, 703, 516, 701, 956, 736, 110, 203, 80, 602, 381, 391, 71, 418, 87, 417, 31, 171, 27, 958, 951, 966]"
19,"[3, 434, 152, 309, 257, 318, 886, 210, 324, 201, 7]","[654, 312, 691, 381, 200, 287, 209, 267, 293]"
20,"[117, 677, 741, 251, 567, 86, 587, 180, 933, 209, 173, 147, 273, 495, 632, 322, 21, 242, 81, 14]","[287, 207, 10, 175, 185, 171, 193, 404, 0, 68, 596, 930, 94, 120, 143, 97, 497, 865, 422, 93, 762, 819, 356, 150, 377, 142, 49, 203]"
21,"[557, 128, 446, 163, 323, 97, 183, 297, 217, 55, 218, 233, 324, 843, 874, 670, 325, 99, 447, 257, 451, 122, 16, 200, 674, 239, 435, 300, 853, 243, 442, 261, 992, 199, 6, 184, 636, 852, 655, 634, 14, 126, 329, 407, 8, 52, 272, 0]","[369, 221, 439, 947, 102, 298, 456, 595, 838, 589, 927, 741, 444, 294, 981, 438, 677, 423, 105, 287, 994, 669, 590, 568, 216, 973, 291, 773, 772, 819, 120, 757, 859, 564, 594, 686, 117, 440, 833, 858, 664, 716, 984, 976, 667, 695, 244, 929, 318, 327, 687, 472, 241, 293, 815, 290, 978, 147, 395, 740, 326, 930, 319, 705, 550, 766, 452, 262, 562, 566, 871, 679, 546, 321, 877, 299, 673, 668, 412, 975, 260, 747, 405, 280, 988, 759, 558, 242, 873, 924, 983, 987, 144, 288, 560, 980, 4, 991, 437, 572, 977, 816, 258, 563, 378, 982, 436, 49, 799, 443, 993, 974, 259, 357, 768, 627, 985, 979, 618, 989, 872, 263, 320, 876, 990, 671, 986, 285, 857, 875, 322]"
22,"[127, 79, 257, 509, 78, 510, 226, 172, 398, 185, 95, 116, 402, 998, 501, 434, 175, 221, 549, 392, 647, 117, 691, 225, 237, 454, 357, 207, 171, 229, 152, 153, 193, 194, 167, 203, 650, 186, 514, 84, 450, 839, 430, 201, 215, 183, 174, 23, 108, 522, 20, 200, 567, 180, 16, 143, 160, 711, 289, 429, 88, 227, 731, 3, 126, 61, 249, 49, 208, 525, 173, 384, 791, 67]","[376, 375, 240, 790, 432, 686, 455, 293, 779, 28, 682, 120, 947, 109, 385, 553, 406, 877, 996, 1000, 410, 870, 664, 52, 995, 931, 166, 861, 104, 230, 366, 448, 987, 1002, 210, 93, 635, 683, 228, 545, 162, 1001, 999, 565, 1, 687, 383, 209, 925, 404, 997, 730, 264, 232]"
23,"[384, 257, 462, 380, 171, 169, 403, 527, 510, 515, 82, 482, 227, 420, 176, 704, 98, 404, 503, 379, 426, 12, 208, 97, 517, 132, 221, 237, 511, 268, 188, 0, 526, 709, 49, 94, 407, 628, 174, 13, 123, 131, 274, 960, 587, 529, 99, 651, 282, 855, 432, 417, 6, 385, 202, 223, 184, 229, 78, 431, 90, 249, 173, 133, 18, 210, 130, 54, 7, 478, 193, 95, 540, 693, 712, 215, 152, 170, 521, 366, 194, 55, 58, 88, 115, 180, 602, 918, 172]","[322, 195, 1005, 212, 182, 214, 87, 89, 27, 187, 314, 256, 31, 418, 661, 228, 548, 1004, 738, 746, 70, 190, 142, 218, 545, 69, 356, 108, 596, 201, 293, 413, 81, 779, 150, 160, 471, 154, 144, 155, 203, 101, 213, 143, 216, 161, 654, 525, 61, 233, 234, 678, 1003, 153, 422, 450, 641, 448, 386, 175, 72, 226]"
24,"[63, 190, 762, 152, 426, 741, 371, 661, 507, 24, 476, 274, 177, 285, 257, 317, 55, 215, 99, 474, 8, 116, 126, 248, 299, 54, 237, 179, 68, 175, 728, 420, 7, 581, 10, 40, 172, 236, 356, 199, 78, 11, 91, 97, 70, 401, 654, 222, 6, 1006, 96, 517, 275, 150, 323]","[366, 128, 293, 108, 357, 485, 726, 288, 918, 287, 131, 698, 57]"
25,"[180, 356, 221, 256, 207, 24, 257, 614, 227, 728, 477, 173, 476, 741, 497, 454, 479, 268, 150, 188, 237, 49, 7, 168, 12, 426, 238, 113, 632, 274, 140, 478, 654, 473, 194, 264, 967, 185, 115, 567, 836, 130, 494, 462, 182, 603, 97, 22, 928, 429, 172, 0, 407, 418, 120, 133, 526, 203, 78, 611, 124, 6, 81, 691, 656, 85, 175]","[500, 126, 134, 519, 968, 196, 431, 142, 403, 132, 176]"
26,"[124, 14, 268, 8, 99, 126, 299, 128, 275, 749, 303, 245, 125, 180, 301, 1011, 49, 312, 750, 514, 935, 281, 287]","[257, 929, 1014, 684, 234, 24, 454, 1015, 256, 6, 285, 320, 863, 507, 342, 870, 314, 116, 236, 596, 291, 475, 254, 978, 409, 321, 332, 239, 149, 293, 12, 741, 1007, 925, 1008, 412, 0, 315, 150, 1013, 627, 830, 23, 13, 545, 404, 457, 117, 747, 221, 108, 1010, 120, 590, 110, 115, 455, 273, 147, 814, 839, 249, 248, 282, 251, 677, 840, 474, 368, 297, 270, 290, 283, 292, 759, 470, 1012, 327, 1009, 247, 322, 682, 844, 121]"
27,"[297, 120, 369, 245, 514, 99, 8, 1016, 122]","[741, 595, 924, 280, 977, 474, 507, 294, 324, 49, 285, 243, 147, 117, 287, 929]"
28,"[208, 78, 97, 6, 379, 233, 49, 11, 894, 183, 281, 479, 99, 173, 142, 270, 227, 221, 567, 478, 645, 88, 222, 69, 435, 799, 257, 442, 10, 163, 669, 194, 55, 226, 175, 428, 116, 27, 287, 184, 572, 229, 95, 447, 30, 218, 566, 195, 528, 433]","[200, 216, 94, 172, 152, 440, 217, 293, 677, 144, 422, 449, 664, 858, 322, 199, 448, 608, 285, 759, 321, 331, 446, 228, 4, 671, 443, 587, 602]"
29,"[188, 331, 1017, 97, 258, 269, 268, 873, 301, 293, 285, 479, 660, 78, 181, 267, 11, 311, 1018, 179, 305, 656, 302]","[244, 538, 747, 688, 357, 677, 342, 299, 878, 263, 325]"
30,"[434, 81, 180, 1006, 254, 285, 27, 293, 537, 530, 300, 6, 241, 257, 258, 303, 171, 891, 173, 314, 320, 312, 256, 160, 163, 134, 779, 68, 318]","[538, 288, 677, 687, 230, 1012, 1, 872, 49, 682, 251, 750, 402, 28]"
31,"[483, 301, 134, 704, 503, 497, 492, 320, 513, 123, 31, 174, 489, 874, 318, 298, 135, 261, 270, 810, 152, 518, 1021, 1018, 610, 191]","[885, 681, 78, 339, 267, 327, 1020, 1019, 302, 305]"
32,"[1011, 248, 275, 249, 245, 256, 507, 287, 474, 247, 312, 404, 297, 267, 6, 627, 49, 180]","[293, 289, 150, 590, 116, 99, 117, 121, 865, 1015, 244, 234, 258, 221, 239, 1022, 270, 8, 741, 306, 110, 454, 407]"
33,"[327, 342, 257, 312, 291, 332, 750, 681, 677, 259, 347, 322, 270, 328, 287, 299]","[871, 306, 894, 244, 293, 878, 338, 879]"
34,"[311, 241, 689, 309, 298, 244, 331, 328, 285, 1023, 323, 291, 989, 897, 898, 990]","[258, 293, 288, 287]"
35,"[258, 679, 331, 878, 936, 332, 747, 299]","[242, 1024, 241, 876, 321, 260, 880, 677, 357, 327, 257, 875, 326, 325, 263, 265, 320]"
36,"[338, 747, 306, 882, 881, 884, 309, 357, 332, 287, 1025, 877, 260]","[318, 681, 268, 267, 288, 874, 872]"
37,"[287, 402, 116, 182, 55, 78, 23, 160, 21, 596, 194, 10, 175, 947, 264, 67, 88, 549, 26, 126, 91, 173, 565, 49, 95, 384, 404, 171, 832, 229, 209, 6, 232, 225, 61]","[539, 54, 684, 221, 362, 664, 81, 272, 824, 146, 117, 230, 545, 840, 826, 929, 1026, 577, 830, 471, 567, 120]"
38,"[94, 327, 152, 160, 678, 464, 215, 1029, 383, 422, 391, 779, 98, 719, 66, 388, 392, 224, 1013, 70, 403, 93, 0, 117, 81, 251, 915, 139, 418, 27, 21, 87, 233, 111, 199, 68, 680, 741, 83, 69, 96, 401, 587, 1032, 1034, 246, 312, 1035, 417, 404, 451, 154, 408, 1030, 77, 143, 500, 287, 325, 293, 1027, 1015, 34, 450, 672, 432, 1031, 161, 1036, 767, 626, 677, 446, 419]","[757, 572, 138, 431, 671, 837, 507, 402, 121, 317, 443, 615, 449, 382, 217, 256, 144, 210, 78, 225, 1033, 549, 132, 423, 525, 444, 126, 187, 104, 355, 394, 258, 589, 201, 400, 410, 716, 399, 409, 242, 636, 405, 939, 184, 1028, 412, 194]"
39,"[314, 351, 257, 332, 346, 312, 936, 269, 268, 747, 293, 287, 301, 318]","[899, 344, 305, 299, 306, 271, 338, 300]"
40,"[267, 753, 302, 332, 344, 293, 336, 304, 895, 320, 241]","[879, 257, 339, 270, 242, 346, 749, 268, 285, 244, 878, 269, 315, 271, 309, 875, 258, 327, 299, 357, 1037, 342, 345, 301]"
41,"[27, 485, 750, 169, 97, 68, 99, 173, 152, 0, 208, 180, 285, 473, 317, 174, 194, 413, 187, 515, 429, 167, 356, 237, 55, 95, 151, 179, 968, 172, 155, 513, 49, 190, 204, 134]","[264, 30, 312, 745, 434, 422, 517, 288, 195, 201, 215, 96, 57, 275, 1038, 193]"
42,"[422, 95, 273, 587, 1027, 97, 684, 194, 184, 68, 683, 602, 1040, 120, 142, 47, 998, 101, 209, 784, 404, 844, 780, 379, 356, 203, 403, 141, 691, 98, 1050, 221, 924, 567, 210, 11, 81, 87, 27, 938, 417, 1043, 735, 182, 78, 233, 279, 731, 195, 171, 193, 495, 214, 741, 565, 62, 117, 478, 215, 94, 229, 76, 865, 0, 370, 1046, 426, 14, 468, 228, 172, 82, 384, 227, 53, 755, 719, 933, 57, 124, 160, 201, 470, 236, 500, 401, 418, 65, 202, 134, 63, 467, 238, 522, 226, 293, 368, 150, 317, 49, 70, 940, 968, 131, 180, 173, 72, 1, 754, 281, 135, 734, 410, 86, 590]","[402, 793, 545, 43, 624, 952, 175, 605, 455, 505, 745, 69, 1042, 520, 130, 280, 450, 24, 264, 366, 1039, 408, 427, 1044, 833, 431, 976, 71, 1048, 409, 412, 275, 386, 289, 678, 728, 1041, 442, 581, 42, 174, 218, 923, 626, 282, 461, 37, 925, 466, 283, 272, 490, 659, 1045, 96, 558, 85, 654, 594, 1047, 825, 110, 1049, 140, 167, 657, 432, 102]"
43,"[136, 814, 119, 202, 4, 203, 150, 51, 63, 65, 283, 25, 552, 113, 327, 285, 497, 14, 381, 402, 6, 215, 723, 370, 240, 116, 297, 500, 299, 335, 422, 317, 288, 865, 315, 846, 314, 647, 117, 392, 485, 160, 274, 49, 0, 48, 515, 945, 530, 251, 965, 209, 404, 97, 704, 152, 94, 401, 190, 683, 180, 567, 10, 691, 271, 172, 284, 214, 55, 731, 878, 154, 236, 70, 301, 210, 87, 741, 384, 289, 495, 188, 24, 81, 312, 110, 268, 407, 1034, 96, 230, 195, 478, 139, 132, 85, 734, 777, 171, 659, 78, 8, 275, 311, 587, 481, 968, 27, 300, 173, 11, 490, 746, 293, 167, 247, 7, 417, 68, 698, 366, 120, 624, 257, 728, 353, 221, 123, 168, 69, 545, 207, 256, 99, 126, 101, 844, 3, 273, 143, 72, 142, 730, 201, 590]","[13, 322, 39, 1056, 630, 819, 943, 234, 930, 224, 1052, 237, 992, 596, 53, 320, 46, 595, 791, 62, 431, 16, 950, 90, 955, 174, 750, 270, 470, 408, 627, 76, 949, 50, 277, 282, 1053, 290, 755, 938, 1046, 1022, 216, 1047, 346, 2, 316, 558, 279, 784, 1055, 685, 249, 780, 1051, 565, 472, 549, 185, 538, 580, 130, 410, 925, 57, 121, 541, 754, 420, 276, 1054, 579, 225, 253, 891, 122]"
44,"[194, 293, 659, 448, 442, 257, 14, 239, 94, 207, 249, 119, 122, 529, 173, 256, 602, 201, 152, 54, 227, 237, 316, 81, 226, 167, 184, 8, 208, 147, 1057, 4, 473, 433, 190, 587, 163, 213, 95, 432, 356, 203, 273, 146, 244, 175, 160, 142, 0, 590, 199, 134, 131, 379, 99, 248, 80, 428, 68, 312, 120, 210, 422, 88, 259, 195, 98, 63, 162, 495, 6, 221, 196, 143, 635, 479, 446, 132, 193, 49, 519, 156, 327, 86, 418, 522, 171, 21, 317, 174, 172, 150, 431, 189, 180, 30, 182, 197, 306]","[643, 506, 229, 55, 664, 87, 10, 154, 541, 105, 754, 236, 251, 716, 117, 90, 384, 377, 215, 192, 469, 20, 411, 228, 945, 97, 158, 24, 447, 23, 677, 70, 230, 449, 736, 870, 404, 89, 654, 630, 66, 297, 101, 552, 426, 108, 755, 624, 200, 632, 96, 691]"
45,"[24, 108, 117, 126, 120, 275, 14, 99, 236, 951, 0, 107, 822, 224, 761, 819, 49, 12, 256, 281, 110, 741, 283, 844, 180, 763, 992]","[762, 472, 471, 1060, 475, 20, 1059, 933, 755, 595, 410, 287, 596, 1058, 1000, 6, 150, 925, 277, 23, 825]"
46,"[689, 332, 1061, 126, 312, 327, 150, 180, 1023, 326, 6, 908, 124, 49, 99, 304, 331, 92, 747, 285, 261]","[306, 287, 537, 293, 244, 299]"
47,"[339, 320, 301, 291, 267, 305, 326, 268, 257, 288, 300, 306, 302, 304, 261]","[323, 994, 322, 682, 287, 873, 321, 303, 285, 1021]"
48,"[608, 173, 258, 689, 307, 602, 660, 186, 49, 653, 201, 422, 510, 305, 169, 426, 194, 131, 171, 655, 180, 646, 482, 479, 1063, 495, 527, 182, 522, 184, 208, 190, 97, 478, 526, 135, 193, 356, 528, 214, 301, 427]","[679, 308, 209, 521, 987, 265, 432, 27, 285, 70, 227, 424, 1064, 518, 293, 268, 288, 55, 523, 322, 1062, 242, 649, 192]"
49,"[301, 46, 546, 6, 333, 740, 237, 52, 167, 55, 627, 150, 115, 656, 513, 587, 174, 184, 54, 517, 385, 345, 582, 99, 178, 90, 1079, 419, 41, 432, 418, 261, 97, 1020, 56, 323, 170, 427, 395, 286, 319, 431, 92, 371, 918, 208, 1076, 651, 288, 788, 98, 207, 255, 1072, 11, 153, 474]","[558, 958, 1002, 994, 67, 624, 580, 37, 16, 48, 147, 757, 472, 101, 694, 9, 925, 545, 530, 311, 0, 172, 568, 731, 116, 71, 720, 39, 368, 312, 212, 589, 128, 2, 257, 417, 346, 820, 324, 298, 475, 201, 121, 593, 51, 100, 142, 1077, 405, 230, 289, 1008, 712, 507, 736, 1075, 461, 422, 541, 110, 94, 122, 400, 342, 773, 171, 1081, 10, 1067, 930, 203, 384, 877, 107, 293, 38, 997, 69, 737, 1069, 412, 267, 218, 1065, 217, 560, 1027, 927, 144, 81, 626, 381, 158, 1017, 1071, 79, 691, 12, 945, 639, 89, 697, 95, 556, 1082, 49, 70, 1070, 402, 1066, 216, 269, 357, 500, 1078, 1073, 24, 239, 996, 1080, 76, 180, 84, 1035, 238, 181, 7, 160, 1074, 724, 327, 1016, 454, 464, 53, 819, 3, 61, 716, 366, 300, 146, 576, 199, 282, 701, 173, 476, 224, 903, 714, 234, 403, 1068, 299, 812, 120, 1]"
50,"[252, 474, 1083, 8, 122, 507, 287, 318, 323, 1007, 1009, 267, 543, 546]","[245, 822, 285, 124, 324, 275, 14, 326, 123, 99]"
51,"[131, 63, 495, 82, 202, 172, 209, 135, 143, 171, 49, 180]","[181, 147, 678, 484, 602, 478, 183, 654, 133, 691, 704]"
52,"[94, 1085, 1008, 747, 497, 404, 115, 656, 286, 530, 14, 844, 426, 92, 274, 741, 474, 470, 21, 120, 116, 203, 587, 236, 12, 150, 814, 110, 18, 1010, 125, 284, 257, 526, 462, 472, 740, 317, 24, 106, 918, 99, 301, 1084, 332, 281, 276, 190, 6]","[279, 249, 256, 234, 863, 761, 287]"
53,"[280, 173, 99, 180, 198, 257, 120, 63, 567, 117, 545, 95, 627, 1086, 256, 150, 24, 49, 155, 14]","[23, 844, 923, 227, 249, 747, 6, 283]"
54,"[741, 301, 675, 297, 267, 312, 275, 326, 332, 1015, 120, 236, 146, 256, 126, 272, 747, 257, 259, 740, 870, 410, 49, 474, 117, 271, 339, 6, 24, 470, 0, 180, 287, 327, 306, 99, 345, 116, 239, 244, 249, 404]","[105, 594, 684, 819, 324, 1011, 405, 596, 826, 1087, 828, 23, 290, 929, 294, 545, 254, 337, 150, 251, 633, 822, 147]"
55,"[143, 55, 88, 272, 180, 117, 78, 21, 49, 173]","[1088, 1015, 677, 253, 684, 404, 256, 596, 116, 120, 6]"
56,"[120, 70, 448, 1046, 90, 221, 446, 183, 171, 796, 68, 214, 229, 193, 173, 238, 78, 567, 425, 0, 30, 97, 81, 93, 117, 218, 94, 691, 180, 95, 72, 745, 55, 188, 814, 432, 194, 200, 215, 293, 201, 768, 587, 69, 391, 431, 43, 746, 257, 24, 168, 553, 6, 163, 401, 63, 150, 780, 482, 402, 422, 182, 199, 549, 398, 233, 209, 231, 1034, 116, 190, 10, 172, 407, 522, 945, 777, 175, 225, 41, 654, 264, 152, 442, 372, 143, 88, 384, 203, 21, 731, 595, 299, 86, 61, 1027, 236, 420, 440, 279, 409, 49, 113, 160, 558, 677, 237, 297, 635, 192, 392, 404, 27, 747]","[754, 545, 868, 449, 195, 234, 584, 67, 28, 596, 62, 1089, 142, 367, 227, 622, 185, 178, 50, 390, 382, 434, 760, 230, 737, 37, 1035, 848, 992, 121, 714, 450, 167, 89, 734, 1091, 727, 76, 371, 719, 157, 375, 87, 861, 793, 110, 77, 819, 322, 385, 66, 153, 96, 1056, 52, 394, 472, 968, 500, 226, 232, 228, 577, 166, 224, 929, 1090, 280, 1073, 294, 870, 65, 574]"
57,"[303, 78, 27, 203, 1046, 408, 743, 587, 293, 281, 172, 236, 6, 247, 410, 99, 280, 221, 198, 320, 110, 244, 832, 63, 762, 248, 317, 747, 108, 180, 404, 545, 294, 7, 41, 495, 287, 257, 470, 193, 116, 844, 987, 476, 14, 49, 1015, 0, 256, 716, 120]","[418, 681, 242, 759, 755, 925, 830, 863, 249, 1058, 824, 251, 1092, 55, 865, 409, 1027, 1093, 974, 843, 1070, 150, 1010, 475, 1094, 263, 224, 270, 596, 455, 931, 297, 124, 10, 23, 125, 1095, 819, 870, 283, 709, 825, 1072, 104, 471, 239, 677, 472, 1000, 474, 929, 322, 194, 167, 143]"
58,"[143, 1097, 8, 172, 708, 99, 267, 108, 283, 959, 271, 44, 474, 41, 1096, 221, 247, 7, 849, 339, 1105, 155, 236, 245, 424, 567, 812, 203, 181, 239, 274, 653, 63, 1018, 60, 227, 683, 489, 380, 256, 922, 49, 482, 149, 954, 122, 557, 194, 1102, 310, 407, 31, 175, 123, 10, 644, 432, 513, 299, 1100, 309, 651, 170, 171, 174, 69, 208, 115, 639, 1011, 268, 473, 126, 11, 510, 254, 24, 212, 650, 134, 248, 654, 97, 198, 461, 602, 1083, 772, 366, 209, 168, 152, 312, 110, 1069, 136, 0, 173, 133, 202, 490, 190, 55, 729, 222, 6, 167, 583, 237]","[1098, 213, 1099, 346, 662, 479, 19, 1103, 192, 1068, 282, 949, 545, 68, 1101, 197, 317, 215, 12, 88, 119, 193, 495, 691, 500, 184, 740, 1104, 462, 731, 511, 188, 1088, 1047, 1005, 496, 150, 180, 404, 1062, 120, 1007, 353, 822, 199]"
59,"[195, 22, 714, 91, 322, 176, 76, 53, 1106, 428, 582, 549, 214, 432, 495, 11, 169, 286, 854, 662, 701, 237, 1116, 120, 548, 12, 46, 9, 131, 317, 380, 558, 229, 126, 420, 384, 723, 240, 13, 663, 1008, 971, 568, 6, 99, 207, 927, 125, 133, 187, 47, 569, 24, 64, 381, 174, 140, 515, 738, 708, 659, 561, 1064, 567, 1112, 194, 734, 447, 168, 201, 130, 44, 822, 824, 489, 117, 430, 526, 639, 845, 505, 707, 427, 1109, 728, 527, 446, 185, 171, 81, 17, 108, 97, 199, 38, 366, 217, 520, 698, 49, 202, 208, 100, 426, 581, 763, 203, 512, 182, 565, 510, 172, 63, 669, 1004, 844, 82, 962, 50, 918, 434, 55, 200, 8, 275, 780, 215, 58, 605, 21, 1020, 98, 2, 614, 54, 356, 482, 769, 209, 674, 641, 110, 712, 442, 646, 431, 422, 507, 51, 175, 488, 148, 1118, 672, 134, 740, 461, 402, 10, 180, 173, 761, 167, 513, 60, 233, 650, 609, 974, 483, 497, 210, 225, 746, 435, 528, 78, 1100, 146, 649, 43, 57, 136, 287, 580, 745, 648, 490, 86, 653, 617, 656, 198, 522, 754, 183, 478, 96, 105, 502, 473, 671, 312, 678, 179, 788, 184, 615, 370, 197, 1047, 211, 583, 429, 190, 735, 457, 320, 899, 401, 178, 196, 1110, 621, 95, 509, 704, 186, 189, 276, 503, 31, 590, 791, 643, 424, 227, 14, 465, 654, 479, 450, 150, 88, 68, 264, 181, 602, 218, 41, 29, 59, 619, 514, 1073, 433, 1092, 192, 518, 958, 23, 284, 491, 566, 525, 80, 115, 657, 607, 72, 504, 506, 52, 27, 128, 3, 516, 90, 952, 1113]","[467, 950, 741, 484, 234, 417, 386, 147, 709, 285, 603, 469, 587, 69, 930, 404, 1108, 487, 1115, 870, 257, 228, 759, 1046, 925, 101, 500, 124, 135, 658, 691, 610, 973, 472, 608, 716, 596, 94, 139, 418, 1027, 475, 546, 1107, 865, 70, 1117, 141, 624, 273, 563, 32, 731, 226, 706, 755, 611, 403, 204, 231, 122, 283, 160, 415, 1049, 193, 409, 476, 219, 392, 594, 0, 236, 1114, 464, 773, 368, 683, 239, 132, 686, 632, 661, 289, 471, 524, 1111, 523, 928, 67, 379, 945, 89, 968, 726, 142, 1119, 391, 85, 242, 601, 272]"
60,"[426, 59, 429, 161, 207, 1020, 524, 221, 603, 46, 1019, 78, 698, 178, 473, 507, 177, 171, 182, 489, 809, 151, 150, 27, 513, 1125, 484, 497, 1123, 632, 271, 670, 175, 193, 501, 728, 488, 185, 479, 659, 492, 97, 217, 419, 162, 60, 87, 510, 672, 522, 131, 491, 612, 179, 215, 658, 196, 637, 12, 199, 160, 557, 506, 63, 504, 415, 233, 55, 605, 416, 76, 528, 198, 1122, 442, 841, 523, 592, 365, 660, 180, 120, 143, 194, 384, 664, 209, 509, 173, 356, 493, 734, 434, 607, 172, 432, 404, 834, 58, 581, 94, 735, 228, 505, 159, 211, 167, 514, 490, 11, 165, 636, 72, 29, 184, 527, 601, 326, 649, 204, 264, 640, 428, 545, 274, 49, 798, 210, 704, 68, 229, 481, 433, 674, 226, 683, 6, 203, 214, 8, 392, 135, 744, 69, 377, 754, 285, 512, 1124, 1059, 707, 614, 444, 478, 88, 616, 95, 130, 208, 22, 655, 133, 516, 483, 236, 653, 495, 1121, 132, 174, 602, 422, 518, 591, 482, 227, 14, 600, 134]","[402, 615, 750, 70, 206, 81, 604, 142, 20, 494, 498, 137, 477, 617, 1120, 96, 127, 7, 1049, 152, 417, 608, 403, 628, 410, 224, 500, 140, 418]"
61,"[327, 1126, 346, 303, 257, 299, 309]","[677, 322, 689, 341, 330, 242, 326, 747, 332, 270, 268, 750, 293, 300]"
62,"[497, 64, 711, 11, 1015, 181, 58, 432, 131, 113, 257, 1072, 23, 463, 3, 134, 715, 472, 420, 95, 526, 7, 88, 855, 152, 297, 305, 99, 954, 182, 172, 178, 120, 208, 234, 696, 474, 507, 317, 212, 175, 179, 663, 1073, 124, 659, 180, 19, 163, 215, 167, 13, 161, 54, 46, 8, 249, 272, 55, 874, 49, 511, 1008, 90, 237, 173, 282, 221, 82, 194, 97, 650, 402, 958, 195, 482, 356, 198, 581, 379, 462, 520, 1128, 948, 698, 126, 12, 80, 70, 209, 473, 651, 68, 81, 1129, 170, 189, 510, 133, 171, 21, 1132, 545, 508, 75, 6, 274, 116, 284, 275, 190, 527, 150, 63]","[256, 381, 20, 67, 664, 85, 301, 287, 110, 364, 137, 400, 442, 1117, 558, 27, 156, 280, 701, 684, 1106, 826, 293, 1059, 1135, 773, 77, 1127, 32, 146, 154, 117, 231, 224, 844, 814, 248, 1130, 226, 741, 285, 422, 447, 540, 327, 1011, 2, 513, 461, 228, 269, 227, 762, 920, 709, 187, 865, 229, 430, 251, 604, 743, 240, 553, 69, 654, 0, 435, 714, 728, 471, 1133, 1090, 43, 1131, 1017, 96, 289, 169, 52, 128, 567, 386, 158, 61, 404, 127, 722, 596, 568, 401, 1076, 143, 244, 1134, 675, 707, 951, 270, 703, 1027, 454, 465, 450, 738, 203, 236, 216, 206, 166, 71, 672, 930, 115, 746, 14, 214, 923]"
63,"[276, 99, 1006, 49, 149, 108, 250, 300, 249, 12, 299, 407, 507, 115, 1136, 1008, 254, 474, 332, 404, 223, 285, 24, 812, 747, 275, 13, 261, 136, 282, 9]","[241, 1066, 288, 761, 19, 1027, 221, 840, 236, 245, 947, 5, 110, 287, 322, 1007, 1010, 677, 951, 411, 978, 105, 327, 267, 923, 305, 224, 125, 928, 257, 107, 14, 1011, 740, 675, 545, 590, 281, 827, 301, 1009, 324, 479, 712, 595, 472, 283, 286, 0, 320, 78, 1137, 258, 2, 268, 256, 284, 321, 992, 293, 180, 120]"
64,"[380, 735, 515, 159, 175, 683, 777, 526, 186, 514, 958, 1132, 99, 704, 210, 428, 221, 7, 55, 172, 180, 283, 635, 317, 446, 6, 215, 581, 228, 201, 63, 237, 8, 1140, 366, 155, 214, 745, 632, 0, 661, 68, 71, 94, 95, 11, 198, 174, 402, 69, 384, 229, 153, 156, 167, 80, 208, 312, 142, 264, 49, 21, 567, 10, 309, 474, 510, 435, 430, 190, 181, 178, 182, 202, 268, 194, 236, 587, 424, 195, 422, 189, 519, 187, 134, 339, 193, 433, 90, 287, 234, 184, 30, 97, 140, 227, 126, 185, 110, 131, 86, 78, 654, 27, 717, 173, 47, 233, 462, 590, 274, 388, 9, 171, 918, 434, 495, 731, 650, 502, 183]","[391, 1062, 432, 92, 332, 76, 1, 230, 238, 730, 82, 419, 239, 897, 37, 1138, 216, 150, 160, 878, 16, 70, 662, 211, 475, 565, 57, 450, 508, 538, 61, 213, 231, 310, 3, 51, 124, 299, 404, 846, 31, 96, 161, 767, 602, 81, 226, 678, 747, 568, 217, 968, 143, 120, 1139, 209, 651, 545, 530, 100, 383, 272, 649, 558, 418, 152, 88, 270, 750, 624, 325, 479, 257, 1064, 355, 240, 692, 346, 196]"
65,"[805, 124, 1141, 195, 201, 675, 96, 1128, 120, 426, 190, 196, 209, 317, 134, 660, 525, 327, 238, 47, 210, 735, 434, 428, 215, 377, 955, 392, 49, 659, 184, 293, 167, 650, 513, 777, 27, 734, 87, 14, 422, 214, 72, 97, 401, 86, 654, 510, 530, 355, 63, 24, 110, 236, 470, 76, 193, 8, 391, 177]","[46, 99, 55, 69, 172, 581, 6, 64, 364, 254, 257, 62, 237, 178, 475, 68, 1043, 0, 1040, 65]"
66,"[297, 257, 180, 248, 470, 279, 741, 287, 280, 740, 126, 247, 507, 49, 293, 236, 762, 534, 8, 299]","[876, 0, 6, 116, 596, 14, 474, 20, 23, 404, 120, 294, 285, 824, 283, 281, 256, 1015]"
67,"[63, 1094, 239, 404, 120, 1092, 150, 742, 275, 471, 6, 832, 122, 24, 23, 104, 124, 272, 116]","[146, 0, 826, 121, 870, 545, 1051, 234, 411, 755, 1046]"
68,"[116, 236, 177, 1027, 287, 49, 257, 285, 474, 24, 274, 8, 275, 126, 180]","[741, 6, 117, 410, 404, 244, 1046, 281, 470, 124, 457, 408, 110, 120, 1088, 595, 762, 712, 925]"
69,"[255, 267, 173, 11, 257, 55, 1016, 1133, 8, 47, 1142, 150, 149, 99, 320, 507, 122, 1141, 41, 885, 245, 180, 235, 97, 49, 264, 6, 297, 288, 181, 1143, 233, 196, 301, 123, 116, 287, 171, 78]","[239, 426, 299, 174, 108, 688, 590, 747, 332, 128, 146, 234, 762, 281, 474, 244, 272, 306, 741, 293, 236, 878, 1015, 333, 221, 627]"
70,"[216, 398, 418, 81, 209, 49, 422, 201, 264, 151, 750, 175, 526, 227, 297, 1064, 587, 127, 47, 88, 168, 196, 188, 481, 184, 95, 510, 68, 192, 185, 180, 495, 402, 482, 23, 7, 299, 82, 312, 392, 167, 182, 94, 131, 207, 229, 98, 172, 27, 403, 263, 500, 134, 173, 407, 142, 87, 506, 221, 450, 654, 342, 256, 78, 0, 171]","[745, 430, 1132, 583, 416, 70, 150, 259, 545, 471, 382, 210, 397, 1034, 541, 120, 138, 431, 108, 337, 761, 205, 190, 624, 174, 404, 149, 213, 160, 1145, 575, 230, 449, 553, 203, 567, 410, 428, 224, 596, 141, 288, 100, 537, 14, 754, 62, 228, 472, 819, 683, 595, 677, 90, 558, 1144, 738, 992, 448, 945, 417, 1029, 226, 379, 93]"
71,"[88, 345, 461, 474, 55, 922, 275, 64, 134, 63, 256, 174, 196, 356, 13, 428, 743, 513, 285, 51, 167, 152, 97, 99]","[133, 284, 221, 288, 150, 49, 153, 247, 180, 281, 173, 176, 301, 5]"
72,"[194, 47, 181, 865, 567, 233, 195, 27, 426, 529, 527, 225, 128, 526, 78, 381, 203, 602, 63, 565, 44, 11, 69, 514, 434, 209, 123, 643, 519, 264, 508, 503, 355, 422, 126, 176, 479, 99, 580, 95, 356, 160, 483, 179, 478, 86, 549, 134, 116, 50, 317, 146, 133, 524, 211, 581, 14, 8, 627, 193, 240, 654, 76, 590, 173, 475, 97, 24, 96, 520, 186, 470, 684, 55, 1146, 4, 465, 68, 401, 971, 232, 552, 683, 190, 525, 492, 187, 653, 641, 1147, 1050, 517, 57, 707, 0, 197, 214, 196, 105, 769, 22, 843, 648]","[678, 1109, 53, 698, 88, 175, 81, 67, 180, 202, 120, 171, 229, 37, 6, 442, 228, 117, 663, 219, 227, 1, 404, 169, 460, 791, 646, 379, 221, 49, 270, 236, 80, 402]"
73,"[479, 656, 55, 356, 11, 474, 126, 473, 1148, 195, 6, 285, 478, 155, 99, 179, 88, 1072, 80, 317, 517, 172, 58, 134, 268, 31, 170, 271, 63, 381, 178, 153, 212, 174, 659, 432, 186, 196, 182, 284, 128, 187, 513]","[205, 93, 587, 201, 27, 47, 506, 922, 287, 270, 649, 254, 288, 152, 151, 747, 0, 267, 81, 682, 893, 95, 245]"
74,"[271, 325, 8, 236, 14, 99, 120, 332, 312, 327, 257, 6, 293, 689, 275, 12, 339, 301, 306, 507, 314, 330]","[287, 284, 125, 1083, 149, 136, 300, 128, 323, 123, 353, 350, 538, 244, 267, 299, 357]"
75,"[120, 1016, 495, 695, 474, 471, 270, 107, 136, 951, 1149, 99, 289, 189, 150, 272, 409, 410, 300, 234, 1027, 476, 113, 426, 407, 0, 195, 110, 684, 404, 12, 24, 55, 459, 1047, 507, 78, 116, 221, 863]","[283, 239, 236, 545, 408, 475, 146, 819, 596, 124, 1000, 1150, 290, 823, 1046, 741, 117, 412, 224, 219, 755, 122, 322, 844, 925, 677, 303, 293, 824, 1058, 830, 321, 1151, 987, 288, 832, 865, 128, 472]"
76,"[60, 174, 91, 134, 810, 275, 1128, 530, 99, 58, 473, 149, 63, 1157, 196, 1006, 22, 285, 199, 97, 88, 215, 323, 6, 136, 59, 512, 55, 513, 171, 92, 191, 5, 69, 516, 1153, 954, 181, 202, 805, 292, 850, 95]","[581, 257, 517, 11, 689, 332, 420, 324, 959, 287, 120, 602, 384, 771, 1155, 326, 768, 41, 1156, 317, 76, 546, 1047, 1005, 627, 357, 342, 1018, 1154, 222, 128, 269, 1152, 1070, 155, 263, 918, 1158, 23]"
77,"[483, 517, 473, 194, 237, 167, 22, 497, 430, 152, 178, 175, 49, 173, 522, 51, 88, 482, 200, 55, 267, 208, 640, 245, 174, 0, 153, 172, 27, 518, 526, 155, 198, 97, 133, 221, 182, 41]","[171, 90, 124, 3, 180, 275, 264, 209, 68, 404, 1027, 143, 777, 356, 99, 132, 510, 96, 249, 214, 126, 14, 454, 832, 30, 251, 24, 131, 95, 120, 191, 635, 190, 227]"
78,"[254, 411, 1159, 288, 300, 256, 287, 236, 879, 92, 410]","[322, 268, 297, 1046, 326, 812, 870, 293, 24, 475]"
79,"[302, 49, 99, 245, 123, 268, 285, 812, 899, 136, 5, 324, 6, 739, 261, 250, 1007, 1021, 581, 305, 18, 905, 689, 267, 318, 115, 257, 282, 339, 0, 221, 514, 9, 310, 274, 284, 762, 235]","[1160, 507, 287, 936, 312, 369, 300, 12, 149, 289, 1016, 92, 332, 901, 675, 256, 275]"
80,"[465, 885, 86, 44, 57, 207, 214, 302, 99, 530, 236, 204, 85, 482, 78, 886, 63]","[581, 49, 268, 193, 422, 698, 198, 233, 212, 153, 259, 513]"
81,"[279, 168, 2, 272, 6, 409, 281, 594, 317, 97, 146, 0, 725, 274, 120, 282, 41, 590, 236, 24, 185, 275, 474, 927, 78, 209]","[431, 741, 823, 475, 410, 470, 117, 92, 925, 273, 411, 1027, 123, 150, 543, 755, 221, 99, 1046, 149, 404, 110, 618, 288, 595, 268, 283, 287, 1058, 455, 115, 716]"
82,"[193, 454, 13, 660, 72, 215, 503, 68, 63, 177, 190, 10, 517, 479, 1100, 309, 528, 413, 656, 478, 275, 69, 481, 356, 1125, 7, 293, 198, 480, 512, 518, 264, 173, 201, 96, 587, 110, 513, 167, 8, 283, 98, 210, 461, 417, 431, 429, 180, 522, 120, 0, 366, 70, 174, 132, 196, 285, 495, 168, 99, 49, 169, 769, 482, 317, 602, 211, 133, 434, 659, 483, 581]","[134, 1133, 182, 507, 716, 596, 55, 476, 755, 342, 230, 410, 918, 595, 14, 207, 217, 412, 146, 494, 12, 274, 704, 126, 475, 519, 24, 102, 1000, 108, 280, 471, 224, 457, 526, 219, 139, 184, 1032, 1027, 670, 221, 150, 404, 288, 239, 1163, 1161, 237, 1162, 739, 80, 27, 282, 423, 408, 825, 455, 2, 325, 819, 229, 865, 833, 227, 287, 510, 20, 677, 411, 538, 6, 273, 473, 945, 472, 1077, 545, 303, 78, 821, 1062, 1127, 234, 474, 337, 86, 124, 111, 240, 894, 639, 117, 1058, 21, 236]"
83,"[233, 622, 575, 659, 214, 280, 384, 209, 96, 42, 81, 337, 1034, 215, 185, 94, 264, 76, 251, 124, 21, 322, 464, 574, 27, 782, 608, 719, 767, 931, 62, 662, 1027, 105, 0, 116, 180, 109, 684, 683, 254, 721, 691, 422, 467, 93, 567, 404, 63, 1, 579, 65, 716, 731, 526, 203, 68, 232, 14, 738, 190, 120, 545, 583, 195, 273, 1015, 173, 754, 780, 160, 69, 297, 408, 392, 863, 355, 30, 861, 37, 565, 590, 1040, 78, 727, 755, 126, 478, 87]","[77, 928, 300, 117, 138, 639, 412, 363, 630, 475, 253, 542, 865, 1100, 747, 293, 891, 411, 1042, 794, 406, 121, 451, 104, 976, 470, 34, 390, 1164, 596, 845, 70, 507, 831, 321, 248, 410, 1046, 870, 24, 110, 405, 476, 3, 1059, 370, 224, 318, 234, 827, 55, 258, 992, 299, 242, 819, 239, 750, 247, 150, 943, 49, 844, 703, 1048, 244]"
84,"[120, 1032, 747, 11, 527, 528, 288, 264, 30, 150, 522, 236, 63, 6, 147, 221, 878, 384, 193, 244, 97, 14, 110, 273, 275, 224, 865, 542, 94, 299, 116, 257, 86, 743, 272, 285, 465, 485, 476, 317, 281, 78, 69, 99, 814, 407, 590]","[404, 741, 321, 283, 290, 1039, 1027, 293, 0, 24, 316, 1046, 202, 596, 684, 545, 627, 410, 822, 3, 755]"
85,"[506, 641, 186, 603, 82, 297, 646, 271, 174, 132, 97, 57, 516, 659, 85, 487, 55, 371, 708, 1100, 70, 379, 202, 413, 791, 123, 498, 198, 1097, 381, 479, 497, 660, 513, 7, 1152, 491, 448, 317, 210, 463, 88, 233, 424, 1136, 212, 501, 442, 527, 69, 707, 126, 267, 153, 522, 1168, 208, 508, 191, 450, 478, 285, 419, 214, 510, 1130, 94, 207, 178, 189, 653, 318, 392, 9, 257, 505, 704, 480, 431, 526, 56, 422, 169, 27, 640, 1172, 204, 193, 196, 26, 133, 98, 13, 658, 181, 190, 142, 954, 509, 663, 484, 377, 495, 434, 344, 300, 1171, 461, 515, 812, 464, 68, 167, 630, 179, 605, 581, 151, 22, 512, 418, 503, 131, 135, 656, 706, 245, 86, 173, 922, 477, 530, 482, 134, 525, 49, 356, 312, 1069, 63, 518, 1017, 427, 514, 203, 8, 473, 1038, 171, 481, 662, 714, 195, 160, 180, 1165]","[426, 258, 587, 50, 1064, 227, 432, 24, 281, 12, 500, 276, 628, 268, 52, 96, 691, 388, 841, 240, 507, 638, 288, 565, 689, 403, 1167, 854, 1166, 970, 282, 274, 299, 107, 44, 654, 211, 701, 326, 339, 93, 156, 567, 1073, 159, 657, 1020, 631, 1148, 1008, 529, 416, 621, 236, 417, 215, 162, 983, 316, 249, 384, 194, 149, 528, 415, 283, 446, 187, 221, 99, 1009, 29, 711, 511, 411, 152, 1169, 192, 290, 309, 609, 228, 1102, 494, 1120, 78, 457, 475, 1005, 209, 750, 327, 731, 229, 781, 120, 821, 709, 81, 1135, 1173, 64, 230, 844, 231, 172, 923, 734, 595, 1170, 220, 51, 520, 588, 237, 696, 629, 280, 269, 315, 920, 1112, 404, 140, 41, 185, 744, 161, 324, 1074, 519, 332]"
86,"[257, 888, 1174, 326, 269, 887, 682, 241, 268, 258, 1175]","[285, 318, 871, 299, 880, 878, 287, 288, 327, 337, 303, 325]"
87,"[383, 1015, 273, 553, 366, 81, 584, 209, 176, 195, 8, 1, 210, 134, 162, 69, 232, 66, 549, 1188, 650, 208, 789, 522, 153, 628, 518, 1189, 392, 54, 384, 795, 87, 207, 181, 78, 683, 567, 95, 228, 317, 238, 6, 86, 24, 704, 63, 62, 565, 96, 514, 182, 410, 731, 490, 185, 253, 7, 160, 117, 627, 3, 404, 131, 215, 229, 37, 166, 99, 779, 61, 47, 201, 198, 21, 870, 865, 227, 721, 143, 501, 1040, 780, 110, 171, 180, 656, 280, 782, 126, 434, 49, 426, 509, 203, 79, 727, 88, 194, 152, 925, 801, 576, 844, 495, 513, 471, 943, 409, 1184, 178, 534, 1027, 26, 691, 450, 187, 93, 48, 65, 221, 120, 173, 133, 151, 647, 193, 55, 848, 179]","[39, 400, 1078, 774, 999, 995, 1182, 302, 385, 156, 1181, 1071, 1046, 299, 1073, 809, 230, 678, 38, 1186, 520, 1088, 72, 408, 32, 402, 67, 381, 191, 237, 575, 1183, 701, 200, 119, 89, 790, 320, 788, 574, 231, 20, 1176, 448, 1048, 1180, 569, 823, 322, 476, 234, 413, 296, 545, 1187, 46, 577, 71, 422, 1178, 708, 12, 157, 272, 807, 800, 803, 475, 764, 432, 251, 714, 1179, 1117, 684, 371, 1185, 395, 127, 1177, 597]"
88,"[880, 300, 314, 260, 689, 903, 885, 307, 310, 1190, 897, 353, 285, 325]","[749, 301, 320, 299, 318, 312, 879]"
89,"[215, 196, 731, 245, 935, 380, 126, 116, 812, 386, 150, 82, 706, 693, 120, 256, 282, 276, 13, 516, 267, 814, 212, 149, 268, 6, 186, 110, 1073, 239, 723, 701, 320, 99, 879, 236, 274, 234, 49, 48, 180, 0, 474, 87, 221, 235, 300, 85, 14, 24, 172, 401, 106]","[1047, 220, 25, 948, 736, 715, 92, 761, 844, 738, 211, 951, 874, 12, 136, 65, 201, 730, 1118, 708, 735, 404, 450]"
90,"[381, 647, 97, 346, 1085, 899, 1197, 24, 505, 21, 922, 11, 944, 689, 498, 186, 506, 656, 661, 424, 1193, 528, 630, 525, 602, 957, 30, 617, 236, 488, 10, 300, 658, 970, 485, 310, 212, 356, 738, 965, 198, 306, 178, 131, 8, 29, 854, 240, 712, 612, 312, 434, 271, 268, 5, 493, 184, 41, 177, 603, 520, 812, 477, 1100, 165, 422, 95, 85, 196, 202, 176, 706, 610, 99, 994, 189, 1196, 691, 366, 78, 13, 902, 1124, 470, 613, 16, 963, 511, 1192, 500, 190, 130, 1047, 311, 286, 704, 601, 1199, 179, 482, 82, 651, 420, 142, 317, 32, 154, 1019, 608, 514, 215, 964, 616, 492, 51, 126, 161, 302, 631, 473, 192, 708, 301, 605, 606, 836, 1096, 484, 660, 69, 88, 638, 135, 971, 1194, 25, 426, 650, 305, 169, 284, 173, 316, 479, 1198, 567, 527, 355, 508, 953, 649, 19, 442, 461, 487, 463, 530, 810, 496, 904, 862, 285, 152, 646, 233, 193, 518, 55, 153, 386, 9, 140, 133, 609, 446, 63, 653, 495, 220, 217, 132, 835, 481, 659, 489, 58, 339, 698, 56, 1195, 1038, 1203, 731, 7, 321, 526, 522, 210, 64, 96, 384, 401, 643, 1202, 197, 1201, 269, 211, 241, 222, 504, 510, 274, 155, 267, 480, 219, 315, 191, 208, 1191, 655, 749, 1200, 478, 752, 275, 59, 136, 846, 941, 134, 490, 515, 707, 499, 729, 497, 22, 195]","[288, 258, 257, 244, 820, 552, 905, 353, 322, 692, 474, 432, 961, 1108, 148, 327, 1205, 516, 181, 149, 517, 147, 903, 201, 878, 44, 513, 546, 150, 888, 720, 874, 116, 174, 702, 299, 429, 18, 17, 895, 761, 542, 989, 683, 309, 272, 1136, 1133, 125, 207, 1204, 453, 529, 1004, 675, 1044, 1135, 170, 68, 214]"
91,"[479, 27, 426, 171, 422, 506, 263, 194, 330, 264, 350, 688, 478, 528, 81, 434, 337, 180, 326, 229, 321, 63, 483, 173, 615, 233, 288, 312, 317, 133, 514, 96, 356, 525, 519, 494, 613, 611, 134, 175, 602, 181, 97, 126, 209, 428, 49, 482, 135, 30, 186, 191, 142, 203, 600, 327, 749, 734, 21, 656, 650, 204, 510, 68, 1191, 342, 661, 299, 526, 332, 182, 78]","[322, 682, 192, 681, 98, 130, 509, 617, 160, 325, 1049, 481, 503, 747, 210, 567, 987, 497, 131, 388, 1125, 55, 500, 417, 293, 473]"
92,"[171, 167, 514, 120, 746, 175, 179, 730, 527, 218, 1141, 78, 520, 946, 714, 133, 618, 174, 672, 430, 41, 824, 47, 777, 251, 659, 627, 182, 691, 195, 530, 312, 272, 470, 180, 188, 190, 189, 128, 30, 10, 580, 97, 213, 158, 237, 214, 960, 95, 662, 45, 462, 134, 639, 474, 290, 123, 222, 517, 163, 654, 275, 92, 962, 88, 402, 143, 153, 202, 507, 581, 247, 1011, 208, 726, 954, 499, 55, 207, 152, 116, 233, 1072, 678, 197, 70, 11, 91, 673, 217, 590, 99, 420, 159, 650, 63, 6, 203, 424, 181, 410, 264, 4, 194, 236, 736, 1017, 221, 170, 473, 1207, 822, 156, 3, 124, 173, 273, 435, 50, 257, 381, 267, 427, 192, 8, 0, 244, 185, 788, 57, 281, 46, 178, 7, 565, 249, 465, 209, 306, 49, 155, 303, 992, 407, 227, 384, 1215, 728, 245, 706, 707, 68, 630, 211, 1193, 168, 238, 432, 854, 12, 64]","[1048, 1078, 76, 228, 500, 586, 793, 738, 830, 1208, 240, 539, 789, 215, 708, 114, 14, 80, 664, 845, 23, 288, 105, 452, 762, 780, 1015, 385, 927, 755, 1094, 1214, 671, 86, 930, 1211, 84, 131, 594, 784, 1046, 122, 1040, 280, 716, 560, 422, 1212, 833, 317, 526, 551, 294, 985, 595, 375, 87, 31, 567, 929, 160, 248, 392, 101, 277, 711, 719, 108, 200, 558, 93, 819, 747, 976, 172, 1206, 52, 550, 66, 183, 727, 575, 147, 42, 219, 677, 287, 1032, 100, 65, 721, 1013, 225, 327, 61, 844, 21, 27, 801, 409, 411, 454, 924, 724, 1, 366, 72, 475, 81, 455, 166, 121, 703, 825, 28, 355, 1039, 293, 230, 199, 741, 90, 754, 239, 53, 408, 363, 144, 1010, 142, 619, 553, 799, 448, 503, 1156, 77, 1027, 1213, 641, 229, 119, 449, 369, 270, 948, 404, 283, 576, 79, 979, 395, 779, 1210, 1045, 115, 382, 71, 683, 226, 242, 362, 582, 635, 734, 574, 94, 757, 48, 201, 54, 431, 983, 742, 1073, 770, 782, 973, 1022, 657, 1089, 626, 67, 933, 234, 1041, 256, 37, 545, 451, 450, 701, 43, 731, 110, 198, 38, 117, 684, 321, 997, 557, 400, 367, 405, 401, 62, 925, 146, 259, 760, 368, 1036, 148, 840, 39, 154, 216, 24, 1051, 417, 596, 107, 232, 224, 921, 1209]"
93,"[14, 221, 844, 274, 475, 234, 476, 814, 0, 282, 13]","[819, 411, 124, 865, 150, 120, 275, 933, 117]"
94,"[788, 342, 264, 743, 791, 23, 173, 650, 470, 210, 1047, 345, 57, 469, 167, 346, 8, 624, 185, 156, 1118, 234, 44, 466, 179, 184, 78, 401, 256, 726, 654, 132, 213, 108, 312, 152, 202, 643, 692, 30, 27, 272, 63, 49, 446, 645, 427, 656, 205, 155, 419, 805, 257, 482, 1043, 941, 0, 587, 536, 67, 920, 389, 99, 81, 684, 169, 649, 457, 683, 409, 233, 245, 75, 615, 948, 69, 442, 216, 11, 968, 240, 60, 1222, 1225, 192, 424, 447, 960, 222, 714, 174, 1152, 580, 134, 651, 602, 420, 51, 823, 54, 695, 1146, 91, 22, 7, 430, 6, 524, 1117, 317, 153, 10, 273, 380, 628, 509, 385, 400, 450, 646, 641, 189, 355, 175, 474, 1013, 178, 191, 110, 527, 186, 267, 55, 507, 92, 992, 740, 1217, 508, 403, 96, 182, 82, 749, 48, 203, 142, 52, 922, 21, 685, 483, 208, 199, 505, 548, 398, 131, 159, 431, 97, 172, 588, 53, 517, 190, 218, 1072, 80, 734, 653, 500, 249, 195, 301, 1011, 1210, 316, 678, 227, 812, 200, 1010, 285, 209, 435, 432, 193, 214, 1109, 434, 735, 1057, 31, 41, 3, 691, 468, 180, 463, 503, 958, 371, 526, 1044, 176, 171, 422, 938, 207, 90, 635, 1008, 237, 745, 356, 1134, 586, 46, 464, 1009, 187, 473, 85, 337, 70, 366, 1218, 583, 736, 247, 126, 630, 133, 1064, 996, 689, 1006, 181, 558, 150, 292]","[1216, 1223, 183, 719, 1219, 61, 571, 215, 859, 154, 217, 819, 555, 88, 454, 228, 32, 741, 699, 98, 226, 737, 560, 384, 392, 782, 764, 1198, 100, 231, 1073, 828, 561, 38, 33, 379, 1031, 117, 1205, 1209, 471, 62, 143, 221, 37, 945, 575, 281, 365, 730, 1088, 623, 95, 101, 87, 545, 673, 404, 582, 565, 1003, 333, 722, 495, 1027, 549, 201, 287, 16, 540, 767, 160, 809, 738, 418, 1090, 224, 942, 24, 259, 76, 368, 702, 727, 568, 721, 762, 89, 808, 65, 585, 785, 931, 40, 391, 124, 807, 715, 731, 863, 79, 796, 390, 664, 1221, 669, 596, 229, 141, 28, 280, 799, 584, 163, 929, 943, 417, 327, 779, 950, 709, 71, 543, 927, 120, 552, 1224, 367, 1045, 1187, 476, 657, 416, 68, 1208, 567, 626, 66, 672, 93, 402, 194, 1220, 50, 410, 364, 636, 244, 158, 232, 411, 822, 621, 720, 225, 354, 1100, 1139]"
95,"[624, 232, 67, 0, 526, 171, 1205, 415, 173, 142, 95, 842, 14, 172, 377, 517, 741, 473, 522, 87, 735, 201, 470, 13, 82, 509, 116, 203, 110, 654, 659, 384, 150, 63, 403, 682, 365, 141, 621, 444, 567, 47, 656, 549, 626, 356, 231, 746, 6, 68, 650, 177, 180, 392, 495, 225, 590, 78, 327, 190, 285, 189, 531, 519, 126, 97, 182, 174, 90, 435, 198, 30, 169, 167, 27, 490, 69, 462, 422, 93, 648, 281, 355, 209, 76, 704, 152, 649, 197, 140, 207, 120, 273, 1220, 70, 538, 143, 967, 508, 514, 185, 206, 484, 208, 64, 101, 1125, 21, 215, 196, 195, 388, 691, 96, 256, 138, 227, 494, 50, 98, 419, 1115, 380, 194, 418, 7, 214, 249, 471, 398, 510, 61, 72, 237, 51, 193, 461, 630, 49, 218, 472, 432, 506]","[545, 786, 134, 1216, 1228, 1229, 127, 635, 394, 482, 572, 175, 719, 210, 975, 513, 32, 25, 288, 136, 31, 736, 674, 131, 416, 23, 504, 1, 877, 553, 402, 711, 861, 727, 89, 673, 184, 698, 421, 587, 767, 160, 2, 264, 370, 100, 790, 497, 431, 401, 1218, 238, 1017, 228, 1089, 42, 240, 715, 442, 559, 596, 814, 414, 1230, 891, 446, 139, 450, 179, 390, 81, 1090, 1100, 595, 448, 707, 192, 970, 204, 505, 178, 62, 778, 274, 1132, 447, 71, 24, 199, 88, 1187, 187, 541, 77, 639, 585, 202, 289, 181, 66, 1227, 959, 94, 464, 664, 57, 236, 132, 404, 1046, 706, 176, 780, 714, 397, 430, 233, 1226, 565, 854, 738, 48, 551, 109, 945, 670, 293, 391, 678, 647, 449, 226, 622, 1221, 385]"
96,"[155, 86, 672, 478, 152, 90, 518, 7, 483, 644, 63, 99, 169, 473, 482, 0, 1231, 49, 22, 1153, 95, 78, 197, 175, 184, 186, 173, 6, 194, 317, 180, 215, 237, 189, 97, 444, 181, 55, 88, 126, 143, 182, 264, 199, 513, 195, 233, 422]","[172, 477, 434, 524, 41, 193, 485, 82]"
97,"[227, 221, 669, 88, 481, 97, 49, 114, 6, 434, 27, 427, 654, 167, 96, 431, 428, 78, 429, 173, 31, 660, 356, 201, 188, 0, 918, 134, 203, 131, 182, 95, 174, 190, 407, 152, 662, 81, 433, 602, 194, 22, 168, 68, 171, 192, 207, 422]","[193, 483, 465, 191, 430, 525, 196, 204, 99, 132, 82, 185, 495, 172, 1125]"
98,"[46, 516, 115, 628, 522, 513, 24, 427, 434, 210, 209, 658, 193]","[162, 654, 320, 69, 208, 937, 744, 172, 167, 321, 87, 501, 151, 987]"
99,"[3, 78, 1015, 402, 49, 741, 180, 181, 596, 409, 167, 203, 507, 545, 202, 1118, 345, 257, 195, 231, 10, 6, 55, 362, 236, 368, 675, 1066, 99, 68, 11, 287, 401, 627, 327, 747, 272, 337, 63, 91, 750, 828, 618, 314, 124, 474, 21, 299, 470, 404, 237, 0, 594, 116, 366, 762, 590, 239, 1131, 172, 209, 312, 146, 650, 289, 779, 1047, 171, 788, 97, 293, 543, 173, 328, 1046, 472, 432, 347]","[267, 110, 872, 245, 273, 353, 894, 681, 123, 420, 740, 1051, 117, 122, 962, 684, 321, 330, 311, 244, 264, 925, 254, 2, 870, 826, 106, 65, 761, 412, 693, 408, 977, 405, 471, 814, 27, 341, 274, 844, 357, 344, 200, 120, 455, 24, 331, 1078, 974, 104, 930, 119, 281, 115, 309, 325, 677, 275]"
100,"[343, 354, 749, 301, 690, 315, 751, 312, 878, 299, 327, 1234, 689, 346, 268, 257, 899, 293, 271, 750, 897, 314]","[353, 267, 320, 265, 287, 339, 688, 904, 288, 1235, 341, 989, 332, 322, 347, 291, 1237, 1236, 677, 285, 907, 873, 879, 348, 309, 1233, 269, 1232, 325, 885, 880, 894, 891, 886, 884, 345, 270]"
101,"[404, 120, 23, 283, 49, 236, 180, 923, 256, 741, 254, 116, 146, 287, 124, 545, 865]","[828, 303, 595, 221, 470, 280, 251, 281, 368, 927, 1050, 839, 814, 1033, 117, 1056, 108, 755, 974, 121, 122, 1092, 1046, 110, 844, 0, 279, 840, 596, 1131, 6, 925, 369, 978, 277, 819, 1008, 411, 150, 410, 825, 716, 845, 818, 224, 762, 830, 1027, 471, 594]"
102,"[194, 306, 88, 201, 185, 182, 97, 207, 509, 49, 100, 587, 174, 318, 203, 227, 611, 94, 257, 446, 448, 173, 226]","[767, 822, 69, 514, 523, 321, 624, 160, 447, 404, 299, 731, 431, 117, 1024, 263, 312, 575, 390, 558, 221, 1029, 733, 65, 66, 808, 301, 398, 82, 985, 61, 120, 216, 417, 685, 232, 172, 684, 325, 270, 247, 175, 402, 809, 688, 238, 745, 357, 442, 796, 662, 564, 46, 830, 297, 596, 166, 183, 163, 567, 674, 444, 553, 98, 162, 577, 93, 392, 143, 865, 747, 826, 180, 839, 634, 384, 285, 628, 4, 529, 501, 95, 635, 929, 78, 443, 362, 719, 1238, 101, 349, 576, 666, 326, 229, 777, 200, 337, 992, 670, 55, 649, 181, 184, 671, 664, 167, 408, 651, 244, 209, 547, 230, 565, 90, 500, 37, 331, 770, 52, 28, 193, 234, 210, 449, 435, 1239, 186, 126, 81, 891, 259, 187, 372, 217, 71, 385, 1227, 595, 327, 272, 654, 67, 48, 87, 521, 225, 268, 199, 545, 72, 218, 540, 12, 855, 430, 287, 410, 333, 475, 395, 264, 116, 840, 750, 293, 54, 1051, 228, 946, 383, 10, 233, 549, 784, 434, 759, 3, 152, 240, 510, 878, 791, 1, 300, 0, 683, 1075, 315, 271, 153, 6, 171]"
103,"[23, 126, 116, 143, 125, 526, 49, 470, 95, 300, 249, 254, 180, 486, 293, 55]","[120, 299, 221, 68, 233, 251, 1088, 203, 404, 256, 210, 117, 97]"
104,"[284, 268, 99, 282, 474, 750, 149, 1011, 1114, 125, 256, 301, 312, 288, 289, 315, 180, 627, 275, 344, 749, 590, 269, 14, 49, 271]","[983, 116, 300, 755, 298, 286, 299, 1015, 1009, 292, 6, 410, 326, 248, 323, 121, 1240, 341, 543, 822, 1016, 346, 24, 411, 281, 247, 545, 1225, 743, 234, 287, 826, 1010, 311, 146, 244, 353, 324, 345, 712, 330, 9, 844, 839, 257, 747, 507, 332, 12, 110, 293, 272, 455, 2, 254, 404, 533, 236, 129, 310, 306, 870, 329, 123, 1027, 925, 824, 846, 331, 270, 249, 126, 894, 285, 267, 245, 339, 221, 677, 309, 120, 327, 406, 470, 8]"
105,"[267, 257, 271, 285, 323, 287, 269, 312, 326, 301, 268]","[306, 332, 751, 747, 689, 263, 270, 339, 342, 750, 879, 346]"
106,"[525, 581, 777, 106, 659, 702, 212, 68, 285, 96, 583, 164, 63, 76, 922, 7, 0, 222, 284, 21, 1114, 312, 193, 195, 683, 698, 209, 11, 210, 215, 1241, 24, 274, 494, 13, 243, 27, 190, 565, 161, 8, 317, 58]","[691, 827, 434, 272, 44, 14, 85, 87, 47, 955, 1027, 273, 279, 160, 711, 738, 646, 99, 462, 69, 81]"
107,"[304, 257, 339, 268, 301, 267, 901, 311]","[332, 270, 320, 299, 312, 322, 285, 287, 258, 263, 324, 321, 326, 1242]"
108,"[99, 289, 49, 274, 514, 9, 13, 136, 717, 126, 293, 318, 123, 6, 280, 0]","[12, 124, 281, 180, 120, 236, 20, 470, 303, 221, 747, 251, 254, 283, 404, 739, 930]"
109,"[565, 401, 1011, 0, 257, 587, 626, 30, 99, 88, 158, 194, 217, 229, 844, 146, 549, 664, 68, 741, 116, 175, 203, 519, 95, 251, 222, 392, 865, 90, 422, 355, 93, 1013, 195, 182, 171, 293, 317, 236, 1027, 1156, 156, 120, 6, 387, 294, 57, 379, 66, 172, 1059, 1221, 178, 210, 734, 264, 78, 567, 180, 410, 808, 402, 76, 69, 1073, 238, 738, 70, 372, 448, 176, 11, 163, 124, 155, 173, 450, 530, 81, 87, 232, 97, 71, 110, 226, 14, 507, 16, 201, 94, 228, 233, 754, 404, 635, 209, 190, 287, 364, 221, 10, 24, 1015, 225, 143, 150, 52, 227, 256, 21, 1134, 55, 49, 384]","[630, 7, 126, 474, 177, 96, 100, 974, 796, 153, 4, 929, 1010, 280, 61, 795, 89, 3, 41, 822, 356, 277, 244, 1243, 8, 1012, 199, 930, 130, 321, 471, 391, 290, 247, 1038, 558, 819, 67, 440, 408, 671, 551, 848, 157, 948, 761, 214, 161, 545, 1022, 213, 230, 943, 762, 322, 424, 28, 215, 63, 451, 121, 1034, 412, 1227, 985, 721, 331, 596, 54, 627, 939, 117, 789, 385, 583, 927, 394, 541, 185, 80, 544, 237, 160, 731, 678, 316, 366, 833, 747, 390, 526, 53, 654, 430, 167, 563, 575, 714, 281, 208, 571, 62, 1244, 825, 809, 174, 357, 475, 830, 1209, 249, 27, 1160, 870, 1138, 594, 409, 923, 179]"
110,"[306, 681, 78, 187, 81, 21, 76, 27, 232, 10, 1187, 789, 422, 314, 95, 68, 401, 32, 63, 93, 40, 195, 257, 287, 312, 450, 683, 420, 565, 271, 87, 160, 325, 691, 332, 11, 53, 938, 650, 738, 568]","[687, 943, 37, 567, 577, 1245, 1178, 300, 244, 1247, 1249, 539, 299, 201, 733, 331, 1205, 203, 793, 714, 790, 574, 731, 782, 231, 778, 383, 805, 326, 366, 657, 758, 211, 194, 67, 750, 747, 549, 172, 1230, 54, 1217, 848, 904, 400, 225, 55, 894, 214, 230, 229, 585, 324, 801, 339, 764, 1248, 872, 1, 293, 1209, 1221, 688, 375, 1246, 42, 384, 1089, 396, 183, 807, 392, 365, 467, 641, 1181, 237, 721, 62, 363, 1054, 337, 779, 28, 575, 1227, 30, 66, 402, 1228, 584, 946]"
111,"[327, 300, 312, 339, 268, 332, 241, 257, 314, 353, 301, 310, 285, 303]","[886, 325, 1023, 271, 895, 343, 302, 304, 320, 306]"
112,"[330, 288, 749, 321, 688, 305, 301, 299, 311, 753, 302, 315, 306, 285, 878, 338, 1105, 886, 936, 271, 750, 244, 345, 309, 312, 332, 327, 887, 331, 689, 314]","[902, 326, 353, 747, 346, 324, 677, 983, 300, 268, 320, 322, 293, 890, 257]"
113,"[594, 125, 325, 293, 99, 326, 975, 507, 285, 245, 1251, 267, 322, 327, 302, 49, 272, 254, 1250, 257, 256, 126, 324, 873, 298, 332, 978, 974]","[328, 320, 261, 321, 318, 241, 323, 276, 677, 6, 423, 947, 123, 115, 236, 8, 288, 287, 244, 221, 291, 299, 741]"
114,"[174, 268, 1103, 194, 182, 495, 481, 99, 178, 88, 155, 175, 645, 196, 482, 356, 658, 473, 97, 134, 521, 171, 170]","[504, 203, 190, 156, 506, 181, 653, 519, 639, 209, 95, 185, 55, 654, 854, 317, 179, 678, 484, 614, 167, 152, 223, 199, 526]"
115,"[1066, 7, 126, 91, 227, 233, 10, 761, 529, 461, 171, 465, 510, 641, 31, 442, 81, 474, 88, 11, 186, 1007, 180, 1072, 951, 8, 430, 49, 177, 6, 182, 3, 356, 32, 55, 272, 176, 22, 173, 846, 12, 239, 123, 136, 653, 478, 175, 316, 979, 281, 47, 771, 78, 184, 191, 301, 627, 99, 695, 116, 557, 507]","[264, 19, 68, 762, 542, 309, 469, 470, 968, 495, 92, 76, 268, 21, 236, 595, 120, 921, 95, 672, 97, 656, 228, 278, 283, 740, 683, 643, 217, 82]"
116,"[249, 270, 749, 186, 483, 312, 194, 258, 805, 179, 660, 198, 343, 729, 192, 345, 510, 267, 190, 202, 899, 309, 257, 518, 654, 389, 284, 10, 478, 1141, 220, 514, 180, 1038, 1133, 288, 291, 245, 55, 126, 595]","[349, 330, 254, 750, 941, 1215, 6, 184, 300, 261, 247, 1081, 1015, 879, 256, 904, 759, 886, 757, 839, 1252, 603, 293, 530, 420, 331, 1088, 285, 346, 321, 259, 894, 64, 1256, 263, 581, 902, 136, 992, 913, 298, 871, 1012, 878, 1225, 332, 303, 305, 115, 323, 887, 296, 1253, 357, 251, 1213, 287, 301, 327, 19, 46, 252, 324, 348, 747, 1254, 354, 1019, 322, 677, 895, 538, 302, 901, 271, 49, 606, 306, 339, 314, 639, 602, 342, 248, 1255, 299, 144, 1257, 297, 915, 1219, 294, 649, 325, 1243, 123, 689, 269, 274, 531, 310, 268]"
117,"[149, 267, 180, 14, 150, 49, 404, 0, 173, 175, 420, 167, 596, 750, 120, 11, 257, 357, 1015, 741, 306, 108, 97, 771, 627, 55, 885, 194, 116, 213, 312, 221, 1011, 24, 256, 297, 178, 32, 236, 171, 677, 788, 762, 143, 172, 209, 422, 155, 95, 264, 10, 131, 474, 248, 163, 270, 281]","[1046, 757, 828, 337, 367, 1056, 239, 287, 927, 587, 142, 410, 1094, 1013, 742, 976, 747, 121, 545, 405, 595, 6, 1164, 409, 183, 930, 251, 1058, 894]"
118,"[199, 773, 653, 474, 173, 432, 323, 175, 155, 546, 184, 510, 22, 435, 852, 183, 654, 473, 527, 217, 21, 163, 31, 192, 420, 133, 179, 287, 1078, 674, 918, 558, 6, 222, 78, 131, 52, 55, 134, 512, 550, 319, 54, 395, 640, 170, 97, 602, 412, 209, 799, 959, 200, 174, 671, 843, 557, 257, 171, 187, 507, 316, 233, 99, 178, 426]","[815, 16, 216, 563, 4]"
119,"[391, 1152, 327, 236, 221, 381, 717, 212, 312, 715, 1100, 53, 153, 244, 696, 627, 683, 274, 192, 234, 85, 485, 545, 271, 657, 143, 86, 471, 187, 561, 110, 384, 450, 273, 741, 208, 108, 146, 173, 23, 198, 1201, 1085, 181, 549, 82, 828, 567, 116, 1196, 994, 454, 267, 510, 99, 309, 39, 740, 844, 281, 1260, 1159, 981, 321, 590, 596, 49, 812, 709, 1051, 95, 688, 761, 331, 55, 1259, 21, 299, 10, 24, 167, 411, 878, 458, 300, 1165, 536, 131, 209, 684, 916, 339, 404, 825, 1015, 136, 353, 180, 8, 276, 285, 505, 88, 258, 124, 120, 287, 923, 298, 203, 27, 193, 297, 474, 6, 457, 123, 63, 448, 30, 315, 314, 195, 726, 171, 286, 491, 654, 92, 270, 470, 1136, 322, 256]","[406, 1261, 268, 1169, 594, 1262, 337, 525, 865, 1258, 11, 929, 249, 543, 104, 253, 615, 976, 716, 754, 51, 293, 830, 1033, 328, 275, 915, 225, 22, 824, 822, 347, 930, 985, 254, 1243, 251, 409, 69, 81, 472, 1264, 750, 826, 348, 257, 1263]"
120,"[281, 24, 8, 923, 404, 285, 124, 14, 257, 120, 0, 741, 126, 743, 514, 49]","[545, 256, 244, 251, 147, 116, 236, 826, 507, 117]"
121,"[13, 508, 85, 8, 97, 136, 427, 293, 630, 56, 191, 514, 507, 274, 180, 123, 478, 164, 1265, 426, 312, 126, 99, 936, 741, 356, 82, 643, 155, 134, 716, 1193, 196, 236, 24, 735, 256, 49, 11, 171, 314, 0, 317, 291]","[513, 290, 739, 179, 116, 404, 120, 173, 121, 124, 234, 125, 248, 791, 627, 594, 249, 581, 545, 117, 281, 299, 410, 471, 743, 275, 346, 297, 10, 457]"
122,"[386, 508, 377, 509, 214, 714, 707, 211, 726, 69, 510, 190, 174, 186, 736, 422, 735, 463, 45, 192, 660, 179, 581, 723, 268, 955, 1043, 468, 134, 1167, 1044, 1266, 189, 1112, 402, 82, 238, 85, 126, 512, 518, 1073, 196, 698, 27]","[426, 1267, 791, 213, 552, 469, 569, 381, 672, 428, 68, 659, 10, 1118, 56, 356]"
123,"[134, 191, 846, 274, 21, 164, 284, 484, 126, 510, 706, 481, 142, 8, 503, 196, 434, 99, 461, 97, 482, 318, 285, 656, 478, 275, 241, 513, 22, 431, 181, 184, 13, 186, 133, 320]","[426, 530, 12, 605, 49, 254, 734, 486, 703, 479, 961, 131, 522, 288, 63, 287, 293, 1268]"
124,"[10, 615, 165, 225, 95, 549, 97, 153, 143, 167, 194, 6]","[495, 49, 156, 78, 208, 171, 27, 473, 173, 172, 116, 0]"
125,"[477, 162, 79, 189, 317, 133, 238, 172, 482, 157, 433, 21, 142, 944, 289, 510, 203, 998, 269, 484, 27, 63, 115, 72, 135, 497, 193, 0, 173, 647, 97, 86, 274, 731, 492, 68, 495, 82, 93, 282, 567, 87, 1059, 49, 478, 209, 293, 78, 658, 257, 194, 450, 789, 434, 704, 584, 512, 180, 175, 190, 366, 519, 454, 426, 299, 750, 429, 171, 400, 392, 7, 143, 208, 71, 755, 201, 89, 204, 167, 65, 288, 94, 66, 81, 221, 709]","[234, 381, 656, 996, 151, 1179, 614, 795, 149, 96, 784, 1035, 1073, 345, 733, 1271, 237, 174, 812, 948, 474, 1092, 385, 24, 406, 1182, 939, 235, 197, 62, 999, 691, 382, 119, 576, 1051, 410, 780, 995, 863, 356, 721, 925, 383, 207, 800, 1248, 473, 363, 747, 210, 727, 55, 322, 1245, 215, 368, 779, 40, 108, 398, 913, 1184, 371, 104, 339, 1114, 200, 411, 121, 185, 375, 507, 686, 116, 481, 268, 69, 745, 387, 110, 394, 20, 1269, 48, 152, 708, 242, 1203, 1270, 662, 1169, 1036, 84, 762, 570]"
126,"[261, 877, 883, 257, 301, 242, 287, 312, 1174, 750, 314, 327, 310, 343, 339, 299, 336, 680, 352, 265, 989, 315, 880]","[904, 293, 244, 331, 322, 321, 288, 318, 681, 751, 326, 259, 271, 332, 345, 689, 325, 349, 677, 285, 309, 302]"
127,"[228, 293, 379, 226, 299, 242, 747, 448, 287, 449, 221, 61, 270, 342, 900, 227, 257, 229, 49]","[267, 285, 749, 689]"
128,"[203, 507, 14, 602, 316, 181, 738, 481, 735, 417, 139, 78, 142, 282, 275, 82, 416, 1140, 215, 965, 63, 426, 421, 608, 377, 789, 587, 422, 299, 601, 172, 236, 590, 293, 189, 237, 47, 64, 567, 0, 685, 424, 117, 493, 13, 135, 208, 209, 85, 948, 49, 264, 97, 1038, 98, 504, 762, 195, 621, 190, 486, 941, 837, 339, 120, 498, 70, 196, 132, 158, 81, 25, 731, 691, 470, 650, 167, 180, 477, 482, 464, 683, 392, 366, 489, 954, 273, 87, 432, 160, 714, 404, 450, 130, 318, 495, 632, 68, 185, 505, 457, 461, 222, 530, 274, 379, 116, 506, 27, 179]","[484, 370, 227, 110, 746, 659, 76, 214, 96, 226, 784, 55, 321, 150, 57, 212, 722, 279, 964, 1062, 283, 281, 613, 53, 401, 192, 171, 327, 872, 131, 221, 651, 267, 654, 386, 1047, 217, 244, 814, 1034, 496, 689, 418, 923, 24, 201, 1220, 728, 704, 1191, 69, 769, 219, 741, 403, 1052, 65, 391, 72, 173, 868, 178, 684, 604, 500, 431, 380, 701, 257, 415, 467, 228, 552, 1135]"
129,"[271, 268, 285, 301, 241, 905, 1175]","[872, 330, 302, 269, 312, 338, 994, 306, 257, 267, 287, 326, 244, 310, 677, 881, 902, 747, 303, 989, 299, 322, 309]"
130,"[378, 215, 641, 1216, 104, 306, 233, 315, 266, 365, 331, 160, 199, 409, 992, 875, 681, 567, 55, 171, 545, 549, 203, 70, 49, 771, 417, 124, 565, 54, 89, 1276, 747, 147, 228, 275, 227, 221, 356, 157, 2, 373, 182, 945, 48, 345, 11, 1046, 671, 83, 21, 62, 1015, 778, 149, 366, 595, 624, 332, 677, 958, 404, 209, 133, 239, 280, 281, 1207, 93, 507, 832, 65, 668, 741, 38, 495, 728, 321, 357, 32, 285, 175, 27, 173, 442, 225, 392, 98, 355, 596, 799, 127, 183, 194, 533, 68, 269, 297, 974, 146, 587, 254, 287, 110, 755, 1135, 618, 270, 880, 626, 142, 384, 43, 267, 201, 67, 563, 889, 683, 553, 217, 342, 304, 248, 1045, 1038, 131, 657, 554, 745, 471, 468, 53, 1266, 500, 26, 422, 251, 268, 245, 764, 234, 410, 691, 531, 81, 260, 97, 938, 928, 158, 30, 78, 236, 312, 973, 476, 180, 893, 411, 419, 214, 10, 117, 1243, 448, 4, 402, 451, 426, 327, 61, 1230, 353, 1027, 588, 815, 288, 23, 894, 64, 762, 526, 464, 530, 314, 577, 933, 66, 537, 63, 1278, 293, 37, 391, 1274, 1, 454, 320, 807, 235, 184, 178, 826, 943, 328, 1018, 88, 41, 1012, 425, 1279, 1275, 738, 187, 0, 195, 94, 346, 256, 354, 325, 1141, 372, 551, 349, 299, 1057, 927, 418, 403, 122, 290, 801, 1219, 95, 819, 76, 329, 143, 16, 218, 257, 751, 202, 238, 292, 6, 750, 793, 116, 443, 1277, 232, 271, 92, 120]","[1013, 1016, 108, 1245, 1247, 568, 948, 900, 541, 805, 205, 730, 244, 930, 814, 621, 230, 929, 571, 412, 1214, 57, 46, 52, 742, 334, 1227, 684, 3, 939, 352, 253, 1273, 540, 283, 1048, 362, 1206, 566, 216, 167, 172, 797, 688, 242, 121, 716, 40, 229, 294, 1272, 720, 432, 330, 449, 768, 1150, 887, 1033, 298, 261, 247, 891, 981, 664, 406, 226, 1088, 1094, 99, 249, 564, 1078, 469, 435, 863, 341, 397, 1209, 28, 474, 1087, 289, 931, 1244, 155, 452, 470, 388, 1156, 87, 770, 680, 818, 760, 823]"
131,"[125, 1280, 99, 749, 844, 312, 0, 13, 18, 285, 301, 284, 123, 275, 250, 241, 126, 268, 8, 743, 286, 296, 535]","[220, 273, 274, 292, 812, 136, 247]"
132,"[921, 136, 123, 153, 55, 522, 11, 126, 483, 520, 250, 284, 99, 663]","[274, 174, 150, 1153, 285, 49, 1018, 805]"
133,"[257, 314, 307, 271, 748, 749, 315, 268, 305, 270]","[750, 327, 259, 321, 303, 293, 345, 312, 299, 901, 242, 244, 342, 538, 285, 354]"
134,"[322, 878, 312, 538, 747, 257, 750, 14, 315, 327, 325, 0, 293, 677, 337]","[285, 299, 338, 258, 891, 314, 300, 301, 268, 507]"
135,"[22, 293, 175, 76, 227, 641, 442, 602, 184, 503, 182, 324, 474, 743, 652, 11, 257, 938, 172, 97, 55, 233, 320, 54, 202, 326, 469, 580]","[1045, 38, 1207, 430, 448, 232, 228, 226, 53, 565, 801, 32, 378, 563, 78, 264, 942, 287, 229, 259, 1216, 323, 451, 553, 37, 225, 4]"
136,"[88, 275, 297, 116, 13, 55, 846, 746, 1141, 222, 18, 99, 514, 285, 646, 136, 317, 203, 236, 115, 274, 302, 282, 474, 743, 524, 123, 8, 126, 14, 268, 257]","[312, 41, 256]"
137,"[143, 686, 299, 545, 236, 54, 194, 326, 260, 49, 221, 171, 182, 234, 471, 248, 14, 249, 116, 256, 265, 596, 120, 180, 173, 242, 679, 209, 384, 404, 88, 747, 410, 1027, 117, 684, 95, 78]","[50, 475, 259, 0, 891, 1116, 865, 288, 689]"
138,"[25, 483, 522, 516, 495, 210, 120, 150, 492, 482, 284, 99, 97, 237, 616, 513, 110, 518, 613, 184, 356, 317, 12, 434, 186, 517, 181, 132, 193, 14, 512, 11, 661, 55, 602, 116, 221, 601, 508, 136, 44, 208, 0, 473, 146, 741, 496]","[149, 115, 486, 13]"
139,"[267, 302, 457, 126, 245, 507, 285, 306, 1175, 295, 296, 149, 99, 675, 287, 1232, 474, 743]","[221, 739, 459, 301, 241, 236]"
140,"[267, 318, 288, 879, 301, 285, 303, 320, 302]","[331, 300, 321, 333, 257, 324, 871, 293, 872, 244, 987, 287]"
141,"[257, 273, 124, 743, 221, 471, 534, 49, 824, 236, 1257, 470, 545, 280, 116, 327, 294, 677, 251, 119, 409, 321, 299, 105, 281, 814, 120, 243, 6, 973, 312, 117, 297, 332, 925, 146, 283, 285, 322, 249, 125, 24, 984, 675, 618, 1046, 596, 929, 99, 290, 716, 14, 695, 254, 1022, 408, 1027, 983, 741, 865, 293, 180, 590]","[244, 825, 931, 749, 747, 224, 404, 287, 150, 863, 475, 1012, 879, 871, 1058, 1141, 0, 289, 755, 334, 1243, 234, 258, 126, 1282, 278, 260, 822, 291, 830, 292, 329, 247, 1013, 870, 345, 256, 275, 406, 1281, 1279, 248, 987, 1039]"
142,"[168, 81, 180, 188, 894, 27, 349, 407, 332, 123, 175, 345, 513, 185, 424, 6, 41, 90, 267, 133]","[242, 361, 88, 287, 54, 357, 462, 258, 293, 314, 146, 337, 321]"
143,"[330, 327, 346, 324, 271, 332, 312, 314, 325, 306, 287, 321, 270]","[681, 322, 1037, 293, 285, 257, 689]"
144,"[698, 708, 741, 124, 152, 507, 312, 777, 65, 1146, 746, 63, 302, 236, 879, 522, 285, 171, 460, 1168, 527, 1038, 49, 844, 712, 303, 854, 520, 292, 899, 21, 284, 128, 193, 32, 479, 1285, 95, 192, 180, 470, 31, 215, 190, 18, 955, 1141, 392, 179, 64, 196, 175, 272, 784, 189, 164, 296, 596, 530, 749, 941, 194, 654, 172, 212, 23, 523, 1137, 19, 846, 241, 256, 532, 186, 195, 214, 434, 325, 1064, 68, 143, 86, 257, 116, 728, 653, 0, 7, 3, 315, 646, 1100, 134, 317, 14, 1196, 587, 422, 250, 1225, 69, 47, 499, 477, 123, 404, 54, 513, 281, 962, 750, 650, 356, 97, 631, 473, 1011, 115, 233, 126, 13, 247, 8, 173, 11, 222, 125, 55, 99, 71, 293, 526, 961, 197, 410, 136, 182, 211, 58, 169]","[88, 830, 181, 105, 684, 30, 90, 960, 61, 726, 402, 327, 301, 517, 515, 203, 959, 297, 273, 208, 72, 761, 453, 1015, 590, 1283, 92, 409, 299, 104, 814, 220, 706, 1284, 159, 67, 469, 280, 243, 822, 475, 332, 287, 270, 279, 318, 60, 474, 261, 465, 326, 342, 306, 1009, 53, 1012, 146, 6, 283, 275, 57, 234, 1027, 454, 759, 689]"
145,"[236, 55, 21, 1244, 447, 590, 259, 392, 182, 12, 49, 298, 1000, 171, 314, 249, 277, 181, 108, 749, 551, 948, 202, 568, 184, 173, 199, 280, 673, 1207, 664, 158, 470, 751, 345, 43, 683, 272, 301, 6, 38, 712, 347, 326, 684, 762, 229, 750, 215, 68, 78, 469, 99, 41, 264, 269, 630, 548, 194, 300, 257, 430, 237, 687, 731, 11, 149, 241, 208, 1287, 672, 312, 634, 88, 1072, 509, 878, 201, 938, 155, 362, 1027, 22, 788, 116, 760, 409, 53, 256, 565, 824, 355, 411, 514, 293, 133, 281, 602, 815, 341, 651, 571, 1024, 327, 353, 649, 122, 315, 87, 283, 351, 172, 446, 342, 65, 1272, 180, 163, 245, 596, 1045, 30, 689, 328, 134, 218, 175, 357, 924, 635, 226, 105, 221, 309, 270, 227, 1040, 239, 435, 741, 97, 234, 268, 233, 63, 95, 868, 10, 248, 543, 1010, 292, 267, 1011, 96]","[274, 14, 973, 736, 755, 354, 1247, 763, 471, 742, 0, 459, 367, 992, 410, 681, 338, 442, 1056, 24, 671, 1216, 1291, 1101, 716, 285, 552, 636, 1211, 1076, 119, 895, 228, 759, 830, 1039, 104, 1089, 927, 923, 412, 591, 4, 695, 894, 405, 216, 682, 726, 1053, 2, 37, 679, 769, 303, 573, 297, 50, 211, 265, 982, 476, 932, 1001, 738, 619, 795, 121, 258, 770, 553, 819, 406, 1046, 557, 451, 1286, 558, 799, 379, 987, 594, 1131, 1289, 299, 928, 275, 485, 1290, 235, 766, 686, 876, 737, 976, 449, 378, 16, 822, 761, 691, 562, 933, 1086, 311, 1214, 273, 404, 978, 1022, 1050, 897, 453, 893, 330, 677, 110, 825, 891, 61, 858, 727, 1008, 393, 730, 1288, 929, 1209, 1282, 346, 641, 889, 54, 545, 820, 154, 900, 589, 117, 448, 627, 307, 1032, 225, 1215, 337, 76, 826, 8, 925, 332, 1278, 217, 48, 942, 52, 753, 58, 120, 739, 768]"
146,"[1021, 261, 1293, 312, 301, 345, 257, 318, 330, 339, 1292, 271, 244, 314, 335, 344, 268, 310]","[306, 346, 687, 299, 327, 300, 270, 326, 293, 341, 285]"
147,"[903, 291, 304, 257, 338, 268, 339, 689, 344, 312, 318, 303, 749, 300, 897, 285, 301]","[750, 936, 269]"
148,"[407, 0, 113, 69, 494, 171, 1148, 500, 528, 213, 595, 70, 1011, 227, 472, 356, 168, 508, 115, 506, 162, 6, 587, 992, 431, 68, 49, 88, 208, 150, 221, 174, 131, 473, 180, 55, 226, 167, 134, 7, 662, 237, 173, 968, 132, 188, 172, 163, 193]","[139, 176, 184, 97, 1038, 77, 712, 203, 495, 520, 548, 417, 233, 189, 190, 126]"
149,"[268, 304, 895, 285, 301, 345, 267, 339, 302, 344, 312]","[318, 326, 311, 307, 309, 300, 688, 320, 261, 325, 337, 322, 336, 324, 873, 1294, 1295, 327, 299, 677, 271, 257, 244, 310, 332]"
150,"[292, 180, 128, 220, 245, 12, 0, 126, 474, 267, 49, 92, 627, 146, 272, 234, 409, 457, 150, 323, 287, 318, 275, 122, 290, 13]","[120, 99, 324, 277, 149, 123]"
151,"[9, 196, 702, 834, 11, 918, 57, 484, 371, 316, 1297, 88, 386, 968, 185, 14, 209, 489, 428, 161, 479, 521, 24, 528, 508, 168, 227, 6, 65, 174, 434, 812, 299, 356, 654, 661, 477, 195, 485, 273, 320, 708, 212, 463, 223, 493, 192, 424, 222, 113, 971, 513, 233, 427, 505, 504, 601, 734, 64, 836, 1196, 488, 735, 82, 410, 171, 731, 413, 78, 659, 159, 63, 286, 86, 120, 653, 226, 791, 658, 163, 698, 450, 481, 317, 604, 1100, 1263, 632, 483, 50, 706, 162, 1112, 460, 431, 188, 419, 728, 1108, 208, 135, 1285, 461, 482, 97, 938, 51, 68, 465, 524, 285, 136, 381, 85, 527, 495, 1038, 170, 184, 69, 180, 1202, 781, 548, 656, 274, 602, 769, 237, 377, 1069, 153, 130, 637, 844, 581, 197, 203, 608, 131, 473, 846, 210, 511, 49, 498, 80, 487, 503, 496, 429, 8, 462, 380, 515, 522, 110, 133, 964, 631, 13, 1298, 660, 87, 952, 407, 215, 264, 96, 506, 92, 627, 132, 0, 442, 32, 486, 472, 177, 613, 970, 150, 651, 605, 723, 1268, 955, 169, 193, 221, 167, 207, 3, 662, 55, 124, 43, 370, 276, 804, 610, 426, 173, 628, 944, 422, 257, 490, 1049, 142, 123, 300, 134, 921, 965, 172, 27, 663, 609, 201, 497, 72, 704, 379, 835, 189]","[175, 12, 746, 928, 1005, 401, 691, 480, 259, 190, 404, 825, 754, 240, 90, 327, 99, 1064, 418, 674, 1296, 416, 1073, 46, 774, 392, 230, 502, 202, 321, 48, 199, 182, 683, 583, 1043, 432, 1016, 152, 701, 355, 545, 626, 475, 447, 117, 630, 151, 229, 715, 780, 30, 560, 516, 565, 760, 214, 25, 146, 491, 1097, 740, 951, 468, 194, 747, 198, 81, 641, 289, 469, 961, 301, 384, 685, 1046, 435, 417, 530, 1040, 558]"
152,"[684, 110, 271, 715, 131, 96, 124, 779, 865, 166, 219, 254, 1027, 789, 965, 203, 240, 161, 190, 698, 66, 50, 150, 312, 285, 79, 21, 482, 156, 233, 782, 214, 409, 370, 1040, 70, 236, 1300, 68, 503, 719, 274, 160, 14, 784, 273, 793, 48, 363, 548, 116, 401, 1052, 631, 486, 691, 132, 526, 1299, 65, 7, 172, 152, 1135, 283, 120, 277, 410, 142, 738, 422, 780, 154, 279, 774, 739, 723, 87, 762, 293, 282, 32, 392, 943, 567, 659, 450, 1034]","[300, 411, 146, 24, 97, 844, 1013, 1053, 119, 353, 20, 870, 777, 595, 366, 318, 400, 558]"
153,"[63, 55, 264, 257, 356, 181, 78, 567]","[173, 677, 21, 126, 320, 215, 322, 509, 293, 49, 324, 180, 171, 321, 186]"
154,"[356, 487, 301, 174, 483, 285, 805, 181, 49, 479, 639, 88, 707, 526, 478, 134, 413, 473, 918, 481, 190, 173, 650, 60, 196, 210, 514, 237, 199, 186, 184, 640, 474, 151, 522, 171]","[241, 288, 136, 201, 332, 461, 142, 287, 873, 944, 641, 323, 257, 221, 495]"
155,"[320, 285, 305]","[322, 987, 747, 293, 327, 324, 318, 323, 291, 989, 331, 287, 326, 330, 325, 299, 321, 871, 244]"
156,"[660, 640, 57, 191, 136, 316, 210, 179, 196, 317, 47, 356, 650, 177, 186, 509, 85, 156, 479, 8, 527, 99, 645]","[275, 204, 11, 63, 123, 345, 21, 10, 82, 771, 805, 514, 654, 76]"
157,"[273, 282, 149, 126, 272, 406, 297, 136, 0, 1301, 292, 146, 1257, 267, 507, 1050, 49, 289, 99, 288, 268, 116, 312, 285, 339, 409, 514, 275, 243, 234, 1015]","[24, 249, 404, 1131, 747, 739, 2, 1282, 92, 475, 254, 933, 1243, 684, 596, 119, 117, 110, 257, 474]"
158,"[176, 1097, 23, 769, 240, 1010, 189, 84, 413, 0, 567, 270, 482, 37, 78, 143, 7, 579, 524, 99, 227, 276, 10, 181, 162, 824, 175, 61, 49, 285, 402, 243, 635, 81, 592, 136, 126, 115, 171, 434, 529, 515, 501, 147, 203, 153, 123, 19, 429, 172, 658, 797, 167, 95, 274, 117, 744, 208, 88, 38, 292, 193, 651, 128, 984, 249, 91, 110, 693, 743, 54, 186, 201, 741, 575, 237, 366, 454, 1066, 407, 324, 283, 282, 120, 470, 187, 9, 561, 174, 809, 510, 1046, 173, 216, 685, 55, 517, 650, 301, 207, 647, 209, 21, 194, 82, 284, 289, 69, 3, 708, 6, 430]","[664, 728, 127, 509, 71, 41, 808, 67, 565, 549, 148, 228, 802, 730, 272, 372, 221, 182, 215, 432, 471, 116, 185, 238, 409, 183, 234, 796, 569, 119, 545, 683, 398, 122, 543, 52, 220, 180, 251, 449, 582, 230, 225, 1015, 865, 226, 28, 160, 232, 822, 448, 231, 977, 106, 384, 1302, 513, 297, 293, 124, 229]"
159,"[1027, 126, 684, 258, 248, 110, 322, 257, 929, 870, 450, 545, 224, 244, 677, 219, 470, 1189, 755, 116, 309, 917, 272, 594, 23, 293, 1094, 242, 332, 95, 125, 1048, 1012, 6, 475, 275, 404, 24, 828, 1013, 1220, 865, 590, 290, 124, 292, 271, 297, 1151, 117, 1011, 321, 596, 14, 1131]","[1036, 814, 327, 236, 1001, 830, 876, 880, 285, 747, 102, 1024, 871, 410, 120, 288, 411, 831, 587, 259, 1277, 273, 71, 318, 194, 254, 1022, 325, 363, 875, 300, 627, 249, 947, 1257, 455, 66, 987, 1091, 1047, 298, 129, 872, 879, 741, 253, 357, 844, 1253, 8, 931, 287]"
160,"[233, 173, 134, 461, 159, 429, 55, 116, 186, 92, 123, 1018, 78, 174, 3, 208, 483, 31, 122, 462, 1222, 23, 692, 603, 446, 474, 136, 22, 543, 217, 602, 0, 49, 1072, 1015, 168, 181, 12, 99, 1011, 272, 530, 670, 247, 409, 454, 201, 473, 769, 200, 507, 1196, 281, 292, 184, 762, 239, 191, 167, 150, 194, 921, 513, 460, 284, 482, 210, 275, 1141, 496, 60, 1133, 149, 954, 212, 10, 457, 128, 156, 54, 407, 58, 287, 301, 249, 487, 951, 126]","[718, 459, 2, 125, 20, 431, 761, 108, 117, 925, 160, 227, 327, 563, 6, 229, 968, 863, 411, 404, 843, 639, 932, 14, 152, 824, 588, 236, 627, 831, 8, 324]"
161,"[201, 97, 13, 275, 185, 99, 271, 315, 68, 314]","[47, 317, 167, 897, 161, 173, 581, 653, 55, 212, 522, 285, 126, 273, 214, 1265, 186, 507, 190, 134, 308, 264, 434, 180, 21, 49, 131, 256, 132, 472, 482, 495, 639, 203, 427, 1116, 485, 283, 209, 486, 14, 928, 69, 196, 193, 176, 224, 117]"
162,"[24, 1018, 180, 741, 120, 1046, 297, 221, 173, 49, 116, 543, 627, 596, 709, 942, 1011, 1010, 507, 10, 0, 236, 78, 146, 27]","[684, 229, 41, 150, 253, 143, 207, 104, 357, 402, 6, 178, 825, 121, 473, 54, 293]"
163,"[55, 63, 97, 96, 317, 346, 271, 257, 356, 315]","[287, 233, 285, 215, 432, 300, 268, 878, 299, 27, 304, 325, 201]"
164,"[280, 929, 684, 116, 298, 596, 688, 457, 312, 321, 124, 983, 244, 147, 330, 299, 117, 618, 180, 322, 332, 822, 747, 120, 1024, 257, 292, 369, 865, 99, 514, 290, 933, 741, 251, 404, 281, 221, 306, 750, 471, 470, 824, 677, 328, 8, 825, 247, 689, 327]","[405, 619, 925, 275, 236, 844, 410, 716, 1015, 325, 341, 297, 406]"
165,"[215, 371, 324, 257, 418, 180, 650, 331, 90, 14, 175, 221, 269, 168, 317, 173, 126, 325, 431, 201, 222]","[287, 303, 68, 499, 259, 327, 186, 155, 1118]"
166,"[327, 321, 257, 342, 299, 893, 322, 750, 983, 346, 312]","[345, 287, 747, 293, 285, 242, 687, 314, 686]"
167,"[485, 658, 1305, 602, 221, 1146, 697, 1125, 135, 132, 380, 203, 317, 95, 477, 434, 1303, 520, 7, 529, 82, 236, 511, 654, 734, 512, 237, 672, 98, 240, 614, 492, 1199, 605, 85, 136, 215, 640, 464, 1124]","[231, 363, 391, 403, 674, 47, 1308, 168, 732, 125, 1309, 72, 1306, 289, 1304, 567, 234, 948, 718, 1307, 224, 725, 239, 1224, 287, 830, 553, 673, 183]"
168,"[150, 865, 273, 294, 595, 1196, 408, 1015, 257, 24, 116, 256, 281, 99, 221, 14, 818, 741, 124, 120, 125, 293, 290, 224, 1011, 279, 312, 404, 299, 743, 0, 117, 272, 180, 844, 1050]","[1277, 283, 254, 234, 410, 987, 6, 747, 122, 471, 287, 1046, 322, 280, 618, 258, 8, 929, 274, 870, 677, 596, 324, 684, 251, 762, 472, 457, 930, 545, 275, 1027, 923]"
169,"[300, 173, 878, 602, 171, 180, 132, 126, 603, 704, 233, 210, 212, 683, 330, 479, 299, 257, 133, 49, 442, 537, 198, 605]","[428, 307, 259, 497, 482, 494, 242, 203, 320, 498, 682, 481, 524]"
170,"[748, 291, 244, 332, 325, 983, 321, 303, 677, 299]","[298, 327, 880, 287, 322, 347, 258, 987, 686, 257, 875, 293]"
171,"[291, 326, 301, 312, 267, 261, 886, 257, 314, 345, 302, 268, 309, 269, 271]","[244, 1021, 343, 305, 339, 905, 304, 353, 689, 303, 285, 287, 325]"
172,"[176, 219, 579, 182, 581, 123, 462, 641, 427]","[461, 487, 602, 696, 656, 484, 477, 429, 1133, 177, 1171, 513, 482, 611, 605, 771, 424, 22]"
173,"[288, 327, 285, 322, 299, 321, 293, 259, 241, 291, 879, 878, 267, 330, 320, 268, 873, 304, 689, 301, 305, 983, 936, 298, 323, 333, 994, 318, 302, 331, 326, 325, 300, 328, 261, 257, 244]","[937, 1264, 677, 686, 258, 880]"
174,"[314, 936, 659, 401, 236, 159, 470, 698, 106, 457, 822, 116, 254, 62, 392, 311, 331, 332, 48, 195, 654, 65, 1052, 247, 27, 844, 267, 1027, 13, 292, 275, 948, 196, 123, 1311, 39, 161, 203, 761, 1040, 215, 55, 271, 346, 475, 722, 432, 1073, 721, 845, 741, 237, 952, 220, 238, 268, 1034, 450, 11, 1281, 695, 209, 110, 738, 99, 1220, 763, 416, 552, 277, 661, 146, 746, 139, 8, 1261, 14, 30, 68, 339, 245, 125, 177, 370, 243, 69, 380, 285, 124, 49, 715, 1085, 154, 708, 723, 279, 647, 10, 214, 64, 780, 283, 581, 933, 86, 142, 707, 97, 201, 1312, 87]","[367, 79, 394, 395, 40, 1013, 81, 901, 93, 368, 455, 382, 411, 1253, 1000, 576, 117, 28, 861, 287, 1032, 949, 20, 1031, 422, 1229, 570, 574, 414, 66, 12, 767, 1138, 137, 596, 121, 157, 387, 0, 363, 714, 322, 138, 842, 150, 545, 400, 870, 622, 762, 720, 904, 385, 779, 1310, 1090, 131, 987, 383, 406, 950, 98, 239, 166, 1016, 167]"
175,"[126, 70, 30, 182, 482, 8, 214, 495, 63, 660, 192, 233, 418, 11, 171, 132, 10, 49, 185, 87, 135, 110, 97, 186]","[95, 55, 175, 628, 668, 659, 131, 99, 146, 507, 194, 272, 868, 565]"
176,"[874, 323, 257, 271, 304, 249, 99, 12, 239, 1011, 947, 749, 49, 235, 269, 346, 110, 245, 150, 474, 327, 221, 873, 320, 297, 116, 1007, 6, 149, 261, 92, 267, 292, 457, 339, 284, 1096, 344, 272]","[326, 293, 287, 296, 750, 302, 342, 951, 24, 324, 740, 926, 236, 285, 128, 288, 507, 318, 880, 404, 918, 875, 180, 256]"
177,"[332, 202, 208, 55, 298, 78, 918, 88, 86, 181, 149, 174, 178, 317, 196, 194, 275, 402, 507, 1066, 99, 21, 171, 197, 167, 432, 474, 469, 293, 58, 22, 153, 805, 653, 11, 692, 222, 49, 152, 91, 10, 175, 468, 199, 134, 962, 172, 63, 1217, 287, 526, 185, 59, 215, 301, 339, 6, 641, 323, 180, 182, 306, 126, 173, 209, 143, 97, 155, 41, 186, 159]","[320, 68, 242, 959, 650, 123, 1038, 299, 0, 270, 244, 288, 259, 947, 195, 46, 877, 335, 269, 333, 337, 688, 420, 342, 160, 120, 54, 357, 267, 627, 567, 216, 291, 321, 257, 128, 95, 1109, 677, 747, 326, 237, 203, 220]"
178,"[247, 567, 730, 844, 316, 432, 384, 198, 208, 72, 233, 147, 254, 124, 120, 130, 925, 548, 426, 301, 287, 654, 249, 650, 1003, 274, 1011, 209, 192, 283, 57, 1034, 69, 865, 177, 519, 21, 82, 88, 366, 98, 203, 182, 341, 1168, 565, 194, 7, 256, 499, 270, 116, 97, 453, 186, 738, 509, 180, 54, 95, 215, 27, 490, 14, 325, 430, 227, 494, 477, 70, 15, 695, 195, 257, 596, 240, 122, 1, 201, 299, 218, 175, 1314, 273, 317, 236, 471, 1015, 81, 684, 1100, 94, 590, 237, 126, 96, 750, 728, 279, 264, 577, 10, 762, 353, 422, 55, 86, 225, 312, 152, 782, 142, 315, 49, 154, 183, 808, 61, 229, 123, 678, 143, 723, 1257, 76, 6, 734, 156, 483, 63, 171, 434, 228, 78, 167, 0, 1196, 657, 232, 292, 791, 65, 482, 747, 303, 221, 30, 245, 50, 780, 330, 510, 683, 627, 193, 160, 214, 409, 11, 282, 992, 470, 587, 146, 99, 530, 132, 231, 68, 202, 173, 268, 222, 172, 267, 117, 1118, 110]","[331, 741, 275, 677, 281, 105, 217, 983, 357, 977, 244, 178, 545, 134, 848, 1050, 479, 681, 75, 1282, 285, 464, 243, 454, 507, 595, 24, 745, 863, 876, 133, 258, 362, 272, 539, 1299, 293, 322, 761, 618, 213, 457, 894, 38, 259, 196, 755, 845, 763, 339, 321, 789, 280, 37, 23, 1156, 234, 89, 404, 297, 91, 248, 875, 653, 468, 1047, 818, 8, 199, 534, 1032, 1313, 743, 505, 318, 1037, 475, 624, 459, 1046, 179, 155, 332, 719, 1010, 606, 163, 822, 880, 294, 872, 327, 338, 1027, 219]"
179,"[904, 257, 315, 894, 314, 353, 304, 300, 309, 271, 301, 332, 339, 287, 299, 913, 681, 915, 537, 312]","[338, 750, 344, 1315, 268, 749, 302, 345, 330, 892, 320, 916, 689, 306, 361, 1126, 690, 901, 1233, 352, 270, 346]"
180,"[461, 67, 761, 430, 432, 120, 82, 212, 630, 420, 110, 68, 215, 55, 155, 693, 1130, 422, 172, 728, 657, 185, 379, 257, 732, 683, 659, 97, 195, 960, 317, 371, 746, 938, 784, 221, 468, 190, 52, 39, 734, 654, 234]","[201, 1118, 736, 78, 66, 715, 402, 27, 203, 731, 777, 152, 789, 200, 366, 1045, 11, 738, 180, 355]"
181,"[219, 120, 404, 6, 741, 681, 24, 8, 287, 973, 590, 281, 269, 288, 475, 273, 221, 595, 236, 279]","[1080, 263, 871, 2, 1294, 278, 324, 937, 305, 740, 1014, 761, 869, 1059, 1287, 926, 695, 929, 618, 333, 13, 1331, 1333, 1326, 327, 0, 239, 1009, 1093, 407, 873, 1382, 1341, 15, 326, 978, 220, 994, 1163, 1000, 1347, 301, 1319, 1323, 596, 1092, 303, 1321, 1363, 679, 122, 19, 974, 123, 822, 368, 687, 456, 405, 358, 1345, 1392, 1350, 1197, 925, 320, 1066, 886, 1346, 285, 1050, 1361, 1264, 763, 1290, 300, 1311, 823, 1383, 881, 1127, 1370, 334, 1317, 318, 675, 1201, 457, 1385, 932, 1119, 329, 865, 1047, 828, 20, 111, 1389, 1281, 147, 1369, 1271, 839, 1258, 1377, 323, 268, 275, 826, 1288, 765, 282, 1372, 921, 977, 739, 148, 255, 124, 367, 1384, 9, 833, 1016, 1056, 1086, 845, 818, 927, 265, 1067, 928, 989, 936, 1360, 1128, 1133, 885, 261, 975, 831, 242, 250, 1373, 1387, 1283, 747, 1008, 259, 1048, 824, 877, 1386, 1342, 1356, 1375, 102, 1051, 880, 1378, 224, 1329, 1353, 1150, 979, 949, 149, 1368, 1039, 276, 947, 1366, 1173, 1335, 1343, 1391, 1376, 1164, 1359, 423, 1027, 619, 145, 257, 458, 1374, 12, 1394, 951, 878, 283, 983, 1332, 872, 307, 336, 260, 267, 471, 984, 840, 146, 277, 689, 985, 328, 762, 924, 136, 293, 470, 930, 1362, 990, 1338, 234, 680, 812, 1084, 14, 1348, 1388, 844, 988, 1336, 454, 362, 1037, 982, 923, 1001, 476, 104, 1358, 876, 335, 474, 933, 1161, 1025, 357, 1276, 919, 1279, 981, 759, 359, 1131, 1096, 290, 412, 289, 1113, 117, 748, 455, 1254, 1330, 99, 766, 976, 306, 116, 875, 1058, 1196, 18, 128, 17, 223, 110, 830, 546, 1371, 103, 92, 125, 406, 1244, 1053, 1149, 1337, 817, 1301, 1339, 321, 408, 241, 274, 819, 843, 325, 918, 882, 1354, 1151, 755, 1021, 757, 262, 299, 235, 411, 1172, 322, 1325, 5, 1083, 1390, 1344, 459, 108, 1334, 682, 1094, 23, 717, 304, 291, 884, 931, 832, 863, 1318, 1116, 1101, 627, 115, 874, 1046, 1349, 980, 1364, 258, 743, 1251, 594, 1327, 1160, 284, 1320, 1393, 1114, 1322, 1085, 827, 1198, 331, 1379, 330, 410, 302, 121, 1162, 883, 846, 409, 107, 1010, 1170, 597, 1328, 507, 1186, 677, 1033, 1381, 332, 712, 742, 592, 105, 1355, 870, 1295, 684, 150, 1024, 686, 472, 716, 545, 1007, 987, 1060, 129, 1352, 1365, 1078, 244, 119, 1275, 106, 1280, 1367, 1214, 298, 1324, 1241, 369, 286, 1340, 543, 1351, 1316, 280, 1357, 1136, 272, 879, 825, 1032, 814, 1380, 1286]"
182,"[68, 171, 863, 422, 470, 122, 190, 110, 125, 478, 180, 49, 595, 177, 0, 14]","[844, 292, 236, 762, 120, 99, 282, 221, 256, 202, 149, 47]"
183,"[240, 404, 482, 719, 158, 226, 272, 221, 484, 215, 211, 54, 229, 379, 201, 227, 176, 273, 648, 738]","[95, 561, 224, 249, 1216, 87, 264, 202, 330, 449, 53, 256, 293, 269, 228, 76, 175, 1158, 209, 225, 180, 1089, 355, 374, 430, 61, 93, 143, 120, 448, 49, 1214, 257]"
184,"[320, 186, 97, 601, 190, 513, 85, 206, 180, 70, 99, 1136, 497, 46, 520, 131, 13, 1019, 779, 171, 835, 88, 274, 854, 530, 603, 461, 1135, 286, 51, 207, 1009, 698, 195, 477, 587, 69, 123, 510, 646, 581, 136, 641, 1395, 1397, 285, 63, 115, 949, 236, 57, 381, 249, 56, 605, 8, 514, 422, 516, 496, 656, 220, 209, 630, 126, 527, 356, 377, 182, 43, 175, 380, 944, 511, 526, 1166, 707, 653, 19, 24, 482, 284, 214, 65, 528, 507, 693, 522, 392, 50, 181, 643, 92, 282, 595, 1159, 49, 39, 164, 184, 450, 706, 212, 714, 64, 0, 339, 491, 631, 222, 169, 1007, 691, 484, 427, 495, 723, 487, 812, 133, 472, 271, 215, 486, 639, 505, 312, 1120, 503, 261, 237, 1100, 370, 791, 317, 275, 386, 191, 1085, 508, 479, 675, 211, 196, 273, 94]","[217, 152, 411, 521, 276, 659, 160, 35, 154, 728, 558, 715, 125, 1011, 1005, 91, 14, 216, 644, 971, 258, 87, 457, 664, 1231, 948, 254, 12, 201, 76, 257, 33, 692, 552, 230, 765, 404, 68, 21, 90, 1194, 409, 583, 567, 804, 71, 251, 173, 446, 10, 1396, 66, 142, 741, 163, 253, 941, 994, 735, 116, 401, 165, 442, 1013, 737, 410, 400, 81, 96, 746, 955, 398, 650, 638, 202, 174, 738, 1116, 120, 78, 1147, 117, 844, 1060, 663, 234, 475, 654, 590, 395, 6, 300, 1296, 219, 55, 402, 316, 28, 159, 367, 240, 836, 628, 734, 371]"
185,"[22, 286, 215, 113, 739, 198, 268, 126, 527, 236, 195, 637, 196, 317, 27, 85, 284, 222, 278, 514, 446, 274, 689, 180, 1019, 275, 110, 513, 422, 8, 24, 115, 320, 285, 177, 844, 46, 49, 702, 257, 479, 301]","[938, 14, 204, 159, 700, 238]"
186,"[565, 147, 469, 280, 384, 587, 924, 321, 590, 549, 1276, 1252, 70, 256, 43, 116, 224, 987, 30, 938, 545, 99, 225, 299, 595, 1015, 78, 305, 828, 567, 331, 539, 97, 202, 290, 355, 683, 37, 476, 886, 329, 688, 158, 54, 1041, 176, 76, 146]","[301, 249, 262, 982, 405, 976, 52, 332, 741, 769, 236, 553, 326, 287, 337, 716, 117, 298, 94, 242, 105, 933, 1398, 753, 594, 120, 302, 1045, 55, 879, 1335, 1082, 257, 297, 819, 1032, 11, 293, 1212, 1384, 330, 404, 294, 268]"
187,"[63, 209, 134, 115, 69, 426, 27, 791, 658, 746, 85, 274, 195, 190, 432, 734, 650, 213, 64, 196, 215, 427, 659, 167, 212, 68, 735, 178, 422, 22, 7, 461, 208, 82, 185, 434, 299, 706, 172, 136, 51, 709, 1064, 693]","[214, 522, 731, 174, 521, 581, 1118, 662, 96, 133, 240, 203]"
188,"[691, 142, 442, 95, 217, 473, 87, 203, 233, 356, 68, 6, 210, 627, 172, 209, 147, 12, 97, 76, 418, 78, 55, 716, 391, 631, 215, 126, 929, 184, 163, 567, 482, 628, 497, 4, 763, 461, 552, 650, 99, 96, 467, 63, 176, 53, 120, 469, 21, 565, 741, 161, 287, 590, 152, 179, 75, 518, 672, 317, 198, 264, 173, 454, 355, 10, 49, 299, 175, 483]","[236, 768, 190, 158, 553, 791, 510, 232, 194, 503, 37, 204, 325, 484, 731, 208, 1212, 201, 65, 160, 180, 239, 863, 1262, 225, 27, 156, 280, 876, 117, 293, 143, 677, 927, 1040, 150, 193, 509, 683, 634, 258, 186]"
189,"[511, 519, 1059, 525, 55, 19, 196, 750, 1004, 1114, 0, 29, 461, 252, 479, 704, 1020, 693, 495, 1098, 1371, 631, 651, 1097, 273, 172, 215, 247, 656, 846, 142, 99, 483, 504, 482, 95, 606, 1402, 224, 274, 293, 267, 509, 473, 512, 638, 134, 478, 133, 193, 173, 637, 233, 175, 1116, 126, 88, 197, 130, 422, 43, 498, 195, 171, 98, 282, 203, 131, 646, 1064, 500, 23, 135, 96, 237, 655, 245, 526, 12, 602, 629, 206, 499, 486, 123, 165, 316, 190, 82, 484, 149, 1401, 377, 49, 862, 177, 164, 150, 174, 660, 3, 516, 9, 1400, 951, 132, 432, 497, 485, 1019, 317, 136, 156, 7, 791, 198, 524, 510, 658, 587, 1403, 178, 27, 488, 13, 458, 567, 169, 184, 472, 531, 522, 581, 179]","[633, 202, 90, 119, 44, 275, 128, 59, 280, 814, 20, 120, 617, 731, 14, 380, 78, 30, 595, 8, 15, 819, 1399, 240, 104, 854, 515, 312, 6, 491, 208, 161, 662, 213, 117, 933, 653, 989, 60, 913, 180, 1314, 417, 502, 741, 1055, 254, 530, 404, 1153, 296, 185, 58]"
190,"[116, 301, 146, 750, 299, 627, 268, 221, 404, 332, 353, 470, 14, 312, 244, 271, 272, 590, 275, 543, 309, 325, 147, 99, 6, 236, 287]","[976, 973, 339, 716, 741, 281, 117, 293, 290, 747, 362, 1312, 894, 538, 124, 280, 897, 822, 988, 684, 120, 507, 596, 695, 545, 327, 257, 326, 825, 23, 929, 8]"
191,"[301, 285, 300, 312, 85, 271, 299, 899, 749, 330, 339, 315, 344, 314]","[750, 753, 751, 287, 895, 306, 327, 268, 331, 342, 269, 890, 338]"
192,"[1060, 1159, 126, 300, 339, 1404, 301, 256, 1136, 257, 283, 49, 107, 24, 812, 514, 6, 99, 288, 8, 286]","[475, 947, 251, 275, 276, 120, 234, 124, 1170, 254, 1264, 268, 110, 117]"
193,"[940, 406, 1077, 626, 434, 392, 692, 672, 116, 275, 484, 173, 552, 683, 749, 300, 844, 126, 154, 442, 1405, 99, 209, 306, 193, 186, 365, 268, 309, 299, 507, 236, 0, 22, 741, 738, 1167, 904, 198, 312, 24, 279, 68, 176, 217, 152, 579, 754, 78, 285, 181, 158, 346, 486, 281, 689]","[95, 868, 878, 409, 789, 331, 553, 826, 367, 681, 194, 1131, 327, 287, 233, 464, 267, 870, 32, 110, 361, 1, 257, 1257, 814, 28, 688, 258, 55, 146, 259, 351, 927, 326, 721, 245, 72, 411, 273, 37, 401, 561, 81, 780, 93, 71, 540, 353, 762, 475, 402, 894, 1073, 342, 293, 160, 121, 120, 23, 825, 1406, 714, 332, 404, 1089]"
194,"[164, 465, 22, 186, 190, 646, 3, 791, 662, 529, 769, 519, 565, 430, 734, 55, 518, 51, 522, 50, 510, 316, 647, 0, 509, 217, 123, 184, 526, 57, 160, 43, 587, 97, 11, 525, 187, 143, 126, 192, 70, 426, 191, 63, 99, 196, 193, 502, 356, 68, 692, 8, 528, 836, 27, 21, 12, 466, 658, 654, 86, 237, 14, 482, 173, 579, 431, 293, 520, 473, 506, 156, 736, 172, 210, 178, 656, 517, 203, 167, 264, 185, 495, 514, 434, 660, 222, 317, 135, 198, 501]","[273, 384, 1210, 180, 1027, 53, 65, 171, 151, 76, 211, 238, 159, 477, 204, 233, 236, 81, 320, 1205, 403, 704, 575, 195, 409, 1182, 212, 469, 755, 970, 152, 215, 161, 61, 131, 707, 581, 29, 807, 630, 201, 432, 382, 1408, 449, 558, 116, 424, 516, 1219, 508, 283, 416, 25, 365, 214, 470, 743, 450, 174, 285, 513, 1057, 194, 197, 280, 288, 738, 231, 225, 945, 442, 202, 221, 635, 82, 226, 24, 6, 622, 615, 98, 93, 503, 209, 258, 940, 478, 659, 567, 481, 691, 1092, 779, 179, 950, 94, 234, 69, 938, 1044, 490, 484, 641, 402, 30, 153, 455, 375, 627, 134, 632, 177, 89, 1411, 228, 545, 497, 624, 480, 561, 422, 735, 355, 120, 404, 819, 1010, 1040, 761, 49, 413, 229, 181, 117, 224, 85, 1206, 731, 7, 1065, 72, 623, 996, 75, 548, 158, 133, 401, 182, 719, 1410, 990, 943, 90, 448, 639, 863, 240, 154, 379, 80, 370, 208, 275, 1090, 541, 87, 782, 418, 1043, 673, 28, 870, 1409, 1407, 88, 487, 281, 650, 628, 539, 515, 132, 142, 392, 218, 71, 464, 77, 386, 366, 96, 176, 1106, 678, 78, 124, 66, 166, 1111, 714, 227, 709, 789, 603, 569, 549, 711, 653, 574, 398, 207, 500]"
195,"[272, 750, 327, 1013, 264, 495, 386, 180, 886, 13, 99, 1083, 590, 297, 257, 420, 1088, 303, 650, 212, 822, 1417, 270, 54, 131, 46, 126, 499, 142, 1192, 312, 275, 450, 133, 233, 581, 1314, 134, 241, 506, 614]","[1051, 299, 153, 185, 406, 476, 226, 98, 468, 60, 1012, 1227, 830, 66, 778, 324, 45, 770, 1416, 920, 635, 234, 557, 58, 263, 796, 752, 981, 1415, 1406, 325, 412, 151, 507, 808, 197, 1412, 92, 1414, 677, 876, 739, 372, 432, 383, 1029, 1413, 385, 357, 59, 747, 430, 840, 108, 365]"
196,"[392, 380, 654, 66, 305, 237, 662, 110, 24, 285, 691, 7, 427, 1117, 107, 381, 284, 1006, 410, 152, 1021, 844]","[241, 250, 579, 93, 69, 65, 256, 201, 339, 286, 115, 1240, 12, 761, 172, 268, 109]"
197,"[95, 346, 510, 299, 514, 293, 175, 569, 448, 509, 565, 650, 180, 327, 186, 194, 343, 88, 749, 126, 257, 288, 232, 160, 78, 1227, 173, 225, 315, 209, 361, 312, 664, 231, 683, 434, 21, 229, 244, 227, 264, 171, 525, 182, 878, 553, 81, 176, 310, 567, 271, 49, 575, 801]","[345, 687, 301, 54, 228, 517, 848, 287, 230, 430, 769, 1418, 67, 384, 747, 719, 339, 807, 778, 270, 91, 32, 320, 689, 61, 577, 285, 189, 879, 529, 549, 258, 322, 187, 398, 332, 585, 677, 894, 55, 38, 372, 678, 353, 1, 10, 321, 37, 28, 306, 402, 240, 331, 1221, 3, 181, 1419, 183, 537, 946, 325, 750, 226, 305]"
198,"[257, 6, 134, 178, 213, 650, 1168, 426, 510, 745, 356, 10, 428, 187, 22, 216, 628, 171, 317, 192, 653, 196, 175, 508, 181, 526, 153, 182, 173, 500, 659, 197, 186, 978, 172, 402, 1141, 214, 167, 209, 100, 0, 55, 97, 190, 215, 131, 654, 199, 1244, 152, 726, 68, 381, 63, 479, 185, 126, 530, 49, 446, 180, 474, 525, 473, 88, 136, 941, 150, 95, 80, 427, 237]","[497, 57, 233, 117, 657, 99, 23, 639, 179, 548, 384, 1116, 248, 155, 50, 147, 567, 401, 96, 322, 14, 1013, 183, 747, 240, 635, 409, 691, 174, 94, 78, 81, 195, 64, 630, 202, 227, 32, 217, 380, 558, 1093, 279, 454, 958, 692, 870, 689, 24, 299, 221, 762, 275, 120, 207, 297, 5, 410, 355, 116, 142, 54, 160, 922, 69, 432, 1243, 264, 184, 236, 194, 580, 368, 72, 430, 433, 651, 121, 163, 107, 130, 819, 26, 3, 706, 823, 228, 822, 517, 404, 461, 290, 30, 247, 229, 200, 938, 342, 422, 70, 681, 366, 203, 469, 127, 683, 92, 672]"
199,"[220, 267, 257, 472, 241, 275, 284, 285, 474, 507, 115, 92, 6, 312, 8, 13, 407, 268]","[323, 321, 677, 987, 293, 110, 116, 404, 947, 686, 258, 988, 0, 891, 1325, 99, 322, 538, 812, 750, 242, 1353]"
200,"[221, 672, 317, 303, 95, 364, 10, 891, 587, 477, 240, 664, 401, 226, 71, 264, 585, 228, 190, 224, 430, 285, 527, 830, 6, 217, 120, 356, 24, 142, 81, 28, 32, 204, 293, 569, 577, 14, 172, 312, 173, 684, 472, 230, 207, 372, 583, 195, 559, 390, 1, 767, 839, 928, 801, 182, 7, 214, 147, 558, 1227, 716, 227, 209, 673, 275, 49, 146, 575, 596, 122, 431, 134, 257, 770, 87, 55, 124, 754, 419, 139, 392, 738, 418, 57, 98, 187, 678, 0, 514, 279, 825, 450, 1418, 281, 68, 168, 176, 225, 27, 391, 178, 88, 194, 53, 97, 324, 548, 865, 357, 67, 759, 62, 500, 889, 526, 567, 551, 1090, 471, 422, 140, 116, 495, 160, 192, 482, 117, 131, 384, 90, 508, 461, 923, 442, 61, 581, 201, 94, 595, 70, 233, 93, 741, 78, 1216, 377, 950, 448, 229, 8, 719, 379, 171, 175, 811, 469, 203, 287, 428, 21, 464, 446, 522]","[290, 23, 408, 102, 819, 44, 150, 37, 742, 1059, 111, 1032, 1410, 579, 651, 659, 541, 362, 691, 1048, 1138, 494, 840, 545, 1218, 1033, 983, 106, 981, 410, 400, 757, 755, 42, 234, 47, 747, 409, 621, 454, 404, 322, 242, 244, 1072, 608, 930, 929, 933, 238, 1027, 138]"
201,"[218, 766, 1099, 202, 517, 1244, 78, 196, 852, 312, 404, 586, 474, 22, 650, 241, 3, 25, 479, 990, 212, 97, 197, 460, 274, 149, 189, 356, 270, 275, 446, 707, 1193, 203, 481, 284, 323, 339, 595, 324, 56, 155, 175, 301, 669, 49, 55, 330, 641, 1168, 259, 692, 654, 99, 222, 772, 187, 434, 75, 287, 233, 961, 1427, 226, 81, 1192, 771, 955, 1267, 10, 587, 422, 581, 128, 1069, 190, 407, 1134, 465, 333, 46, 457, 178, 41, 215, 171, 126, 317, 217, 232, 468, 1127, 555, 195, 345, 184, 85, 136, 1130, 58, 64, 159, 606, 199, 514, 182, 191, 1169, 714, 95, 143, 854, 211, 45, 92, 156, 133, 57, 267, 467, 1173, 655, 181, 505, 639, 11, 478, 1397, 602, 791, 200, 54, 696, 1207, 507, 32, 1136, 236]","[978, 145, 694, 648, 959, 271, 431, 147, 208, 746, 214, 50, 1228, 508, 918, 68, 659, 205, 1009, 402, 685, 420, 116, 291, 331, 942, 325, 369, 36, 451, 776, 1, 1210, 374, 843, 557, 979, 822, 86, 163, 1423, 209, 303, 31, 379, 1186, 1062, 280, 675, 954, 7, 453, 895, 536, 174, 1424, 512, 60, 1097, 127, 69, 67, 332, 264, 461, 405, 672, 1426, 192, 543, 683, 526, 1038, 76, 577, 98, 19, 855, 442, 846, 35, 186, 1152, 635, 239, 562, 588, 1226, 466, 530, 773, 220, 88, 91, 8, 26, 288, 596, 824, 318, 24, 384, 240, 320, 550, 1162, 122, 183, 1219, 1064, 61, 173, 1007, 70, 558, 412, 38, 657, 52, 447, 378, 949, 170, 1421, 386, 1010, 750, 454, 237, 734, 630, 788, 123, 437, 1223, 545, 504, 94, 590, 380, 1072, 728, 30, 120, 179, 424, 281, 463, 802, 206, 520, 230, 229, 1420, 1005, 678, 643, 922, 180, 666, 664, 513, 482, 698, 671, 1044, 1068, 749, 401, 221, 117, 566, 225, 185, 272, 257, 681, 302, 510, 268, 285, 227, 316, 144, 636, 472, 435, 1191, 201, 96, 1135, 430, 580, 684, 63, 1422, 971, 395, 314, 80, 567, 885, 653, 1400, 172, 16, 357, 894, 210, 1266, 1055, 732, 47, 440, 365, 9, 1425, 691, 769, 565, 115, 701, 21, 923, 28, 231, 589, 548, 216, 805, 1354, 0, 283, 124, 1165, 1102, 44, 736, 704, 6, 582, 238, 194, 14, 439, 27, 799, 470]"
202,"[483, 603, 257, 515, 268, 194, 95]","[282, 514, 171, 172, 285, 422, 203, 480, 241, 0, 317, 190, 178]"
203,"[470, 92, 180, 331, 116, 325, 23, 150, 49, 247, 249, 287, 814, 149, 282, 275, 221, 878, 476, 627]","[320, 281, 147, 335, 293, 270, 0, 618, 6, 303, 474, 99, 992, 256, 257, 322, 741, 1048, 889, 236, 747, 457, 743]"
204,"[215, 339, 291, 314, 190, 1193, 481, 1021, 296, 44, 301, 302, 241, 261, 169, 317, 1295, 300, 315, 268, 8, 11]","[171, 747, 257, 309, 285, 258, 244, 0, 335, 303, 1280, 873, 299, 320, 145, 321, 287, 267, 879, 332]"
205,"[315, 332, 288, 325, 314, 241, 747]","[303, 677, 983, 312, 257, 268, 242, 327, 299, 285, 1024, 874, 267, 321, 293]"
206,"[301, 332, 287, 1126, 895, 257, 894, 314, 312, 268, 747, 345, 271, 309]","[322, 899, 1393, 244, 902, 361, 903, 872, 888, 1429, 749, 677, 293, 259, 881, 313, 989, 1312, 890, 689, 308, 339, 360, 307, 261, 1433, 690, 1021, 358, 1023, 748, 682, 1430, 1394, 299, 1061, 342, 336, 1175, 1431, 359, 681, 331, 1428, 241, 1174, 1432, 1232, 325, 335]"
207,"[257, 317, 24, 1045, 3, 86, 530, 507, 97, 13, 745, 132, 753, 169, 467, 1241, 272, 268, 528, 1097, 133, 1282, 185, 312, 41, 27, 186, 519, 567, 58, 193, 173, 1196, 160, 204, 152, 1146, 190, 78, 526, 14, 659, 22, 178, 482, 523, 565, 236, 513, 126, 608, 711, 741, 734, 196, 281, 508, 184, 195, 434, 520, 356, 654, 316, 68, 241, 215, 124, 8, 55, 525, 301, 142, 422, 63, 315, 870, 210, 514, 392, 207, 427]","[475, 590, 1114, 12, 844, 67, 106, 57, 553, 64, 1349, 191, 715, 1435, 809, 120, 863, 826, 202, 786, 409, 289, 130, 641, 575, 1101, 293, 52, 1377, 155, 134, 182, 170, 1117, 149, 187, 244, 1225, 539, 327, 831, 7, 143, 240, 1, 321, 432, 579, 996, 874, 99, 627, 264, 985, 153, 865, 977, 180, 1332, 840, 992, 223, 136, 290, 11, 561, 825, 297, 275, 457, 59, 87, 755, 209, 4, 695, 318, 247, 280, 110, 54, 461, 848, 37, 238, 683, 1224, 283, 1027, 32, 413, 174, 1048, 179, 69, 747, 630, 470, 201, 159, 232, 285, 91, 410, 721, 474, 181, 469, 225, 292, 1434, 545, 81, 1271, 460, 366, 1330, 203, 1011, 534, 95, 222, 116, 254, 21, 10, 157, 691, 762, 194, 684, 72, 596, 2, 537, 516, 384, 846, 17, 44, 128, 176, 1169, 1022, 804, 237, 791, 172]"
208,"[215, 662, 196, 201, 87, 513, 661, 429, 210, 427, 523, 522, 434, 401, 207, 185, 96, 193, 738, 309, 370, 65, 392]","[203, 301, 380, 55, 366, 69, 995, 516, 85, 780]"
209,"[250, 407, 241, 320, 49, 1136, 765, 0, 284, 180, 15, 126, 812, 1085, 292]","[905, 687, 268, 257, 350, 897, 348, 1104, 303, 300, 332, 285, 13, 270, 8, 248, 128, 275]"
210,"[203, 69, 96, 526, 273, 356, 160, 379, 57, 134, 95, 630, 133, 254, 464, 721, 159, 500, 403, 215, 446, 201, 185, 199, 175, 72, 24, 402, 483, 49, 734, 64, 184, 256, 210, 181, 691, 418, 186, 522, 275, 750, 151, 196, 299, 87, 126, 209, 419, 153, 1011, 171, 22, 93, 55, 179, 194, 516, 567, 326, 434, 289, 68, 481, 180, 482, 207, 656, 300, 3, 422, 98, 166, 152, 731, 513, 14, 314, 442, 233, 707, 653, 221, 654, 968, 78, 401, 1117, 97, 204, 0, 173, 301, 167, 120, 172, 131, 113, 650, 27]","[39, 501, 218, 48, 237, 43, 242, 187, 678, 661, 952, 863, 178, 925, 410, 628, 820, 955, 71, 391, 392, 234, 762, 754, 683, 104, 791, 450, 229, 1027, 831, 162]"
211,"[126, 525, 256, 285, 456, 519, 422, 461, 204, 704, 198, 527, 116, 214]","[299, 677, 180, 309, 686, 262, 875, 356, 454, 302, 227, 68, 8, 1126, 490, 229, 1024, 63, 274, 595, 1329, 442, 889]"
212,"[514, 510, 285, 196, 426, 381, 526, 198, 422, 267, 527, 245, 734, 85, 630, 317, 86, 316]","[179, 190, 178, 644, 268, 126, 862]"
213,"[272, 171, 172, 514, 175, 12, 608, 11, 47, 143, 545, 49, 24, 446, 78, 714, 508, 10, 150, 134, 203, 1, 447, 513, 734, 683, 677, 96, 356, 199, 474, 627, 280, 192, 179, 602, 131, 233, 691, 120, 173, 567, 228, 273, 777, 590, 840, 237, 99, 317, 198, 213, 501, 155, 30, 174, 180, 431, 142, 503, 654, 510, 184, 23, 941, 256, 477, 478, 117, 186, 126, 283, 257, 520, 462, 181, 482, 191, 55, 454, 105, 163, 457, 596, 581, 212, 169, 507, 217, 54, 116, 63, 830, 626, 6, 153, 196, 211, 194, 41, 923, 287, 193, 97, 124, 156]","[234, 132, 293, 470, 689, 7, 473, 0, 1214, 684, 251, 285, 221, 404, 984, 392, 755, 68, 1011, 69]"
214,"[567, 477, 116, 136, 212, 301, 1128, 41, 150, 651, 78, 178, 1064, 120, 207, 44, 407, 530, 284, 1038, 6, 55, 235, 326, 247, 1400, 511, 220, 312, 38, 855, 237, 11, 194, 215, 31, 482, 22, 460, 131, 133, 19, 186, 508, 323, 184, 526, 707, 426, 649, 317, 478, 63, 126, 99, 179, 521, 474, 704, 165, 170, 461, 91, 173, 607, 155, 174, 602, 195, 1072, 168, 7, 88, 515, 92, 507, 190, 1016, 172, 495, 97, 356, 481, 187, 252, 113, 181, 895, 208, 10, 54]","[333, 130, 692, 274, 871, 324, 951, 293, 49, 256, 306, 21, 267, 12, 287, 345, 245, 268, 339, 751, 318, 180, 222, 153, 171, 134, 248, 23, 167, 297, 581, 68, 959, 275, 517, 720, 249]"
215,"[210, 420, 422, 196, 143, 156, 150, 193, 1038, 88, 63, 473, 482, 182, 209, 221, 184, 431, 215, 442, 185, 448, 433, 356, 178, 353, 226, 175, 522, 133, 479, 495, 190, 270, 312, 195, 49, 201, 98, 1062, 126, 227, 194, 236, 516, 27, 173, 55, 167, 97, 233, 131, 225, 86, 180, 207, 171, 53]","[211, 163, 21, 81, 10, 204, 238, 449, 229, 450, 7, 237, 214, 69, 257, 181, 22, 269, 379, 228, 14, 202, 299, 287, 635, 217, 179, 691, 76, 432, 87, 203, 271, 551, 158]"
216,"[143, 530, 54, 173, 195, 68, 696, 11, 285, 297, 201, 650, 720, 627, 171, 217, 203, 6, 3, 107, 92, 1160, 27, 152, 420, 1100, 281, 233, 356, 149, 199, 167, 8, 651, 121, 474, 187, 220, 181, 312, 57, 214, 81, 942, 317, 155, 10, 422, 788, 41, 236, 99, 215, 78, 97, 21, 734, 55, 63, 465, 237, 654, 301, 49, 183, 762, 672, 90, 746, 275, 507, 0, 495, 314, 80, 209, 64, 128, 133, 46, 1066, 96, 2, 146]","[657, 227, 142, 576, 248, 225, 273, 497, 1046, 230, 366, 94, 763, 823, 692, 14, 432, 367, 71, 1009, 404, 1034, 363, 927, 24, 1217, 411, 279, 789, 401, 568, 256, 407, 402, 200, 168, 395, 66, 65, 355, 415, 545, 26, 150, 188, 832, 180]"
217,"[596, 143, 6, 21, 81, 194, 565, 577, 684, 796, 116, 230, 664, 117, 390, 175, 32, 678, 78, 55, 209, 567, 299, 221, 402, 232, 95, 760, 10, 683]","[1, 181, 26, 1221, 809, 539, 52, 67, 553, 575, 184, 1302, 257, 173, 225, 839, 280, 362, 397, 37, 826, 120, 1227, 28, 545, 372, 540, 719, 549, 182, 49, 778, 146, 561, 180, 471, 171, 635, 585, 61, 1033, 384, 16, 404, 824, 807]"
218,"[208, 32, 515, 272, 761, 653, 11, 153, 99, 202, 167, 46, 1072, 182, 54, 658, 268, 647, 41, 175, 465, 602, 22, 513, 152, 656, 97]","[429, 207, 193, 503, 264, 694, 516, 409, 788, 4, 3, 172, 293, 711, 7, 55, 38, 641, 590, 174, 185, 203, 662, 287, 430, 163]"
219,"[178, 302, 545, 131, 113, 214, 268, 381, 615, 854, 257, 878, 935, 3, 630, 663, 222, 905, 432]","[81, 346, 881, 12, 934, 567, 1013, 70, 37]"
220,"[297, 302, 305, 287, 300, 285, 681, 267, 318, 299, 304, 293, 288, 268, 339]","[332, 324, 342, 263, 994, 257, 331]"
221,"[474, 942, 47, 326, 1058, 68, 203, 507, 267, 171, 249, 317, 683, 16, 1072, 99, 31, 466, 38, 91, 256, 788, 128, 720, 52, 271, 230, 1011, 939, 1133, 172, 23, 2, 460, 402, 75, 32, 567, 63, 384, 22, 334, 217, 297, 6, 155, 49, 239, 731, 78, 543, 762, 272, 95, 694, 281, 185, 1016, 177, 180, 345, 214, 285, 1216, 26, 761, 41, 173, 183, 209, 1010, 258, 54, 650, 1097, 577, 149, 245, 11, 846, 55, 750, 549, 736, 116, 143]","[1009, 779, 1249, 467, 1217, 1313, 1066, 1406, 894, 1034, 1209, 587, 622, 127, 117, 264, 69, 495, 160, 153, 684, 823, 3, 475, 257, 108, 469, 1089, 385, 357, 406, 401, 58, 221, 107, 28, 229, 565, 468, 1184, 575, 1266, 383, 390, 150, 93, 226, 808, 404, 484, 120, 1436, 398, 422, 287, 1015, 1207, 37, 632, 930]"
222,"[365, 749, 754, 117, 76, 96, 172, 795, 52, 21, 87, 1056, 1041, 1043, 1283, 134, 156, 152, 297, 171, 209, 68, 432, 163, 738, 755, 154, 435, 95, 1225, 312, 181, 688, 61, 231, 448, 6, 124, 1437, 143, 356, 526, 238, 195, 745, 287, 8, 267, 201, 11, 203, 848, 275, 81, 398, 70, 384, 894, 0, 160, 299, 567, 217, 126, 590, 221, 214, 247, 317, 182, 635, 88, 474, 208, 650, 281, 78, 215, 175, 734, 728, 72, 227, 185, 520, 30, 237, 805, 270, 256, 709, 213, 548, 654, 10, 1010, 731, 167, 94, 364, 391, 27, 325, 65, 327, 180, 692, 618, 218, 55, 392, 741, 401, 155, 184, 236, 67, 194, 245, 355, 1219, 536, 116, 257, 66, 99, 53, 587, 49, 100, 197, 691, 146, 422, 173, 192, 47, 71, 565, 627, 97, 430, 379, 332, 684, 229, 222, 63]","[723, 150, 277, 780, 811, 25, 48, 447, 378, 86, 105, 1040, 147, 551, 440, 1206, 28, 322, 24, 425, 1052, 714, 57, 1077, 938, 216, 553, 500, 249, 699, 292, 92, 230, 1238, 971, 576, 549, 412, 233, 39, 828, 1088, 671, 93, 418, 363, 410, 3, 814, 945, 400, 818, 779, 528, 367, 782, 279, 246, 7, 431, 721, 669, 767, 948, 141, 664, 868, 943, 930, 1266, 91, 839, 1178, 239, 394, 1053, 159, 14, 451, 1058, 251, 809, 470, 199, 408, 1418, 301, 661, 718, 657, 1, 1028, 80, 372, 832, 158, 280, 260, 69, 119, 762, 402, 807, 110, 269, 824, 1217, 232, 449, 406, 622, 539, 771, 768, 228, 62, 23, 79, 678, 366, 207, 120, 545, 377, 40, 1015, 387, 505, 472, 722, 226, 844, 131, 395, 940, 390, 467, 337, 1138, 283, 568, 174, 1335, 101, 374, 579, 575, 641, 558, 1073, 619, 1086, 1177, 507, 825, 928, 224, 577, 711, 43, 933, 1059, 157, 423, 1187, 715, 815, 190, 376, 450, 746, 677, 570, 179, 293, 1065, 144, 50, 1439, 417, 385, 225, 584, 1044, 421, 475, 1034, 362, 108, 77, 626, 153, 139, 476, 469, 716, 454, 574, 254, 653, 540, 98, 1438, 149, 769, 90, 166, 187, 541, 411, 636, 595, 733, 16, 445, 1078, 37, 357, 264, 248, 737, 456, 34, 89, 244, 789, 471, 1144, 1249, 464, 596, 1290, 161, 1205, 409, 404, 761, 240, 132]"
223,"[273, 968, 317, 321, 236, 469, 844, 0, 215, 297, 68, 254, 275, 1013, 21, 281, 142, 110, 596, 293, 331, 94, 865, 748, 681, 925, 992, 332, 256, 1015, 116, 1087, 308, 819, 338, 70, 312, 154, 277, 27, 172, 545]","[327, 10, 1149, 422, 762, 907, 7, 976, 410, 595, 257, 322, 248, 247, 716, 368, 119, 1299, 117, 224, 320, 24, 285, 741, 755, 251, 408, 845, 825, 974, 299, 1196, 619, 928, 294, 475, 1290, 1008, 973, 929, 590, 923, 124, 863, 283, 1050, 618, 184, 242, 534, 983, 258, 1283, 1051, 328, 404, 872, 287, 288, 476, 1233, 818, 120]"
224,"[76, 68, 177, 190, 214, 21, 386, 845, 391, 281, 661, 654, 1038, 719, 293, 317, 50, 299, 161, 195, 726, 685, 14, 402, 27, 279, 96, 469, 312, 325, 348, 422, 238, 581, 355, 192, 659, 156, 698, 327, 379, 552, 467, 221, 401, 569, 525, 377, 730]","[28, 244, 25, 582, 677, 872, 19, 331, 948, 657, 527, 148, 42, 707, 1207, 257, 777, 300, 1118, 1441, 631, 878, 976, 242, 321, 324, 568, 85, 211, 1084, 517, 723, 750, 147, 222, 703, 286, 892, 276, 1043, 1162, 619, 1052, 134, 1211, 322, 548, 722, 580, 1044, 961, 1440, 10, 365, 285, 1057, 555, 1220, 1400, 275, 283, 332, 735, 743, 688, 468, 364, 220, 1151, 328, 924, 747, 675, 686, 1380, 53, 91, 320, 69, 714, 979, 554, 590, 990, 124, 923, 543, 236, 106, 728, 146, 125]"
225,"[192, 236, 479, 135, 63, 171, 417, 491, 1442, 21, 1202, 565, 426, 603, 285, 605, 704, 214, 193, 509, 602, 481, 477, 478, 97]","[142, 244]"
226,"[241, 55, 179, 269, 479, 6, 168, 13, 8, 27, 23, 97, 149, 257, 249, 404, 24, 173, 507, 526, 407, 223, 175, 712, 108, 190, 68, 812, 88, 202, 508, 285, 11, 178]","[146, 282, 1116, 208, 506, 181, 96, 651, 235, 274, 512, 369, 473, 22, 91, 595]"
227,"[49, 294, 410, 292, 125, 275, 115, 6, 18, 1007, 92, 474, 24, 1016, 123, 136, 323, 1006, 13, 220, 1010, 1066, 128, 1142, 273, 126, 12, 284, 99, 1067, 318, 286, 14]","[8, 243, 116, 285, 1009, 149, 105, 120, 321, 287, 293, 1027, 320, 272, 933, 459, 747, 1046, 249, 239, 248, 404, 740, 822, 755]"
228,"[287, 650, 312, 426, 654, 271, 689, 285, 811]","[474, 885, 649, 86, 203, 326, 97, 937, 749, 136, 274, 55]"
229,"[285, 348, 301, 339, 310, 268, 287, 343, 895, 897, 881]","[327, 346, 312, 314, 259, 874, 357, 749, 747, 257, 311, 244, 271, 299, 936, 750, 302, 885, 315]"
230,"[679, 741, 303, 171, 962, 418, 201, 377, 141, 233, 209, 195, 401, 49, 153, 124, 632, 581, 184, 50, 968, 152, 7, 738, 1191, 185, 442, 431, 290, 275, 10, 175, 180, 356, 483, 96, 484, 69, 140, 70, 417, 514, 133, 569, 78, 97, 950, 264, 27, 236, 94, 203, 426, 0, 81, 649, 215, 279, 238, 419, 222, 120, 265, 131, 293, 450, 587, 497, 404, 434, 370, 495, 213, 210, 99, 167, 161, 21, 160, 116, 173, 498, 142, 422, 63, 626, 548, 68, 698]","[1443, 137, 237, 510, 672, 392, 198, 208, 1049, 6, 606, 525, 182, 95, 181, 143, 384, 139, 227, 925, 620, 500, 608, 239, 24, 567, 446, 692, 90, 98, 627, 490, 283, 503, 621, 204, 134, 430, 55, 232, 421, 9, 194, 202]"
231,"[180, 125, 251, 845, 120, 747, 404, 923, 288, 470, 49, 299, 14]","[126, 150, 475, 254, 0, 596, 312, 865]"
232,"[482, 51, 196, 90, 174, 704, 0, 637, 707, 522, 63, 920, 172, 461, 497, 314, 275, 80, 55, 180, 193, 95, 203, 190, 201, 271, 460, 97, 317, 13, 473, 492, 288, 132, 530, 245, 301, 602, 513, 131, 185, 418, 165, 31, 169, 654, 99, 249, 1148, 47, 422, 164, 581, 3, 689, 899, 49, 177, 171, 267, 474, 424, 195, 43, 434, 356]","[629, 7, 274, 470, 21, 214, 650, 312, 1127, 233, 746, 514, 918, 269, 208, 75, 149, 116, 749, 268, 126, 68, 588, 507, 293, 743, 285]"
233,"[201, 374, 176, 207, 481, 805, 356, 957, 47, 173, 56, 97, 417, 643, 494, 211, 491, 68, 268, 96, 653, 204, 567, 81, 275, 312, 1193, 380, 256, 190, 192, 922, 422, 55, 514, 248, 508, 602, 70, 583, 505, 482, 827, 260, 191, 46, 13, 377, 195, 526, 222, 196, 203, 274, 142, 193, 233, 94, 734, 99, 632, 497, 587, 317, 292, 370, 520, 503, 215, 186, 510, 477, 22, 132, 120, 613, 126, 434, 167, 69, 522, 527, 646, 303, 659, 461, 134, 179, 63, 8, 214, 844]","[98, 285, 116, 57, 30, 498, 500, 639, 7, 90, 128, 622, 431, 202, 11, 49, 88, 3]"
234,"[205, 186, 625, 317, 97, 1396, 1185, 581, 131, 19, 704, 481, 49, 133, 656, 228, 505, 461, 637, 965, 208, 490, 518, 190, 315, 291, 506, 1462, 7, 500, 708, 920, 489, 659, 151, 413, 602, 603, 422, 846, 135, 169, 90, 498, 288, 241, 501, 522, 1019, 192, 1457, 557, 134, 480, 233, 483, 633, 482, 653, 207, 427, 426, 1125, 193, 926, 672, 650, 1455, 1063, 418, 744, 22, 1202, 21, 284, 529, 182, 429, 1120, 601, 3, 68, 473, 841, 609, 1444, 462, 514, 527, 969, 123, 1168, 177, 431, 496, 487, 403, 63, 428, 862, 674, 524, 612, 312, 223, 504, 605, 479, 27, 196, 497, 165, 503, 922, 495, 415, 510, 509, 472, 1451, 1220, 98, 835, 769, 356, 606, 198, 29, 866, 519, 478, 99, 1020, 44, 377, 662, 465, 628, 105, 723, 610, 640, 963, 30, 51, 494, 512, 660, 366, 463, 1448, 164, 614, 126, 493, 791, 655, 199]","[1183, 140, 611, 1450, 447, 1461, 9, 80, 486, 631, 240, 146, 227, 647, 570, 807, 1014, 160, 613, 232, 616, 617, 70, 484, 150, 499, 615, 595, 1034, 958, 670, 583, 71, 470, 282, 1171, 627, 211, 485, 13, 877, 141, 520, 212, 849, 730, 191, 78, 293, 1122, 600, 525, 94, 156, 565, 290, 236, 220, 780, 964, 0, 273, 327, 53, 726, 95, 116, 1148, 209, 927, 86, 400, 31, 11, 434, 944, 178, 1049, 72, 264, 76, 299, 75, 167, 492, 1456, 69, 204, 1197, 195, 928, 20, 738, 84, 430, 321, 450, 843, 201, 197, 873, 871, 548, 1454, 1453, 731, 692, 432, 275, 6, 420, 14, 185, 746, 286, 781, 235, 1047, 1297, 1262, 1399, 402, 962, 1077, 587, 283, 471, 847, 1458, 750, 217, 287, 588, 433, 1199, 629, 181, 47, 979, 469, 215, 173, 1446, 46, 152, 4, 1167, 854, 745, 1268, 155, 179, 1050, 886, 734, 590, 15, 184, 1132, 136, 949, 380, 142, 130, 162, 545, 139, 1043, 194, 132, 1204, 159, 210, 392, 101, 515, 1203, 607, 318, 1452, 1449, 872, 24, 1460, 306, 416, 476, 187, 691, 641, 320, 267, 110, 608, 645, 523, 516, 648, 180, 530, 289, 388, 87, 174, 1038, 176, 784, 39, 316, 844, 635, 214, 488, 276, 417, 435, 258, 153, 65, 764, 649, 1099, 442, 12, 300, 222, 618, 1368, 172, 55, 43, 171, 1284, 941, 955, 221, 8, 711, 549, 1169, 477, 411, 225, 604, 805, 10, 1329, 1445, 278, 96, 624, 129, 491, 551, 285, 1062, 652, 272, 328, 218, 950, 357, 124, 444, 115, 646, 206, 237, 831, 556, 203, 242, 621, 163, 748, 988, 1074, 526, 693, 938, 701, 685, 836, 118, 81, 1100, 88, 464, 147, 1010, 924, 630, 92, 654, 279, 370, 661, 983, 175, 502, 1119, 161, 384, 143, 303, 634, 257, 1009, 842, 767, 698, 446, 1002, 189, 1459, 1184, 622, 85, 658, 1, 1447, 834]"
235,"[184, 229, 69, 86, 479, 646, 1148, 418, 510, 1463, 318, 84, 274, 683, 647, 99, 434, 432, 791, 21, 473, 268, 51, 704, 345, 134, 192, 522, 236, 173, 212, 189, 196, 187, 6, 519, 514, 210, 651, 78, 493, 193, 190, 68, 654, 1020, 302, 511, 82, 700, 191, 495, 174, 521, 691, 317, 85, 1192, 482, 194, 1175, 49, 1450, 970, 152, 0, 922, 178, 206, 428, 523, 169, 462, 343, 95, 969, 1133, 284]","[897, 197, 291, 746, 64, 1118, 326, 602, 180, 195, 430, 337, 461, 81, 1104, 65]"
236,"[56, 312, 285, 728, 505, 142, 1327, 288, 698, 169, 133, 78, 306, 734, 184, 222, 14, 418, 50, 221, 419, 110, 595, 236, 147, 545, 613, 1101, 704, 297, 548, 442, 68, 131, 202, 431, 482, 590, 215, 672, 461, 55, 126, 8, 691, 434, 422, 317, 749, 180, 933, 190, 327, 63, 96, 426, 132, 97, 198, 27, 281, 519, 303]","[70, 631, 264, 186, 685, 695, 506, 199, 171, 477, 203, 660, 863, 755, 1012, 152, 182, 65, 531, 57, 194, 658, 503, 1400, 522, 209, 1038, 210, 475, 495, 224, 684, 150, 274, 175, 173, 865, 195, 428, 206, 99, 116, 254, 273, 49, 504, 193, 654, 87, 369, 178, 134, 509, 525, 272, 293, 332, 594, 716, 520, 410]"
237,"[513, 190, 493, 527, 99, 210, 22, 1191, 27, 97, 182, 82, 478, 422, 198, 512, 501, 602, 184, 356, 189, 178, 407, 8, 484, 177, 237, 196, 488, 179, 658, 524, 168, 126, 133, 473, 497, 655, 57, 173, 482, 63]","[498, 152, 704, 186, 175, 285]"
238,"[110, 299, 120, 457, 297, 470, 285, 537, 404, 256]","[251, 755, 117, 814, 475, 180, 1189, 219, 545, 257, 124, 925, 844, 300, 293, 1257, 254, 236, 150]"
239,"[55, 1098, 1069, 271, 490, 193, 512, 8, 95, 474, 57, 528, 186, 9, 477, 604, 611, 316, 182, 97, 670, 134, 922, 197, 1244, 478, 529, 492, 167, 653, 496, 123, 515, 7, 557, 1202, 700, 1055, 649, 854, 602, 304, 133, 209, 507, 431, 194, 174, 835, 704, 88, 487, 953, 662, 206, 735, 339, 526, 90, 483, 442, 161, 674, 184, 473, 511, 64, 420, 49, 960, 498, 426, 1203, 752, 131, 497, 503, 488, 149, 633, 433, 220, 427, 510, 173, 744, 171, 44, 164, 45, 1097, 461, 920, 170, 651, 179, 631, 241, 41, 136, 646, 237, 208, 530, 482, 11, 632, 504, 506, 275, 462, 115, 508, 178, 1064, 527, 38, 13, 432, 268]","[233, 429, 80, 203, 46, 285, 287, 311, 1019, 113, 78, 1191, 151, 689, 99, 491, 317, 180, 189, 267, 299, 588, 227, 658, 1331, 418, 68, 513, 481, 517, 63, 204, 207, 1114, 303, 132, 185, 381, 202]"
240,"[312, 897, 300, 287, 288, 271, 244, 268, 241, 339, 306, 894, 285, 301]","[878, 342, 299, 335, 872, 352, 750, 348, 357, 747]"
241,"[306, 749, 879, 291, 312, 886, 287, 309, 267, 299, 285]","[689, 293, 331, 349, 301, 342, 334, 681, 345, 688, 269, 894]"
242,"[1136, 933, 1151, 304, 360, 1356, 236, 305, 0, 330, 110, 282, 267, 739, 293, 274, 1354]","[290, 474, 1010]"
243,"[1038, 207, 659, 222, 12, 27, 220, 581, 386, 126, 285, 267, 510, 434, 812, 530, 654, 195, 316, 631, 193, 82, 777, 1280, 0, 508, 1196, 513, 735, 457, 161, 317, 85, 731, 693, 476, 115, 190, 110, 284, 156, 9, 698, 630, 7, 305, 245]","[14, 224, 128, 274, 92, 712, 1465, 1367, 172, 68, 15, 136, 13, 6, 422, 1147, 214, 1464, 467, 460, 707, 21, 723, 150, 279, 24, 124, 736, 282, 366, 236, 25, 1114, 76]"
244,"[814, 264, 380, 706, 182, 171, 789, 153, 408, 88, 379, 651, 6, 215, 30, 237, 675, 99, 742, 368, 236, 94, 508, 156, 427, 12, 595, 100, 1016, 323, 178, 746, 207, 1097, 89, 231, 19, 763, 21, 121, 507, 410, 179, 190, 1044, 167, 952, 257, 293, 203, 1038, 195, 1073, 180, 885, 474, 216, 134, 71, 208, 630, 68, 723, 954, 150, 558, 1047, 160, 583, 737, 76, 41, 865, 51, 565, 627, 855, 958, 409, 450, 91, 85, 580, 65, 199, 110, 536, 552, 945, 720, 659, 779, 214, 520, 940, 172, 1131, 161, 654, 245, 63, 317, 753, 155, 267, 2, 1056, 1167, 771, 49, 356, 196, 526, 168, 762, 316, 628, 696, 70, 1108, 948, 1187, 432, 67, 69, 240, 125, 25, 0, 1118, 8, 108, 1117, 1040, 707, 1149, 152, 113, 213, 1466, 248, 170, 650, 275, 27, 64, 923, 1427, 187, 192, 55, 87, 734, 66]","[50, 755, 672, 185, 16, 549, 309, 52, 661, 147, 166, 154, 219, 96, 277, 1224, 711, 225, 1177, 53, 817, 761, 286, 61, 239, 163, 1106, 116, 722, 289, 553, 366, 1046, 949, 364, 925, 1053, 254, 455, 684, 1208, 300, 144, 39, 738, 470, 31, 280, 832, 731, 1078, 104, 745, 457, 173, 400, 715, 467, 81, 392, 221, 234, 79, 1135, 157, 870, 1094, 608, 709, 143, 117, 1052, 233, 844, 1027, 57, 527, 743, 290, 1011, 382, 120, 454, 649]"
245,"[1027, 180, 221, 111, 49, 1032, 596, 299, 595, 257, 716]","[93, 410, 472, 239, 20, 132, 755, 1046, 893, 209, 150]"
246,"[200, 918, 664, 720, 424, 67, 815, 183, 120, 97, 1072, 108, 567, 99, 839, 674, 1100, 0, 587, 894, 718, 235, 546, 469, 402, 259, 150, 82, 54, 175, 264, 249, 443, 651, 210, 474, 852, 237, 566, 11, 207, 745, 23, 412, 80, 172, 197, 287, 218, 131, 740, 10, 177, 180, 171, 671, 184, 222, 723, 1038, 226, 615, 256, 650, 49, 734, 432, 174, 476, 657]","[415, 93, 560, 408, 238, 1217, 81, 7, 405, 727, 595, 79, 422, 355, 201, 577, 293, 214, 195, 425, 848, 98, 283, 801, 16, 409, 367, 450, 230, 384, 719, 540, 468, 160, 931, 144, 28, 401, 368, 288, 1221, 194, 584, 229, 116, 627, 789, 2, 231, 929, 742, 1231, 100, 830, 757, 37, 209, 24, 419, 40, 392, 137, 411, 440, 94, 678, 1051, 215, 76, 571, 1410, 992, 253, 117, 1138, 91, 1027, 558, 234, 980, 400, 1043, 1227, 632, 96, 227, 575, 797, 203, 430, 410, 1088, 747, 403, 549, 66, 1187, 95, 840, 808, 68, 431, 569, 173, 1134, 132, 446, 940, 154, 417, 1219, 826, 251, 55, 596, 110, 163, 764, 225, 239, 383, 158, 65, 738, 157]"
247,"[735, 250, 256, 271, 110, 49, 0, 150, 27, 268, 1021, 63, 749, 6, 120, 69, 57, 180, 257]","[750, 270, 299, 221, 258, 339, 99]"
248,"[233, 588, 116, 474, 126, 180, 99, 54, 248, 182, 197, 514, 185, 10, 323, 95, 167, 853, 193, 404, 113, 175, 49, 63, 88, 155, 171, 97, 342]","[256, 173, 281, 473, 184, 927, 209, 152, 293, 178, 483, 289, 677, 234, 195, 6, 68, 21, 282, 249, 0, 179, 120, 805, 78, 186, 322]"
249,"[240, 187, 745, 87, 707, 722, 10, 123, 78, 22, 175, 21, 454, 181, 239, 57, 468, 12, 430, 332, 168, 683, 67, 99, 197, 173, 136, 97, 38, 478, 633, 201, 234, 23, 270, 54, 215, 85, 356, 41, 918, 221, 185, 685, 1102, 590, 8, 211, 299, 27, 167, 82, 248, 249, 297, 113, 1038, 282, 174, 52, 272, 582, 1072, 202, 88, 11, 422, 740, 466, 63, 0, 227, 788, 236, 482, 567, 182, 316, 116, 470, 477, 134, 1010, 461, 479, 805, 190, 55, 3, 95, 420, 172, 274, 257, 247, 402, 1068, 30, 155, 6, 408, 208, 241, 326, 143, 178, 602, 49, 852, 194, 407, 222, 317, 91, 68, 237, 301, 426, 1166, 843, 128, 657, 92, 146]","[238, 929, 254, 596, 475, 825, 410, 992, 627, 455, 471, 120, 171, 160, 244, 107, 747, 217, 1015, 1011, 741, 1046, 209, 587, 545, 308, 124, 289, 147, 404, 256, 293, 251, 1, 180, 406, 122]"
250,"[495, 6, 237, 595, 195, 403, 337, 243, 259, 1, 126, 199, 63, 110, 43, 484, 377, 1013, 0, 581, 479, 91, 70, 968, 222, 128, 356, 22, 1160, 812, 292, 627, 239, 1136, 473, 134, 320, 88, 68, 55, 49, 500, 270, 843, 287, 332, 526, 312, 987, 675, 339, 178, 474, 269, 99, 257, 324, 180, 366, 557, 992, 115, 221, 94, 457, 753, 1425, 11, 1072, 190, 942, 417, 174, 97, 27, 54, 150, 90, 153, 182, 275, 587, 201, 158, 468, 80, 628, 143]","[263, 139, 203, 173, 293, 741, 183, 323, 194, 947, 476, 747, 677, 327, 687, 95, 116, 686, 330, 234, 1198, 236, 152, 750, 247, 321, 122, 932, 233, 8, 258, 322, 990, 983]"
251,"[99, 1013, 143, 108, 120, 49, 131, 221, 182, 236, 519, 611, 11, 171, 248, 14, 297, 417, 426, 294, 180, 287, 1011, 21, 63, 684, 428, 312, 150, 116, 280, 281, 741, 274, 44, 247, 209, 299, 59, 844, 124, 78, 0, 184, 479, 201, 24]","[747, 147, 54, 256, 257, 264, 595, 865, 475, 1027, 251, 110, 471, 32, 1015, 1097, 812, 117, 977, 146, 404, 249, 470, 23, 6, 534, 467, 594, 596, 293]"
252,"[276, 299, 741, 8, 128, 267, 274, 99, 6, 13, 0, 409, 275, 474, 285, 148, 223, 846, 123]","[739, 289]"
253,"[464, 96, 509, 215, 49, 182, 202, 482, 209, 197, 567, 293, 565, 236, 187, 126, 172, 526, 281, 741, 116, 805, 94, 82, 86, 704, 486, 63, 495, 88, 78, 97, 327, 731, 522, 587, 21, 493, 11, 201, 299, 7, 99, 342, 14, 688, 484, 894, 219, 189, 95, 80, 221, 481, 658, 0, 1038, 426, 654, 233, 489, 120, 698, 131, 517, 199, 3, 965, 317]","[258, 745, 746, 646, 174, 297, 447, 242, 332, 272, 155, 181, 55, 330, 1015, 684, 590, 678, 124, 1467, 152, 432, 1403, 191, 1024, 81, 167, 750]"
254,"[163, 661, 228, 229, 379, 49, 595, 182, 173, 221, 428, 198, 950, 97, 96, 233, 139, 418, 654, 257, 131, 135, 497, 132, 312, 1442, 63, 195, 7, 1182, 27, 422, 209, 448, 226, 180, 21, 203, 621, 81, 68, 415, 171, 117, 495, 142, 240, 227, 134]","[1443, 435, 120, 377, 356, 218, 378, 187, 574, 1115, 623, 417, 285, 648, 576, 140, 383, 239, 256, 98, 624, 500, 471, 242, 237, 124, 161, 258, 89, 14, 842, 213, 966, 609, 754, 503, 34, 572, 185, 102, 175, 74, 447, 891, 698, 620, 611, 442, 210, 560, 1132, 678, 1469, 93, 101, 1262, 399, 547, 541, 434, 77, 767, 1468, 264, 677, 70, 587, 224, 414, 1027, 1032, 150, 20, 416, 553, 0, 1090, 388, 1049, 322, 392, 464, 230, 402, 1059, 385, 615, 125, 342, 664, 28, 431, 628, 583, 870, 166, 141, 61, 440, 167, 268, 450, 137, 456, 111, 162, 199, 404, 525, 841]"
255,"[184, 257, 270, 248, 435, 762, 832, 404, 287, 97, 233, 830, 681, 146, 833, 558, 55, 334, 871, 596, 323, 218]","[1033, 471, 447, 677, 858, 216, 878, 983, 451, 550, 52, 568, 840, 564, 258, 405, 412, 747, 454, 824, 217, 975, 443, 322, 859, 440, 321, 244, 828, 199, 99, 671, 117, 684, 280, 446, 981, 563, 664, 4, 120, 263, 342, 894, 929, 221, 324, 299, 826, 116, 442, 272, 759, 545, 293, 6, 327, 742, 839, 331, 825]"
256,"[451, 780, 126, 85, 760, 471, 486, 24, 715, 938, 764, 412, 691, 818, 279, 28, 641, 755, 777, 290, 277, 194, 1288, 1027, 96, 782, 160, 11, 384, 48, 727, 180, 865, 1, 845, 8, 225, 50, 863, 187, 6, 3, 565, 741, 226, 924, 124, 1060, 778, 401, 1085, 549, 684, 774, 1209, 236, 472, 475, 723, 120, 747, 830, 97, 582, 88, 37, 224, 0, 233, 1108, 117, 768, 567, 1113, 402, 30, 105, 784, 78, 683, 184, 814, 740, 87, 209, 14, 21, 53, 1040, 232, 173, 116, 793, 150, 738, 287, 65, 202, 404, 807, 146, 4, 656, 1050, 1046, 322, 1045, 450, 537, 987, 677, 459, 242, 386, 627, 181, 81, 1041, 470, 283, 1149, 795, 545, 553, 731, 43, 1032, 590, 594, 321, 985, 408, 49, 380, 63, 95, 221, 264, 244, 10, 664, 976, 215, 273, 988, 99, 20, 828, 596, 229]","[848, 442, 219, 770, 1056, 801, 234, 275, 931, 1118, 575, 171, 661, 201, 1039, 981, 293, 1206, 551, 369, 76, 973, 405, 119, 826, 721, 833, 1230, 367, 1089, 619, 231, 55, 1227, 35, 355, 281, 1423, 282, 678, 318, 1207, 974, 362, 122, 217, 525, 228, 840, 227, 1470, 91, 983, 186, 448, 933, 929]"
257,"[136, 344, 58, 275, 288, 304, 150, 306, 49, 164, 99, 530, 461, 1461, 223, 1007, 323, 675, 69, 244, 1159, 180, 128, 581, 474, 165, 1128, 380, 312, 285, 274, 59, 56, 920, 112, 60, 13, 85, 284, 1009, 1136, 935]","[1259, 257, 287, 220, 236, 115, 129, 948, 300, 404, 1471, 268, 197, 1021, 120]"
258,"[322, 312, 309, 310, 750, 872, 747, 689, 271, 331, 285, 293, 325, 299]","[287, 892, 314, 242, 288, 332, 257, 327, 876]"
259,"[116, 254, 771, 958, 749, 209, 175, 11, 179, 312, 107, 356, 199, 97, 316, 178, 184, 146, 1134, 474, 153, 96, 297, 180, 483, 38, 171, 292, 172, 747, 285, 167, 927]","[268, 404, 761, 234, 120, 287, 14, 780, 64, 293, 1073, 270, 545]"
260,"[321, 989, 1104, 1024, 325, 681, 361, 312, 747, 881, 890, 1242, 332, 349, 333, 269, 880]","[318, 299, 271, 537, 287, 257, 306]"
261,"[339, 874, 116, 258, 293, 321, 596, 338, 1024, 358, 409, 891, 300, 686, 124, 242, 287, 244, 325, 299]","[747, 987, 341, 1236, 303, 320, 595]"
262,"[1146, 63, 552, 178, 95, 10, 257, 291, 1277, 70, 1219, 274, 844, 237, 21, 97, 948, 777, 317, 190, 708, 587, 364, 110, 922, 6, 422, 659, 432, 420, 450, 39, 734, 581, 68, 130, 484, 485, 1013, 401, 426, 89, 55, 366, 64, 495, 649, 630, 337, 595, 654, 746, 69, 698]","[930, 27, 616, 173, 222, 385, 820, 292, 120, 567, 753, 46, 785, 508, 76, 90, 184, 405, 216, 49, 14, 627, 251, 404, 789, 335, 418, 1053, 43, 269, 144, 194, 236, 624, 928, 761, 142, 146, 446, 780, 431, 490, 121, 754, 331, 580, 139, 357, 814, 392, 199, 1047, 735, 973, 1034, 384, 98, 168, 234, 209, 1094, 180, 958, 54, 1012, 784, 472, 99, 558, 293, 287, 419, 71, 124, 0, 94, 51, 442, 410, 1134, 152, 282, 277, 954, 171, 545, 416, 67, 417, 368, 85, 65, 91, 131, 608, 57, 475, 726, 254, 566, 215, 203, 218, 81, 233, 268]"
263,"[175, 418, 95, 567, 1450, 415, 509, 196, 522, 96, 271, 85, 182, 485, 78, 81, 68, 327, 244, 126, 1472, 317, 133, 142, 124, 204, 94, 143, 214, 176, 185, 525, 63, 161, 494, 422, 268, 482, 264, 647, 660, 162, 194, 527, 167, 187, 21, 495, 99, 1125, 315, 173, 201, 689, 86, 542, 57, 221, 497, 203, 645, 314, 526, 698, 135, 731, 514, 131, 510, 193, 621, 442, 49, 179, 481, 0, 97, 601, 132, 356, 464, 198, 661, 134, 483, 195, 433, 30, 434, 233, 377, 180, 140]","[116, 920, 332, 891, 520, 677, 513, 1443, 209, 885, 293, 152, 98, 431, 236, 613, 299, 249, 878, 270, 479, 1019, 587, 257, 519, 259, 27, 322, 22, 321]"
264,"[199, 812, 720, 654, 69, 503, 474, 400, 1068, 658, 319, 515, 557, 207, 55, 791, 558, 218, 708, 24, 3, 152, 282, 380, 215, 167, 381, 182, 744, 209, 442, 432, 41, 344, 11, 605, 450, 1102, 601, 237, 229, 174, 653, 178, 670, 239, 203, 191, 366, 221, 701, 268, 1073, 193, 183, 287, 1354, 18, 513, 122, 184, 210, 13, 201, 25, 644, 1117, 1069, 1008, 655, 181, 477, 602, 115, 99, 524, 636, 6, 92, 22, 788, 200, 46, 185, 97, 234, 446, 674, 149, 274, 429, 233, 516, 172, 208]","[293, 447, 32, 523, 1269, 1224, 435, 202, 671, 761, 843, 682, 773, 675, 216, 872, 285, 855, 87, 1473, 745, 1474, 155, 136, 741]"
265,"[117, 470, 327, 741, 124, 409, 256, 257, 299, 590, 236, 297, 244, 292, 116, 755, 627, 747, 99, 281, 287, 283, 974, 293, 272, 0]","[6, 278, 471, 408, 180, 14, 476, 150, 933, 1196, 322, 239, 687, 326, 110, 106, 49, 675, 814, 1015]"
266,"[507, 271, 123, 312, 267, 284, 285, 274, 13, 99, 8]","[675, 873, 282, 24, 320, 318, 244, 236, 288, 324, 275, 923]"
267,"[517, 409, 16, 839, 402, 237, 738, 113, 653, 54, 49, 683, 144, 213, 483, 692, 27, 186, 1400, 469, 463, 6, 567, 1072, 249, 174, 176, 23, 21, 432, 641, 474, 942, 203, 478, 87, 823, 2, 473, 366, 272, 239, 779, 646, 167, 171, 79, 227, 726, 221, 479, 215, 32, 127, 188, 107, 64, 175, 230, 788, 514, 63, 731, 228, 654, 549, 407, 143, 181, 123, 168, 173, 664, 52, 158, 178, 30, 205, 217, 179, 155, 140, 208, 678, 142, 185, 46, 152, 229, 99, 126, 197, 55, 497, 81, 80, 482, 201, 613, 216, 91, 202, 238, 97, 714, 292, 157, 68, 232, 156, 1239, 209, 187, 134, 67, 160, 709, 11, 88, 180, 1034, 264, 194, 182, 430]","[120, 979, 385, 422, 93, 545, 146, 225, 558, 596, 323, 383, 621, 448, 551, 574, 770, 577, 684, 226, 392, 544, 66, 53, 293, 1470, 449, 565, 28, 943, 363, 454, 1089, 384, 163, 925, 404, 809, 379, 1184, 234, 61, 825, 719, 390, 773, 154, 1335, 410, 741, 578, 1027, 1144, 1109, 553, 76, 958, 575, 1, 4]"
268,"[230, 146, 582, 134, 82, 41, 67, 249, 204, 424, 403, 153, 227, 30, 332, 402, 268, 113, 482, 152, 678, 208, 356, 6, 243, 181, 473, 168, 245, 182, 180, 210, 188, 432, 483, 97, 167, 133, 545, 54, 193, 197, 96, 1064, 526, 301, 581, 287, 9, 194, 653, 226, 479, 26, 123, 221, 3, 225, 323, 178, 88, 233, 248, 10, 183, 202, 173, 58, 505, 629, 11, 49, 1072, 172, 94, 55, 478, 190, 524, 256, 207, 654, 651, 199, 91, 561, 267, 59, 177, 187, 717, 285, 116, 95, 60, 474, 175, 712, 143, 126, 171, 407, 434, 115]","[1034, 929, 1, 144, 61, 435, 823, 216, 20, 954, 297, 385, 789, 579, 1040, 363, 1248, 0, 93, 62, 469, 51, 683, 263, 720, 671, 373, 565, 120, 98, 431, 539, 822, 251, 767, 945, 247, 122, 809, 162, 15, 551, 140, 948, 716, 1058, 825, 1089, 266, 160, 394, 557, 107, 264, 81, 128, 16, 745, 231, 420, 1156, 780, 138, 977, 997, 90, 761, 369, 734, 324, 381, 257, 72, 476, 1094, 66, 205, 452, 384, 698, 760, 568, 567, 731, 714, 927, 824, 1476, 104, 664, 471, 925, 100, 1001, 237, 121, 39, 799, 37, 232, 553, 1078, 1475, 283, 390, 709, 46, 240, 406, 401, 99, 779, 398, 119, 383, 70, 368, 1073, 157, 32, 578, 540, 737, 163, 228, 596, 127, 396, 728, 980, 327, 1090, 1036, 1053, 71, 1230, 380, 1045, 1221, 543, 259, 179, 1313, 657, 1272, 465, 726, 940, 52, 454, 203, 12, 1227, 742, 150, 234, 575, 573, 621, 1302, 801, 635, 158, 558, 69, 1097, 560, 727, 830, 239, 76, 222, 859, 1187, 293, 1117, 626, 404, 577, 155, 87, 38, 229, 1412, 2, 289, 200, 422, 587, 258, 78, 451, 357, 217, 24, 185, 549, 939, 142, 23, 218, 36, 50, 272, 209, 79, 1207, 764, 1177, 378, 387, 1109, 718, 184, 455, 28, 449, 238, 362, 448, 839, 1015, 379, 746]"
269,"[503, 126, 521, 245, 197, 506, 12, 8, 46, 792, 284, 155, 615, 922, 513, 477, 1019, 135, 960, 639, 921, 167, 339, 130, 528, 473, 607, 958, 482, 208, 663, 210, 653, 178, 491, 63, 136, 315, 901, 918, 176, 644, 212, 505, 855, 97, 530, 174, 275, 524, 474, 170, 526, 1064, 237, 1100, 54, 422, 511, 151, 654, 426, 498, 193, 715, 997, 740, 395, 497, 99, 1016, 424, 468, 1147, 516, 487, 536, 356, 196, 527, 47, 581, 184, 714, 1396, 211, 658, 517, 1010, 631, 643, 181, 427, 41, 314, 55, 133, 522, 190, 409, 317, 199, 150, 601, 646, 191, 660, 630, 791, 495, 507, 1427, 508, 58, 662, 134, 520, 656, 638, 1102, 64, 51, 22, 431, 186, 131, 1004, 602, 370, 746, 478, 696, 107, 267, 672, 1360, 707, 123, 514]","[366, 844, 216, 21, 233, 704, 251, 1164, 673, 234, 657, 81, 728, 105, 410, 209, 71, 411, 179, 204, 75, 171, 173, 1013, 213, 404, 804, 770, 485, 14, 483, 1090, 760, 62, 481, 187, 152, 434, 292, 49, 1479, 271, 496, 386, 141, 138, 984, 69, 194, 435, 400, 443, 6, 92, 1070, 182, 4, 641, 808, 755, 119, 43, 885, 1132, 635, 1027, 613, 1167, 626, 413, 762, 664, 345, 504, 253, 1437, 446, 432, 842, 160, 142, 215, 175, 596, 567, 1153, 501, 927, 706, 147, 1478, 392, 820, 50, 153, 1134, 87, 722, 203, 238, 156, 777, 95, 76, 782, 461, 1005, 52, 273, 80, 1187, 930, 65, 68, 240, 217, 444, 57, 301, 1039, 159, 678, 110, 161, 659, 955, 364, 172, 402, 2, 416, 1443, 1072, 761, 1109, 628, 529, 254, 195, 447, 132, 648, 121, 207, 817, 7, 67, 401, 162, 830, 180, 450, 463, 120, 231, 774, 734, 603, 938, 16, 88, 185, 201, 716, 280, 169, 475, 1410, 230, 1426, 1073, 440, 10, 709, 805, 166, 824, 236, 1477, 939, 738, 377, 1266, 822]"
270,"[451, 24, 97, 557, 777, 670, 96, 735, 369, 82, 52, 465, 780, 305, 326, 147, 386, 69, 158, 1118, 280, 706, 378, 595, 440, 702, 740, 154, 172, 65, 155, 1013, 285, 221, 240, 799, 217, 12, 294, 746, 550, 287, 715, 1147, 713, 216, 274, 470, 568, 871, 683, 401, 1209, 1470, 175, 739, 180, 252, 182, 583, 49, 25, 545, 927, 59, 712, 721, 530, 89, 4, 278, 726, 256, 6, 446, 793, 580, 859, 78, 558, 1008, 582, 738, 163, 120, 693, 225, 420, 212, 534, 199, 664, 1072, 1073, 318, 250, 814, 122, 942, 92, 87, 474, 85, 267, 602, 218, 184, 233, 565, 241, 1006, 671, 1108, 55, 282, 264]","[229, 16, 552, 508, 281, 236, 257, 76, 144, 355, 334, 249, 243, 442, 741, 323, 581, 868, 573, 562, 117, 553]"
271,"[131, 345, 198, 377, 186, 704, 481, 749, 110, 513, 10, 210, 21, 7, 49, 241, 196, 190, 171, 179, 203, 489, 12, 660, 413, 656, 132, 434, 282, 731, 199, 82, 274, 1090, 247, 712, 223, 169, 51, 191, 509, 865, 1100, 401, 317, 43, 355, 140, 743, 738, 517, 529, 63, 94, 236, 548, 288, 641, 604, 429, 264, 69, 515, 422, 484, 30, 494, 192, 195, 478, 659, 11, 525, 136, 178, 392, 522, 97, 370, 76, 126, 285, 504, 256, 1045, 662, 613, 519, 134, 650, 233, 698, 268, 356, 508, 87, 284, 276, 528, 193, 78, 526, 520, 197, 460, 493, 647, 189, 3, 486, 172, 602, 204, 68, 497, 130, 846, 955, 461, 201, 510, 301, 696, 237, 207, 209, 492, 590, 312, 50, 706, 123, 47, 689, 479, 791, 691, 653, 214, 202, 96, 8, 505, 565, 495, 728, 99, 180, 215, 427, 962, 173, 426, 314, 734, 465, 428, 514, 185, 27, 168]","[708, 1027, 64, 55, 713, 219, 409, 629, 1265, 623, 120, 822, 273, 299, 450, 133, 240, 344, 337, 283, 24, 581, 14, 53, 327, 257, 293, 516, 57, 424, 410, 310, 418, 1132, 527, 184, 950, 316, 1138, 383, 0, 309, 741, 470, 220, 881, 116, 271, 643, 311, 37, 106, 129, 238, 755, 86, 117, 1410, 391, 217, 475, 506, 442, 234, 702, 601, 863, 88, 569, 440, 545, 160, 275, 658, 125, 844, 167, 579, 281, 61, 404, 346, 476, 176, 380, 923, 181, 72, 746, 473, 1119, 814, 503, 80, 498, 624, 46, 480, 39, 762, 1, 538, 187, 469, 147, 648, 1116, 471, 177, 124, 175, 42, 135, 115, 243, 1281, 609]"
272,"[177, 11, 316, 1100, 47, 126, 7, 10, 171, 473, 21, 497, 356, 482, 520, 468, 287, 78, 210, 513, 192, 97, 209, 49, 22, 95, 41, 204, 182, 603, 422, 174, 653, 237, 203, 199, 650, 207, 233, 193, 173, 55, 31, 133, 68, 186]","[1392, 771, 200, 745, 132]"
273,"[310, 901, 689, 318, 320, 302, 304, 314, 315, 271, 346, 267, 895]","[327, 344, 899, 339, 312, 303, 306, 285, 337]"
274,"[844, 404, 49, 747, 287, 24, 274, 495, 477, 207, 475, 741, 276, 82, 318, 712, 116, 87, 110, 0, 149, 117, 470, 163, 180, 70, 761, 1062, 273, 865, 97, 590, 281, 99, 68, 1151, 210, 684, 275, 124, 8, 14, 299, 627, 257, 219, 199, 317, 628, 1050, 236, 743, 1059, 233]","[410, 147, 545, 814, 254, 242, 293, 845, 923, 876, 279, 596, 471, 872, 595, 755, 1162]"
275,"[97, 264, 519, 175, 522, 190, 422, 299, 221, 27, 745, 143, 100, 293, 49, 209, 0, 431, 163, 180, 198, 173, 227]","[596, 404, 185, 417, 1090, 68, 448, 500, 172, 257, 1065, 182, 587, 251, 968, 201, 629, 303, 88, 141, 94, 661, 495, 116, 101, 207, 635, 929, 117, 626, 450, 945, 225, 434, 825, 514, 153, 195, 70, 61, 98, 407, 134, 131, 415, 161, 256, 430, 419, 95, 120, 624, 471, 168, 433, 541, 1218, 469, 449, 623, 21, 447, 379, 472, 228, 392, 824, 229, 187, 418, 678, 226]"
276,"[1, 921, 69, 416, 187, 63, 180, 293, 323, 418, 473, 77, 356, 567, 844, 272, 156, 225, 549, 245, 179, 842, 300, 10, 1217, 428, 346, 269, 57, 317, 1134, 75, 55, 175, 206, 249, 769, 968, 462, 146, 447, 683, 21, 852, 229, 248, 227, 289, 495, 746, 745, 138, 271, 80, 736, 853, 116, 264, 163, 233, 1171, 281, 226, 275, 68, 431, 120, 237, 750, 140, 417, 339, 435, 648, 3, 419, 403, 301, 1239, 402, 306, 202, 167, 208, 314, 316, 426, 13, 470, 805, 209, 67, 126, 692, 546, 213, 287, 155, 124, 639, 170, 731, 267, 741, 168, 407, 565, 90, 1128, 587, 195, 205, 332, 558, 134, 185, 203, 100, 222, 1219, 422, 7, 568, 577, 580, 123, 153, 627, 261, 651, 197, 97, 257, 152, 196, 395, 652, 49, 472, 409, 941, 749, 239, 78, 353, 1300, 525, 191, 342, 690, 691, 557, 461, 221, 330, 127, 958, 16, 98, 602, 99, 915, 270, 297, 150, 143, 460, 914, 633, 432, 240, 23, 188, 238, 1169, 30, 654, 1055, 420, 52, 392, 657, 646, 457, 122, 46, 200, 8, 1117, 522, 410, 192, 182, 81, 1097, 734, 1266, 454, 327, 159, 474, 183, 312, 41, 194, 708, 173, 345, 381, 218, 71, 234, 0, 1481, 217, 27, 942, 201, 184, 172, 478, 24, 517, 442, 446, 6, 256, 500, 530, 507, 70, 384, 216, 64, 54, 11, 302, 178, 901, 427, 315, 333, 843, 247, 108, 424, 214, 95, 918, 149, 94, 186, 171, 684, 88, 268, 199, 236, 1198, 331, 709, 1018, 142, 22, 32, 283, 635, 468, 292, 91, 174, 771, 181, 299]","[795, 563, 53, 321, 1090, 56, 141, 39, 1080, 772, 1156, 938, 363, 1094, 37, 42, 405, 33, 383, 582, 290, 84, 788, 1415, 103, 400, 1130, 800, 65, 1313, 1477, 562, 779, 747, 560, 382, 785, 718, 1209, 455, 630, 228, 62, 596, 543, 76, 45, 230, 1012, 1252, 778, 1238, 1072, 1109, 878, 1273, 1227, 940, 365, 839, 1043, 681, 576, 668, 448, 449, 726, 231, 671, 594, 1088, 742, 830, 144, 1179, 570, 1470, 808, 40, 469, 929, 93, 73, 378, 385, 664, 4, 685, 815, 550, 117, 1034, 575, 976, 773, 408, 696, 561, 802, 875, 548, 733, 324, 450, 379, 590, 85, 824, 950, 1078, 1082, 1005, 1244, 425, 107, 1030, 1220, 1046, 719, 83, 263, 401, 930, 414, 822, 61, 796, 72, 20, 119, 157, 762, 1406, 799, 973, 801, 87, 1193, 714, 754, 1041, 288, 390, 322, 357, 394, 387, 1010, 1140, 398, 158, 720, 355, 43, 626, 571, 1027, 738, 770, 1243, 251, 764, 273, 280, 452, 366, 678, 767, 724, 758, 1108, 50, 793, 768, 545, 26, 374, 232, 551, 66, 354, 1480, 28, 121, 1045, 1073, 581, 1139, 889, 789, 224, 589, 1207, 927, 386, 253, 677, 623, 880, 2, 391, 870, 1015, 404, 430, 992, 999, 782, 819, 147, 79, 259, 574, 1144, 1212, 396, 585, 471, 1482, 539, 1035, 38, 406, 553, 244, 566, 727, 974, 96, 1051, 372, 695, 451, 364, 1231, 1272, 948, 540, 1009, 160, 412, 806, 1412, 1089]"
277,"[254, 278, 281, 1196, 272, 23, 8, 128, 116, 590, 301, 285, 14, 627, 24, 92, 273, 284, 236, 843, 275, 146, 741, 924, 618, 110, 507, 292, 257, 220, 99, 283, 0]","[256, 1010, 150, 747, 404, 120, 180, 871, 472, 1128, 49, 1282, 123, 136, 6, 471, 470, 761, 277, 1007, 1011]"
278,"[602, 310, 97, 524, 346, 21, 268, 172, 305, 293, 285, 314, 312, 751, 287, 537, 922, 514]","[300, 881, 244, 257, 301]"
279,"[153, 67, 1180, 398, 585, 740, 724, 167, 88, 95, 745, 143, 226, 1375, 490, 708, 788, 41, 1227, 1491, 1290, 162, 1092, 173, 381, 107, 362, 1412, 66, 779, 870, 1497, 201, 1208, 1499, 396, 1494, 991, 407, 701, 999, 239, 463, 225, 174, 146, 468, 3, 91, 194, 23, 113, 206, 172, 577, 570, 1230, 208, 264, 819, 227, 289, 432, 651, 104, 997, 318, 1051, 383, 79, 653, 1270, 207, 120, 116, 223, 939, 390, 200, 1046, 803, 183, 237, 24, 235, 58, 840, 232, 464, 72, 718, 247, 433, 637, 720, 1006, 39, 830, 406, 155, 473, 1484, 228, 823, 711, 659, 152, 15, 397, 9, 412, 371, 127, 400, 623, 435, 596, 188, 108, 1304, 394, 454, 1498, 842, 1120, 59, 80, 1058, 801, 1205, 501, 185, 658, 379, 557, 165, 750, 424, 150, 168, 678, 1011, 300, 209, 136, 60, 341, 1320, 516, 1490, 409, 925, 709, 32, 1489, 1487, 238, 1026, 796, 1027, 976, 777, 229, 727, 210, 635, 513, 549, 863, 1177, 256, 1071, 363, 861, 372, 99, 1087, 1029, 384, 151, 449, 970, 1000, 686, 430, 1287, 1, 268, 55, 758, 565, 320, 1038, 1480, 832, 1033, 428, 26, 629, 481, 46, 16, 944, 825, 164, 6, 485, 82, 900]","[831, 1335, 1239, 500, 1496, 121, 1427, 981, 1161, 1047, 1150, 253, 78, 1181, 486, 508, 918, 115, 64, 826, 392, 87, 561, 1492, 248, 1016, 1112, 274, 367, 1483, 1141, 1094, 1410, 739, 684, 1117, 12, 414, 417, 576, 215, 1486, 166, 661, 529, 411, 752, 726, 389, 1179, 791, 761, 738, 1488, 489, 404, 731, 385, 100, 1132, 555, 431, 0, 809, 89, 49, 1229, 65, 119, 62, 213, 1031, 1238, 1034, 1119, 249, 951, 51, 234, 410, 1218, 488, 540, 1109, 533, 852, 471, 1311, 1500, 1246, 1010, 615, 272, 1107, 593, 366, 531, 273, 808, 989, 233, 1194, 395, 128, 420, 69, 145, 282, 180, 469, 1434, 98, 131, 931, 93, 443, 70, 290, 648, 1265, 218, 763, 977, 1086, 1401, 138, 189, 149, 528, 123, 1360, 171, 683, 402, 889, 157, 203, 40, 11, 553, 1214, 1024, 868, 293, 921, 665, 1131, 759, 1241, 662, 1485, 590, 175, 762, 624, 202, 975, 1036, 479, 1184, 30, 545, 129, 844, 1169, 670, 169, 287, 780, 1479, 27, 947, 455, 197, 514, 20, 43, 21, 28, 1204, 1243, 1493, 31, 192, 712, 461, 94, 804, 945, 29, 179, 460, 190, 1069, 448, 1223, 378, 374, 546, 283, 258, 130, 387, 450, 86, 1249, 853, 427, 61, 1436, 230, 221, 241, 1273, 575, 822, 643, 743, 543, 1495, 373, 1443, 968, 778, 63]"
280,"[630, 0, 126, 780, 543, 1027, 974, 85, 95, 755, 224, 10, 565, 315, 264, 482, 285, 789, 52, 179, 158, 6, 116, 498, 94, 101, 4, 1312, 1458, 537, 585, 321, 662, 1477, 722, 39, 1167, 467, 941, 386, 1400, 68, 779, 628, 475, 430, 152, 273, 134, 131, 287, 1065, 698, 545, 1296, 30, 160, 745, 55, 924, 97, 89, 1034, 219, 1465, 1220, 234, 764, 323, 1040, 199, 1206, 696, 314, 388, 139, 155, 1111, 12, 65, 366, 66, 1047, 78, 526, 154, 392, 495, 401, 608, 485, 415, 7, 1216, 70, 763, 1050, 202, 1098, 741, 57, 383, 21, 659, 927, 1113, 166, 110, 384, 71, 583, 749, 618, 217, 141, 672, 391, 8, 422, 69, 450, 215, 945, 378, 317, 275, 11, 587, 232]","[507, 539, 1048, 844, 471, 127, 203, 553, 692, 37, 144, 98, 226, 201, 99, 230, 735, 570, 229, 418, 403, 322, 124, 380, 933, 143, 81, 1046, 541, 1478, 419, 448, 575, 689, 558, 567, 61, 91, 156, 447, 49, 180, 1014, 194, 691, 209, 236, 3, 281, 53, 721, 464, 1059, 734, 714, 233, 976, 72, 654, 1180, 76, 157, 117, 1132, 214, 231, 387, 161, 93, 175, 28, 216, 768, 506, 724, 238, 770, 218, 196, 283, 747, 730, 728, 173, 408, 312, 125, 750, 1472, 1181, 79, 677, 754, 293, 1, 228, 574, 527, 102, 727, 75, 225, 470, 87, 227, 549, 669, 379, 172, 865, 594, 2, 111, 67, 404, 244, 240, 402, 451, 32, 363, 410, 221, 1062, 182, 584, 181, 738, 171]"
281,"[331, 537, 876, 321, 287, 303, 309, 689, 270, 299, 747]","[337, 988, 937, 257, 681, 332, 307, 325, 293, 330, 300, 288, 341, 322, 258]"
282,"[287, 326, 268, 257, 301, 293, 304, 261, 889, 342, 267, 318]","[324, 270, 337, 306, 878, 688, 339, 299, 332, 357]"
283,"[1113, 431, 844, 82, 185, 69, 587, 626, 41, 23, 215, 708, 658, 237, 209, 454, 49, 124, 94, 208, 193, 434, 174, 201, 167, 48, 293, 408, 207, 819, 392, 55, 150, 1078, 203, 432, 411, 90, 99, 210, 172, 731, 108, 70]","[406, 287, 1486, 675, 624, 20, 865, 1008, 290]"
284,"[303, 268, 304, 257, 343, 327, 886, 285, 345, 339, 300, 305, 261, 346, 306, 899, 271, 344, 267, 302, 902, 301, 314]","[321, 905, 258, 338, 681, 312, 323, 299, 331, 747, 538, 749, 937, 689, 753, 309, 750, 332, 686, 288, 269, 318, 876, 333]"
285,"[190, 268, 149, 150, 287, 537, 167, 312, 901, 275, 454, 681, 236, 301, 197, 99, 345, 204, 221, 356, 193, 299, 269, 182]","[215, 627, 513, 257, 63, 318, 184, 285]"
286,"[1013, 207, 378, 170, 142, 287, 152, 98, 356, 745, 297, 174, 72, 84, 153, 1315, 33, 708, 257, 627, 132, 6, 688, 150, 82, 1038, 340, 268, 1264, 464, 271, 247, 141, 195, 418, 95, 682, 190, 1090, 558, 10, 19, 88, 276, 49, 308, 737, 353, 1193, 54, 167, 288, 553, 403, 0, 56, 194, 880, 87, 1285, 267, 328, 573, 777, 709, 639, 154, 731, 126, 65, 274, 948, 422, 90, 1503, 392, 166, 380, 1279, 124, 185, 46, 393, 250, 657, 1104, 474, 882, 175, 110, 1374, 89, 923, 146, 223, 208, 215, 13, 736, 587, 706, 210, 178, 968, 395, 338, 39, 1287, 534, 335, 760, 311, 475, 171, 427, 526, 432, 94, 1037, 1074, 314, 209, 131, 173, 887, 482, 136, 568, 315, 780, 69, 197, 300, 741, 450, 16, 740, 339, 371, 3, 883, 1073, 461, 201, 381, 1050, 954, 430, 277, 746, 21, 820, 1100, 930, 115, 329, 41, 231, 928, 96, 249, 122, 279, 347, 1059, 407, 100, 234, 628, 905, 172, 182, 1132, 344, 1052, 799, 366, 536, 651, 71, 402]","[236, 43, 230, 720, 770, 157, 654, 424, 99, 1034, 163, 431, 12, 641, 227, 55, 703, 814, 233, 789, 324, 404, 1502, 106, 511, 1112, 476, 228, 1181, 951, 1139, 595, 1410, 28, 992, 1229, 576, 76, 635, 1046, 52, 1117, 160, 24, 289, 1201, 765, 791, 545, 823, 420, 213, 471, 767, 410, 596, 284, 551, 416, 180, 702, 143, 120, 1238, 762, 211, 216, 804, 817, 818, 929, 389, 460, 81, 138, 748, 738, 1501, 183, 945, 723, 933, 385, 1118, 761, 727, 203, 116, 256, 987, 733, 1078, 40, 400, 168, 412, 188, 454, 273, 15, 80, 2, 472, 401, 855, 214, 239]"
287,"[326, 0, 925, 346, 293, 256, 248, 10, 55, 91, 1015, 217, 38, 155, 345, 590, 460, 247, 267, 27, 275, 116, 290, 200, 97, 339, 207, 747, 297, 199, 844, 49, 236, 8, 681, 3, 120, 312, 545, 107, 709, 99, 951, 651, 234, 167, 221, 63, 245]","[251, 110, 239, 300, 249, 180, 425, 475, 1066, 814, 940, 741, 894]"
288,"[304, 271, 126, 195, 199, 181, 96, 201, 899, 11, 316, 339, 156, 14, 12, 886, 299, 275, 49, 68, 63, 236, 177, 356, 317, 345, 21, 179, 543, 426, 344, 233, 267, 514, 215, 434, 1357, 519, 510, 135, 173, 650, 631, 1064, 527, 268, 196, 97, 210, 198, 175, 257, 204, 99, 285]","[131, 592, 526, 741, 1038, 176, 229, 222, 174, 879, 189, 120, 288, 687, 172, 133, 293, 213, 326, 209]"
289,"[848, 6, 23, 1015, 684, 470, 741, 454, 116]","[281, 0, 814, 409, 472, 404, 925, 146, 150, 253, 20, 221, 124, 120, 14, 476, 108, 362]"
290,"[87, 142, 49, 160, 81, 221, 70, 273, 428, 201, 157, 215, 422, 97, 163, 431, 754, 192, 497, 117, 21, 203, 195, 624, 171, 209, 587, 14, 229, 433, 482, 495, 68, 1046, 227, 175, 140, 317, 264, 731, 173, 120, 1034, 418, 30, 0, 526, 27, 256, 595, 691, 134, 808, 180, 992, 65, 384, 94, 401, 471, 135, 63, 182, 98, 119]","[207, 131, 567, 392, 475, 20, 1027, 152, 217, 1012, 238, 379, 417, 545, 403, 817, 549, 1335, 472, 90, 242, 621, 473, 449, 684, 226, 738, 831, 522, 104, 53, 42, 161, 519, 1090, 435, 132, 143, 698, 825, 448, 741, 204, 514, 1078, 138, 682, 402, 1284, 925, 483, 166, 628, 464, 124, 434, 96, 1059, 270, 228, 251, 210, 198, 929, 719, 649, 108, 190, 116, 48, 650, 322, 167, 179, 88, 824, 404, 234, 233, 565, 101, 61, 356, 150, 377]"
291,"[1041, 143, 79, 685, 1177, 417, 1015, 14, 427, 6, 69, 500, 731, 249, 470, 213, 577, 225, 465, 53, 158, 76, 626, 98, 740, 823, 384, 459, 52, 167, 16, 557, 1016, 146, 409, 420, 1108, 454, 769, 395, 1077, 1097, 236, 40, 100, 1045, 55, 3, 789, 153, 45, 1243, 173, 566, 71, 27, 178, 495, 155, 47, 587, 1187, 65, 714, 217, 793, 105, 355, 400, 1209, 48, 1218, 1504, 293, 383, 23, 728, 180, 91, 283, 287, 1072, 684, 824, 8, 419, 447, 284, 580, 4, 1058, 7, 237, 30, 289, 468, 366, 654, 32, 139, 416, 402, 214, 762, 231, 127, 235, 78, 1076, 945, 11, 474, 565, 163, 54, 940, 0, 21, 81, 567, 324, 122, 415, 797, 734, 209, 426, 923, 89, 218, 410, 1011, 281, 1219, 932, 422, 66, 123, 779, 116, 201, 99, 68, 128, 92, 721, 10, 245, 203, 1066, 635, 549, 261, 819, 199, 211, 669, 1276, 233, 412, 771, 630, 290, 171, 1247, 172, 248, 95, 183, 97, 843, 63, 194, 222, 784, 49, 96, 746, 124, 150, 70, 938, 403, 401, 94, 942, 575, 404, 292, 239, 152, 581, 561, 507, 572]","[117, 375, 1138, 1027, 570, 365, 571, 272, 323, 1470, 815, 121, 671, 573, 554, 551, 174, 1238, 1252, 469, 378, 833, 1082, 550, 1212, 364, 154, 382, 374, 1214, 1272, 1375, 187, 394, 88, 754, 1156, 142, 1205, 618, 768, 539, 243, 411, 760, 705, 1477, 822, 545, 230, 562, 390, 1302, 564, 997, 568, 974, 1216, 828, 37, 120, 368, 84, 1228, 939, 234, 973, 392, 455, 596, 1078, 363, 984, 93, 1208, 1304, 755, 782, 244, 20, 83, 800, 2, 157, 976, 772, 773, 1089, 741, 591, 574, 716, 799, 1488, 26, 759, 927, 738, 576, 832, 1046]"
292,"[514, 173, 10, 660, 588, 8, 194, 85, 275, 652, 182, 9, 131, 175, 487, 99, 524, 1049, 27, 1038, 656, 509, 123, 150, 428, 918, 478, 225, 474, 510, 483, 854, 1009, 653, 172, 110, 78, 82, 55, 422, 284, 233, 206, 299, 193, 143, 319, 658, 167, 264, 222, 407, 126, 704, 134, 189, 152, 23, 57, 1141, 522, 481, 155, 606, 297, 208, 179, 97, 527, 491, 843, 0, 1072, 198, 498, 47, 490, 95, 630, 1, 63, 247, 49, 196, 116, 114, 485, 149, 602, 168, 180, 281, 418, 788, 227, 192, 330, 202, 164, 482, 601]","[327, 323, 404, 342, 251, 1013, 627, 287, 117, 221, 534, 124, 19, 213, 6, 249, 234, 747, 263, 461, 664, 471, 248]"
293,"[134, 131, 495, 292, 155, 483, 704, 653, 156, 86, 123, 215, 513, 646, 250, 193, 171, 143, 152, 446, 133, 656, 22, 54, 11, 81, 1146, 424, 163, 444, 182, 478, 473, 70, 479, 503, 150, 91, 442, 63, 434, 413, 214, 602, 466, 55, 297, 205, 648, 652, 581, 490, 415, 312, 88, 502, 296, 461, 159, 301, 481, 181, 941, 176, 635, 496, 462, 210, 195, 198, 47, 49, 356, 482, 197, 505, 491, 80, 271, 530, 272, 233, 1285, 199, 403, 173, 517, 637, 191, 179, 567, 178, 526, 426, 588, 316, 162, 1332, 3, 468, 527, 96, 284, 692, 151, 419, 428, 99, 172, 512, 142, 167, 184, 175, 222, 237, 431, 500, 97, 506, 44, 302, 126]","[4, 684, 470, 1266, 769, 248, 422, 136, 379, 707, 324, 165, 411, 38, 78, 604, 747, 778, 287, 345, 628, 1160, 664, 35, 723, 166, 728, 930, 1219, 147, 226, 1131, 194, 565, 520, 848, 385, 558, 263, 460, 209, 187, 645, 571, 124, 299, 1097, 552, 67, 654, 780, 281, 238, 1100, 256, 201, 98, 942, 7, 321, 227, 465, 678, 30, 26, 404, 615, 146, 760, 1, 870, 207, 157, 400, 719, 844, 75, 463, 154, 641, 90, 32, 618, 1056, 180, 68, 138, 582, 208, 484, 976, 553, 15, 842, 254, 418, 750, 626, 865, 1045, 420, 631, 365, 1216, 1010, 346, 53, 738, 429, 279, 52, 327, 803, 225, 1041, 709, 1016, 425, 1225, 636, 923, 746, 21, 548, 25, 289, 577, 741, 366, 808, 110, 2, 239, 257, 61, 954, 855, 932, 1207, 6, 683, 587, 24, 249, 37, 164, 745, 938, 659, 432, 28, 1228, 823, 731, 14, 251, 1247, 545, 459, 132, 650, 809, 290, 13, 830, 203, 940, 402, 590, 549, 543, 677, 282, 69, 247, 355, 293, 1310, 232, 221, 1297, 229, 48, 1015, 894, 657, 285, 158, 64, 202, 1047, 714, 76, 401, 1040, 392, 185, 128, 16, 1017, 264, 186, 120, 788, 779, 1420, 46, 509, 370, 685, 467, 231, 212, 1208, 66, 244, 274, 149, 315, 662, 454, 955, 217, 570, 174, 234, 435, 192, 160, 216, 1134, 10, 1227, 0, 876, 95, 814, 228, 450, 50, 87, 84, 236, 1263, 283, 695, 314, 410, 116, 409, 819, 72, 65, 711, 557, 627, 1118, 161, 121, 1043, 764, 501, 93, 27, 508]"
294,"[108, 270, 507, 126, 221, 287, 538, 482, 1066, 23, 249, 6, 602, 470, 146, 543, 247, 741, 354, 78, 349, 1006, 259, 299, 474, 894, 750, 245, 1015, 901, 342, 1131, 346, 339, 409, 330, 297, 268, 236, 120, 49, 545, 99, 248, 150, 110, 312, 878, 251, 1011, 534, 180, 323, 116, 122, 267, 537, 300, 285, 275, 92, 514, 333, 0, 871, 292, 519, 293, 294, 332, 327, 404]","[930, 1244, 929, 281, 1198, 675, 978, 119, 9, 875, 677, 546, 117, 298, 326, 263, 324, 688, 825, 345, 747, 410, 104, 124, 1012, 925, 321, 244, 822, 1160, 824, 357, 748, 405, 1078, 121, 1087, 471, 331, 475, 362, 751, 306, 618, 412, 239, 1080, 290, 927, 681, 234, 1133, 147, 1010, 826, 742, 1253, 1088, 322, 830, 596, 253, 1013, 272, 280, 257, 839, 985, 1027, 880, 256, 454, 254, 20, 353, 828, 1046, 341]"
295,"[217, 193, 960, 738, 38, 189, 71, 171, 234, 703, 46, 72, 482, 150, 66, 726, 172, 3, 721, 404, 422, 965, 492, 735, 587, 403, 623, 377, 842, 152, 1458, 1220, 1400, 24, 101, 209, 484, 153, 1445, 98, 1134, 67, 418, 736, 214, 497, 225, 1114, 161, 163, 449, 601, 97, 156, 811, 1132, 6, 81, 240, 317, 1027, 1169, 379, 654, 85, 503, 173, 87, 746, 388, 132, 158, 413, 641, 1038, 434, 114, 289, 394, 370, 190, 93, 141, 647, 495, 719, 385, 237, 419, 964, 728, 180, 1472, 228, 216, 659, 90, 229, 157, 42, 160, 59, 630, 704, 124, 737, 526, 420, 416, 512, 104, 133, 21, 402, 136, 201, 94, 120, 430, 108, 426, 203, 207, 628, 558, 68, 227, 212, 195, 96, 64, 739, 356, 560, 264, 496, 381, 215, 808, 380, 464, 236, 69, 185, 221, 793, 384, 99, 742, 167, 78, 154, 88, 450, 70, 734, 226, 49, 82, 51, 0, 143, 950, 1296, 510, 460, 545, 401, 208, 448, 10, 142, 1049, 940, 581, 55, 131, 415]","[1502, 400, 1039, 411, 996, 52, 569, 945, 182, 1187, 41, 187, 117, 95, 789, 83, 469, 231]"
296,"[704, 507, 19, 227, 221, 428, 854, 247, 257, 241, 47, 285, 271, 509, 274, 426, 82, 960, 543, 31, 1072, 95, 291, 949, 1141, 653, 278, 684, 97, 276, 237, 484, 171, 13, 749, 483, 21, 503, 922, 55, 273, 474, 123, 962, 203, 844, 120, 481, 283, 178, 44, 267, 133, 651, 88, 268, 434, 190, 520, 256, 356, 54, 286, 197, 292, 99, 124, 662, 78, 522, 179, 302, 198, 527, 236, 250, 514, 143, 1159, 281, 1283, 220, 479, 126, 627, 312, 1006, 49, 255, 18, 296, 300, 314, 0, 6, 180, 482, 10, 113, 284, 210, 275, 8, 631, 193, 468, 152, 897, 245, 513, 658, 461, 695, 1250, 186, 497, 22, 208, 136]","[1008, 947, 254, 14, 454, 9, 845, 280, 150, 297, 209, 116, 814, 23, 239, 308, 258, 60, 293, 687, 110, 303, 288, 185, 12, 243, 249, 149]"
297,"[132, 56, 88, 274, 24, 431, 587, 735, 306, 627, 285, 215, 19, 300, 21, 222, 175, 479, 85, 11, 698, 514, 96, 474, 97, 55, 49, 134, 174, 237, 115, 6, 1295, 272, 142, 172, 268, 208, 271, 23, 1006, 127, 107, 182, 128, 200, 136, 69, 221, 446, 507, 602, 113, 7, 301, 153, 236, 257, 116, 297, 282, 82, 10, 54, 267, 473, 184, 173, 454, 108, 751, 581, 749, 167, 210, 31, 89, 155, 27, 209, 123, 180, 356, 195, 526, 207, 478, 750, 99, 658, 689, 283, 152]","[715, 72, 233, 232, 181, 217, 1015, 197, 201, 573, 442, 299, 651, 281, 691, 276, 193, 30, 677, 628, 156, 249, 78, 863, 447, 234, 256, 101, 1216, 704, 624, 266, 194, 244, 747, 422, 595, 203, 741, 94, 230, 470, 196, 292, 1013, 325, 434, 686, 117, 46, 68, 52, 270, 16, 264, 429, 513, 159, 12, 918, 212, 287, 0, 190, 1072, 248, 3, 150, 229, 242, 346, 418, 528, 745, 983, 199, 534, 545, 41, 26, 110, 214, 227, 91, 497, 464, 247, 143, 484, 146, 366, 945, 293, 147, 33, 723, 1135, 337, 1108]"
298,"[473, 316, 180, 624, 251, 7, 841, 476, 260, 431, 97, 417, 464, 1141, 171, 497, 143, 194, 495, 236, 285, 501, 650, 992, 68, 70, 196, 27, 506, 502, 177, 510, 470, 482, 704, 526, 193, 57, 429, 133, 22, 317, 0, 78, 256, 117, 96, 513, 587, 529, 602, 126, 185, 434, 950, 21, 204, 392, 142, 167, 603, 483, 210, 422, 207, 522, 87, 195, 283, 192, 264, 214, 418, 819, 131, 478, 209, 332, 525, 198, 173, 49, 120, 426, 548, 203, 8, 356, 186, 281, 481]","[280, 485, 1345, 151, 90, 150, 659, 651, 199, 472, 310, 212, 273, 201, 184, 202, 595, 98, 182, 863, 293, 132, 865, 945, 152, 503, 275, 545, 844, 124, 355, 741, 274, 484, 401, 678]"
299,"[143, 954, 13, 133, 846, 587, 614, 640, 515, 237, 175, 173, 167, 209, 25, 269, 136, 49, 285, 644, 366, 417, 741, 1140, 478, 126, 484, 714, 207, 346, 317, 1038, 1019, 215, 461, 935, 508, 332, 481, 1118, 284, 701, 134, 777, 149, 510, 150, 197, 12, 1072, 709, 661, 172, 135, 432, 85, 275, 51, 542, 58, 174, 55, 169, 606, 474, 605, 203, 344, 691, 812, 1005, 190, 310, 189, 299, 1505, 483, 1004, 961, 507, 1049, 528, 274, 513, 473, 810, 46, 250, 745, 497, 1102, 128, 482, 731, 914, 487, 964, 301, 297, 646, 22, 1055, 170, 729, 791, 27, 477, 80, 212, 201, 47, 486, 90, 501, 969, 726, 512, 151, 247, 59, 153, 511, 168, 97, 752, 395, 165, 164, 516, 96, 514, 479, 641, 11, 9, 854, 746, 407, 502, 210, 509, 48, 353, 88, 82, 113, 60, 178, 211]","[228, 110, 1017, 576, 304, 302, 386, 1046, 239, 234, 970, 185, 1321, 920, 270, 23, 601, 738, 342, 31, 70, 1073, 100, 1226, 500, 377, 296, 1020, 888, 256, 495, 581, 958, 99, 16, 66, 997, 221, 915, 114, 751, 94, 422, 949, 180, 181, 72, 723, 918, 552, 293, 142, 521, 545, 654, 1131, 69, 953, 277, 392, 1213, 288, 472, 287, 184, 263, 18, 727, 345, 166, 258, 894, 87, 460, 196, 431, 537, 57, 254, 651, 633, 248, 236, 227, 1506, 208, 1222, 282, 24, 93, 1225, 0, 530, 273, 401, 76, 1035, 54, 819, 193, 6, 238, 98, 152, 748, 1257, 71, 206, 312, 243, 434, 92, 383, 602, 3, 480, 117, 1067, 1299, 784, 596, 855, 240, 639, 380, 732, 398, 1378, 318, 19, 44]"
300,"[947, 242, 321, 871, 256, 455, 875, 287, 299, 408, 880, 832, 1093, 1011]","[327, 260, 99, 263, 293, 686]"
301,"[97, 789, 400, 55, 78, 603, 32, 522, 659, 201, 1227, 173, 495, 171, 183, 1034, 57, 383, 1111, 10, 94, 409, 122, 229, 731, 482, 510, 650, 186, 280, 167, 379, 181, 7, 215, 6, 685, 426, 518, 214, 469, 65, 153, 755, 848, 87, 95, 0, 172, 1027, 672, 863, 98, 332, 356, 268, 299, 200, 203, 193, 870, 221, 198, 830, 175, 442, 21, 718, 1011, 606, 473, 41, 72, 236, 93, 587, 142, 143, 75, 526, 404, 155, 239, 264, 202, 28, 117, 402, 180, 131, 446, 501, 194, 126, 195, 46, 27, 372, 132, 558, 425, 108, 567, 196, 454, 1015, 120, 81, 50, 42, 1282, 464, 63, 692, 701, 149, 762, 796, 209, 741, 96, 339, 11, 249, 575, 450, 958, 185, 67, 545, 411, 270, 70, 430, 217, 49, 362, 218, 3, 231, 317, 322, 480, 283, 428, 293, 127, 408, 204, 232, 281, 865, 68, 116, 14, 23, 366, 424, 257, 225, 287, 754, 16, 99]","[553, 226, 190, 137, 605, 609, 394, 52, 24, 514, 455, 8, 770, 88, 691, 513, 76, 151, 410, 158, 406, 159, 683, 66, 30, 771, 53, 150, 581, 160, 709, 272, 422, 163, 1090, 179, 596, 152, 565, 228, 240, 104, 418, 275, 238, 384, 230, 1, 630, 251, 736, 178, 742, 551, 119, 823, 549, 1073, 90, 664, 738, 520, 80, 227, 234, 500, 745, 110, 1134, 38, 2, 192, 141, 417, 162, 734, 392, 757, 461, 801, 677, 502, 144, 1012, 1051, 419, 248, 161, 561, 684, 1229, 156, 403, 401, 121, 657, 386, 635, 89, 79, 819, 298, 40, 333, 61, 720, 182, 216, 654, 154, 20]"
302,"[306, 300, 270]","[321, 302, 322, 244, 308, 327, 878, 269, 257, 298, 679, 987, 747, 293, 357, 288, 332, 265]"
303,"[918, 68, 133, 403, 199, 160, 67, 392, 417, 1097, 692, 410, 1108, 432, 175, 1285, 208, 434, 64, 301, 181, 178, 459, 1006, 98, 407, 202, 261, 420, 234, 653, 128, 180, 201, 409, 232, 8, 317, 193, 479, 505, 159, 233, 78, 450, 95, 152, 256, 79, 230, 90, 248, 287, 163, 209, 581, 182, 66, 185, 472, 218, 293, 231, 275, 395, 121, 567, 1011, 738, 734, 741, 183, 236, 791, 1225, 1020, 54, 530, 704, 777, 557, 200, 590, 650, 41, 171, 1047, 43, 207, 225, 25, 429, 448, 762, 366, 435, 217, 1187, 151, 1186, 267, 184, 285, 506, 482, 155, 197, 222, 89, 11, 215, 516, 94, 481, 574, 12, 380, 846, 10, 602, 257, 136, 386, 524, 517, 419, 24, 543, 356, 615, 269, 657, 339, 507, 150, 49, 249, 649, 1072, 1141, 167, 214, 720, 740, 779, 63, 672, 978, 708, 714, 469, 422, 99, 55, 169, 194, 442, 474, 761, 959, 501, 1217, 378, 108, 691, 97, 473, 69, 21, 250, 81, 401, 149, 22, 500, 170, 268, 142, 424, 254, 745, 490, 297, 126, 123, 955, 844, 40, 173, 92, 245, 652, 131, 812, 240, 789, 874, 186, 664, 384, 385, 143, 227, 7, 318, 772, 478, 587, 127, 1038, 0, 292, 402, 404, 122, 91, 203, 332, 595, 460, 235, 96, 513, 82, 146, 16, 46, 3, 558, 614, 286, 483, 804, 654, 76, 283, 630, 6, 289, 32, 561, 418, 172, 220, 830, 237, 80, 115, 426, 190, 87]","[784, 841, 814, 251, 396, 778, 1159, 425, 144, 93, 119, 737, 1036, 276, 86, 290, 1314, 368, 322, 1094, 747, 329, 866, 699, 575, 548, 326, 272, 1089, 397, 715, 30, 1507, 1266, 372, 839, 324, 449, 1070, 415, 365, 848, 48, 1015, 1013, 1223, 61, 259, 925, 325, 158, 1087, 475, 375, 390, 124, 544, 23, 14, 721, 117, 573, 299, 1221, 843, 42, 138, 244, 363, 728, 997, 577, 1010, 1177, 696, 1238, 1117, 140, 1257, 37, 383, 550, 166, 684, 461, 1198, 540, 754, 1302, 764, 247, 157, 357, 819, 451, 758, 228, 808, 1209, 824, 947, 1046, 939, 1, 871, 320, 952, 221, 677, 719, 323, 799, 1269, 807, 1156, 28, 1272, 52, 457, 116, 27, 238, 539, 2, 53, 549, 381, 454, 951, 1509, 327, 927, 1012, 618, 585, 1231, 1088, 1109, 1410, 226, 105, 1425, 534, 412, 333, 1510, 77, 263, 1214, 551, 800, 1144, 870, 1152, 823, 1022, 84, 1091, 582, 71, 596, 282, 280, 110, 394, 828, 733, 281, 1229, 1134, 669, 4, 1508, 568, 1051, 1219, 387, 476, 229, 270, 832, 1033, 743, 1406, 72, 563, 594, 553, 1181, 865, 20, 431, 1045, 678, 1336, 374, 400, 1334, 872, 1096, 724, 1039, 635, 782, 992, 996, 120, 868, 288, 45, 1227, 1043, 1040, 686, 576, 389, 62, 154, 411, 70, 239, 1208, 258, 541, 633, 942, 367, 545, 1216, 626, 938, 1085, 362]"
304,"[236, 270, 297, 321, 274, 293, 312, 299, 277, 762, 273]","[258, 680, 287, 681, 892, 309, 342, 741, 285, 894, 327, 110, 242, 878, 322]"
305,"[426, 470, 424, 653, 511, 482, 49, 188, 186, 60, 922, 528, 185, 202, 208, 215, 13, 301, 168, 946, 1100, 297, 150, 356, 637, 155, 659, 153, 556, 177, 510, 529, 133, 257, 777, 1455, 654, 288, 206, 920, 6, 174, 422, 97, 855, 526, 182, 1103, 962, 627, 11, 903, 581, 689, 167, 970, 63, 179, 169, 285, 791, 222, 316, 734, 479, 69, 792, 250, 180, 198, 314, 41, 170, 195, 164, 47, 171, 268, 0, 381, 712, 197, 708, 407, 527, 284, 430, 1017, 159, 165, 485, 862, 175, 473, 474, 85, 461, 649, 44, 310, 241, 126, 96, 1285]","[450, 116, 213, 70, 78, 10, 959, 346, 14, 86, 237, 678, 55, 130, 402, 209, 1410, 609, 256, 75, 732, 337, 211, 191, 805, 942, 51, 244, 248, 601, 238, 481, 187, 203, 99, 173, 384, 189, 304, 80, 128, 267, 271, 82, 549, 404, 200, 245, 236, 95, 199, 747, 162, 87, 1512, 478, 1014, 152, 630, 326, 120, 194, 15, 214, 1072, 940, 134, 1511, 685, 183, 201, 750, 90, 663, 178, 769, 281, 1484, 844, 142, 432, 143, 707, 299, 683, 286, 190, 1073, 88, 477, 748, 1, 596, 196, 728, 32, 274, 317, 325, 427, 463, 12, 48, 504, 59, 227, 58, 468, 65, 662, 864, 960, 221, 484, 68, 172, 565, 483]"
306,"[234, 286, 13, 241, 274, 318, 1008, 305, 99, 743, 12, 115, 268, 149, 110, 285, 1513, 18, 1250, 256, 284]","[863, 475, 24, 320, 755, 282, 257, 302, 1027, 288, 740]"
307,"[88, 173, 948, 1021, 172, 257, 1410, 70, 430, 1109, 20, 174, 312, 228, 526, 168, 462, 427, 188, 90, 153, 745, 80, 152, 510, 514, 407, 448, 654, 422, 23, 473, 196, 113, 213, 185, 81, 144, 461, 82, 229, 214, 226, 55, 180, 418, 134, 528, 256, 208, 0, 1027, 587, 69, 167, 163, 482, 98, 227, 171, 579, 63, 221, 432, 131, 108, 268, 707, 49]","[93, 633, 686, 264, 508, 99, 21, 392, 192, 142, 426, 449, 182, 401, 100, 1139, 238, 402, 194, 209, 285, 379, 400, 184, 203, 659, 199, 394, 630, 27, 738, 61, 162, 735, 177, 1064, 195, 71, 504, 160, 471, 120, 830]"
308,"[0, 1196, 648, 401, 639, 426, 80, 186, 58, 515, 435, 173, 94, 847, 740, 162, 558, 297, 580, 434, 633, 163, 84, 480, 466, 608, 3, 501, 672, 446, 964, 810, 510, 1018, 487, 745, 474, 1045, 489, 115, 318, 804, 967, 191, 177, 486, 203, 392, 86, 609, 583, 183, 1005, 182, 821, 44, 513, 432, 704, 69, 632, 11, 4, 24, 176, 159, 198, 497, 78, 588, 1403, 805, 462, 610, 180, 465, 741, 237, 454, 1020, 663, 43, 126, 63, 174, 485, 920, 90, 424, 508, 476, 1420, 106, 167, 88, 71, 384, 123, 99, 128, 460, 519, 617, 190, 153, 73, 685, 283, 674, 481, 212, 22, 647, 711, 208, 407, 185, 47, 207, 142, 81, 431, 317, 29, 707, 247, 87, 156, 640, 275, 1410, 557, 67, 240, 468, 429, 714, 200, 522, 511, 70, 356, 1455, 194, 654, 698, 95, 604, 516, 55, 645, 23, 944, 493, 567, 274, 175, 170, 201, 565, 161, 731, 91, 418, 927, 678, 287, 427, 824, 134, 422, 7, 662, 855, 402, 366, 31, 10, 530, 601, 664, 738, 961, 152, 602, 612, 229, 209, 202, 21, 49, 1134, 1044, 505, 587, 150, 133, 16, 381, 121, 284, 98, 1514, 151, 433, 1064, 656, 1168, 518, 419, 181, 566, 670, 193, 652, 130, 155, 660, 852, 199, 184, 409, 478, 653, 1139, 500, 41, 549, 769, 210, 292, 628, 178, 46, 1146, 179, 6, 391, 217, 171, 503, 222, 524, 479, 410, 256, 65, 1117, 582, 395, 641, 536, 529, 428, 8, 168, 254]","[54, 294, 1285, 214, 492, 862, 377, 164, 165, 416, 801, 578, 59, 290, 958, 1027, 627, 192, 527, 53, 451, 606, 568, 631, 108, 525, 735, 655, 825, 321, 232, 282, 169, 482, 520, 264, 514, 442, 97, 143, 233, 842, 204, 218, 754, 581, 1046, 27, 312, 692, 308, 160, 746, 1210, 615, 1072, 577, 263, 504, 132, 728, 196, 146, 659, 57, 965, 483, 225, 491, 691, 30, 494, 596, 234, 122, 472, 253, 509, 498, 236, 18, 230, 117, 14, 590, 521, 1125, 197, 447, 1153, 841, 96, 213, 370, 215, 293, 1251, 147, 403, 677, 238, 20, 116, 48, 64, 613, 320, 495, 76, 195, 941, 791, 614, 484, 60, 273, 506, 364, 140, 658, 68, 131, 470, 72, 471, 545, 272, 708, 1073, 636, 355, 1120, 448, 823, 258, 683, 120, 138, 512, 777]"
309,"[325, 937, 241, 330, 1024, 318, 333, 257, 285, 878]","[332, 323, 302, 1392, 305, 299, 303, 1295, 988, 689]"
310,"[115, 23, 535, 844, 303, 256, 13, 739, 250, 1021, 274, 180, 49, 1141]","[257, 831, 747, 273, 221, 1385, 293]"
311,"[431, 97, 8, 565, 715, 202, 82, 384, 171, 179, 27, 661, 365, 504, 567, 402, 494, 180, 228, 140, 69, 212, 72, 347, 21, 232, 204, 98, 483, 481, 691, 116, 309, 470, 203, 468, 377, 257, 81, 177, 173, 525, 707, 430, 274, 587, 198, 225, 747, 678, 526, 364, 626, 509, 186, 135, 160, 417, 187, 401, 514, 844, 131, 945, 1092, 490, 591, 192, 0, 182, 42, 328, 14, 233, 920, 777, 527, 199, 85, 88, 124, 522, 207, 1231, 314, 49, 386, 133, 492, 167, 940, 194, 722, 641, 321, 70, 1034, 264, 317, 479, 201, 305, 215, 482, 275, 464, 299, 728, 176, 126, 214, 120, 175, 749, 723, 195, 647, 422, 503, 478, 356, 650, 11, 7, 190, 30, 731, 217, 227, 519, 193, 520, 467, 500, 355, 638, 620, 415, 538, 398, 76, 1118, 71, 293, 172, 793, 1220, 497, 196, 100, 683, 63, 659, 734, 281, 87, 65, 754, 55, 654, 629, 498, 943, 392, 486, 493, 38, 237, 53, 96, 644, 569, 209, 1296, 941, 75, 379, 698, 230, 95, 495, 68, 221, 370, 50, 134, 965, 226, 738, 510, 427, 78, 447, 613, 229, 391, 169]","[178, 653, 558, 385, 142, 418, 848, 4, 1221, 67, 660, 517, 1115, 552, 719, 93, 117, 37, 670, 366, 432, 950, 325, 211, 469, 57, 964, 760, 714, 238, 484, 424, 231, 774, 210, 61, 1045, 40, 575, 419, 1478, 750, 784, 43, 603, 450, 583, 184, 322, 22, 621, 767, 320, 548, 62, 99, 561, 782, 443, 1041, 208, 518, 132, 448, 753, 1040, 529, 508, 699, 701, 795, 191, 1049, 622, 403, 185, 580, 1216, 966, 649, 725, 197, 416, 704, 746, 90, 46, 442, 130, 240, 80, 435, 938, 577, 780, 414, 549]"
312,"[691, 99, 132, 572, 27, 493, 920, 640, 479, 1298, 97, 407, 494, 630, 133, 1202, 556, 638, 674, 1123, 56, 233, 480, 497, 131, 356, 602, 95, 130, 481, 268, 484, 482, 488, 583, 495, 442, 658, 274, 7, 614, 169, 179, 603, 204, 592, 704, 434, 51, 527, 542, 502, 381, 473, 655, 587, 512, 189, 135, 113, 194, 1038, 610, 182, 967, 178, 203, 519, 712, 1166, 70, 652, 632, 88, 862, 275, 487, 69, 0, 68, 205, 462, 186, 173, 849, 492, 520, 175, 653, 1125, 523, 670, 683, 485, 509, 854, 210, 607, 184, 207, 164, 165, 504, 1515, 518, 431, 662, 834, 612, 1019, 536, 490, 190, 153, 486, 836, 530, 477, 1450, 514, 206, 525, 489, 606, 595, 171, 944, 478, 426, 505, 656, 193, 22, 9, 498, 588, 1297, 508, 609, 672, 611, 739, 605, 13, 506, 659, 647, 142, 177, 96, 222, 529, 660, 812, 637, 49, 212, 613, 1171, 617, 601, 188, 1049, 168, 835, 458, 528, 600, 180, 483, 428, 196, 510, 643, 646, 82, 524, 198, 429]","[152, 120, 227, 187, 675, 846, 143, 237, 1020, 586, 240, 208, 918, 966, 156, 150, 729, 1115, 172, 264, 515, 155, 3, 608, 371, 511, 185, 427, 433, 631, 513, 213, 413, 624, 174, 639, 136, 176, 1191, 151, 418, 221, 123, 90]"
313,"[116, 565, 615, 435, 98, 95, 672, 190, 70, 30, 174, 264, 487, 968, 204, 179, 130, 203, 135, 434, 607, 481, 113, 131, 173, 317, 186, 134, 181, 72, 99, 656, 96, 649, 202, 514, 526, 422, 500, 198, 193, 63, 68, 664, 133, 520, 627, 97, 233, 1209, 160, 497, 603, 470, 1049, 658, 525, 549, 515, 225, 22, 623, 683, 473, 184, 836, 327, 524, 479, 495, 769, 177, 419, 117, 662, 403, 482, 429, 654, 143, 478, 49, 392, 632, 0, 442, 631, 522, 332, 182, 483, 132, 891, 120, 192, 176, 214, 194, 502, 431, 504, 210, 299, 660, 201, 62, 614, 635, 567, 384, 518, 519, 587, 545, 146, 503, 624, 488, 308, 237, 513, 171, 653, 480, 140, 510, 426, 88, 126, 209, 325, 180, 215, 175, 224, 496, 356, 78, 489, 602, 196]","[477, 21, 199, 744, 147, 64, 244, 207, 229, 739, 238, 138, 414, 150, 162, 669, 608, 43, 161, 493, 486, 416, 1065, 447, 577, 404, 842, 830, 153, 155, 66, 227, 564, 472, 673, 648, 55, 163, 28, 848, 440, 154, 585, 945, 65, 402, 217, 413, 541, 390, 661, 767, 7, 191, 24, 822, 485, 321, 76, 93, 427, 257, 166, 492, 167, 1090, 408, 417, 839, 484, 448, 628, 94, 87, 537, 819, 738, 719, 152, 460, 151, 185, 494, 734, 743, 747, 682, 498, 141, 418, 101, 501, 451, 330, 27, 695, 230, 156, 401, 46, 142, 464, 124, 81, 57, 221, 14, 1469, 236, 650, 741, 231, 630, 228, 581, 575, 777, 558, 234, 844, 530]"
314,"[27, 1149, 534, 94, 416, 691, 1517, 1217, 8, 790, 1138, 832, 72, 467, 923, 734, 53, 28, 365, 327, 622, 590, 267, 203, 1275, 671, 982, 41, 142, 401, 146, 137, 214, 104, 254, 868, 1219, 281, 596, 154, 217, 4, 762, 63, 287, 577, 236, 779, 67, 70, 818, 219, 1135, 1516, 6, 681, 872, 417, 93, 1031, 794, 326, 738, 408, 87, 110, 245, 1472, 945, 761, 277, 377, 760, 1209, 500, 793, 1151, 392, 410, 422, 587, 995, 124, 814, 1040, 366, 10, 1310, 77, 626, 1470, 992, 160, 805, 684, 698, 21, 1518, 865, 844, 120, 561, 720, 66, 65, 293, 201, 98, 627, 256, 409, 404, 1015, 150, 1468, 741, 495, 654, 331, 317, 64, 730, 1011, 789, 545, 14, 541, 819, 938, 149, 131, 282, 933, 1252, 807, 826, 116, 37, 1052, 418, 948, 1062, 40, 1144, 0, 1046, 7, 811, 68, 567, 1047, 475, 1296, 321, 608, 11, 931, 767]","[1262, 275, 1288, 89, 1094, 742, 928, 619, 937, 125, 1519, 784, 119, 940, 764, 692, 1053, 1220, 405, 398, 273, 723, 1502, 1084, 121, 1027, 1056, 958, 23, 376, 771, 394, 763, 947, 1088, 1177, 1164, 780, 1228, 594, 279, 696, 283, 1266, 800, 941, 1013, 378, 195, 795, 215, 35, 55, 782, 105, 469, 746, 774, 157, 52, 1073, 24, 400, 716, 432, 69, 71, 996, 411, 721, 507, 709, 845, 786, 364, 1093, 172, 755, 1216, 476, 539, 584, 143, 92, 1290, 1224, 1028]"
315,"[12, 184, 304, 656, 97, 229, 530, 653, 215, 222, 301, 54, 45, 155, 210, 284, 126, 602, 99, 179, 268, 47, 708, 507, 237, 11, 791, 167, 339, 185, 186, 193, 460, 381, 177, 55, 24, 427, 172, 175, 326, 1064, 275, 174, 512, 522, 153, 644, 208, 285, 641, 203, 22, 519, 302, 163, 3, 136, 432, 740, 672, 474, 78, 1083, 317, 92]","[272, 650, 430, 7, 16, 233, 503, 731, 745, 30, 270, 182, 769, 202, 120, 323, 300, 162, 465, 201, 287]"
316,"[97, 305, 291, 212, 482, 548, 734, 1083, 18, 196, 63, 189, 356, 282, 8, 1038, 520, 179, 21, 462, 317, 13, 131, 190, 169, 922, 729, 82, 706, 650, 514, 632, 530, 43, 285, 274, 715, 426, 581, 99, 222, 96]","[587, 49, 613, 70, 264, 288, 529, 233, 506, 275, 198, 172, 184, 167, 182, 677, 186, 171, 68, 672, 481, 88, 434, 191, 173, 161, 461, 57, 126, 987, 486, 322, 303]"
317,"[349, 299, 327, 330, 244, 312, 263, 747, 354, 298, 287, 353, 259]","[325, 270, 267, 322, 350, 321, 878, 677, 682]"
318,"[473, 355, 256, 630, 658, 475, 63, 647, 507, 203, 609, 356, 71, 196, 193, 314, 502, 238, 933, 480, 749, 181, 65, 508, 654, 126, 87, 500, 11, 418, 136, 157, 161, 484, 236, 434, 185, 413, 14, 139, 210, 325, 311, 656, 284, 156, 137, 707, 696, 141, 68, 212, 23, 604, 1043, 93, 281, 377, 627, 565, 173, 479, 131, 1011, 57, 25, 69, 190, 254, 526, 300, 268, 738, 317, 384, 178, 320, 721, 209, 865, 1047, 731, 539, 13, 711, 1049, 99, 7, 132, 39, 264, 215, 530, 481, 691, 274, 897, 808, 1159, 133, 734, 186, 293, 207, 422, 166, 940, 450, 628, 457, 142, 24, 392, 339]","[767, 49, 659, 46, 285, 794, 1013, 523, 247, 1031, 48, 383, 1022, 395, 304, 400, 104, 159, 574, 62, 795, 814, 1520, 864, 228, 516, 791, 1119, 404, 204, 237, 380, 288, 160, 868, 375, 762, 55, 841, 283, 863, 891, 84, 403, 1062, 214, 402, 192, 76, 617, 195, 187, 3, 513, 306, 967, 1203, 120, 1029, 943]"
319,"[312, 878, 301, 266, 879, 332, 306, 267, 305, 331, 300]","[337, 339, 268, 749, 688, 258, 750, 345, 260, 681, 357, 349]"
320,"[116, 176, 293, 201, 283, 1156, 67, 98, 41, 209, 290, 432, 249, 10, 1209, 147, 173, 172, 1187, 2, 430, 187, 553, 158, 741, 1080, 89, 868, 122, 53, 96, 551, 99, 32, 738, 691, 128, 6, 848, 368, 402, 894, 684, 404, 21, 160, 61, 37, 155, 49, 183, 91, 163, 762, 626, 225, 1, 549, 420, 65, 287, 78, 567, 1090, 678, 240, 807, 799, 569, 457, 545, 16, 256, 299, 409, 384, 120, 232, 203, 1058, 273, 231, 88, 144, 194, 945, 175, 824, 182, 750, 171, 146, 1046, 237, 184, 624, 469, 55, 826, 357, 50, 95, 247, 773]","[398, 455, 117, 471, 410, 500, 975, 677, 575, 277, 1010, 715, 973, 1089, 1040, 451, 891, 76, 251, 3, 412, 770, 275, 0, 94, 565, 585, 70, 81, 1214, 1521, 587, 23, 452, 230, 367, 759, 768, 234, 121, 832, 571, 731, 239, 26, 1051, 1290, 596, 339, 291]"
321,"[495, 630, 130, 614, 482, 29, 1193, 484, 493, 179, 708, 49, 7, 473, 134, 204, 513, 212, 735, 496, 198, 197, 55, 215, 483, 514, 461, 606, 99, 189, 44, 1330, 60, 528, 632, 210, 47, 152, 479, 509, 8, 82, 529, 185, 6, 59, 131, 512, 653, 656, 431, 603, 518, 169, 285, 356, 530, 85, 274, 610, 196, 18, 492, 510, 172, 434, 602, 478, 418, 220, 132, 658, 497, 427, 58, 477]","[286, 133, 522, 206, 193, 520, 223, 1027, 506, 142, 214, 275, 123, 526, 854, 190, 192, 613, 88, 646, 662, 13, 729, 19, 86, 63, 174, 1125, 498, 462, 862, 173, 381, 211, 31, 1049, 181, 282, 650, 490, 126, 115, 703, 1100, 704, 429, 525, 941, 51]"
322,"[196, 31, 49, 507, 478, 191, 184, 178, 317, 193, 91, 520, 11, 652, 312, 271, 513, 181, 149, 63, 233, 512, 195, 155, 22, 655, 602, 301, 47, 527, 156, 257, 653, 126, 504, 32, 506, 1018, 8, 482, 654]","[88, 215, 750, 0, 488, 590, 187, 607, 302, 345]"
323,"[222, 297, 332, 8, 126, 78, 245, 743, 198, 21, 99, 149, 326, 202, 254, 150, 466, 179, 507, 712, 209, 171, 214, 55, 1049, 237, 478, 185, 762, 291, 143, 10, 257, 292, 22, 49, 543, 1011, 761, 178, 92, 992, 267, 97, 63, 1072, 155, 272, 180, 650]","[256, 116, 545, 6, 1016, 885, 248, 331, 244, 281, 288, 771, 285, 299, 327, 14, 247, 763, 242, 874, 203, 474, 120, 740, 677, 932, 872, 618, 318, 287, 875, 221, 293, 294, 846, 333, 1047, 534, 321]"
324,"[747, 1032, 470, 596, 297, 1093, 753, 126, 257, 299, 8, 306, 321, 871, 287, 254, 122, 878, 247, 537, 274, 293, 259, 149, 322, 826, 13, 49, 288, 281, 292, 258, 474, 0, 327, 275, 330, 410, 300, 326, 457, 269, 249, 689, 284, 762, 339, 124, 285, 309, 872, 272, 267, 507, 845, 741, 409]","[282, 331, 876, 748, 874, 291, 677, 338, 320]"
325,"[429, 178, 655, 504, 513, 505, 97, 176, 473, 180, 483, 134, 1410, 520, 184, 613, 509, 192, 491, 151, 431, 474, 174, 834, 356, 492, 516, 126, 196, 179, 524, 285, 99, 98, 482, 136, 603, 433, 185, 49, 654, 960, 22, 653, 501, 497, 113, 268, 189, 442, 646, 1148, 1522, 204, 1202, 479, 528, 481, 198, 133, 529, 736, 468, 615, 510, 92, 407, 171, 385, 526]","[484, 401, 503, 153, 239, 186, 108, 864, 142, 167, 639, 324, 402, 94, 163, 304, 85, 339, 457, 106, 187, 312, 434, 541, 553, 46, 233, 525, 506, 132, 344, 173, 210, 1, 0, 271, 1002, 270, 27, 767, 1231, 190, 207, 182, 81, 114, 547, 318, 235, 627, 1229, 15, 649, 57, 199, 31, 131, 209, 181, 104, 494, 522, 1017, 194, 382, 175, 770, 1117, 70, 1486, 234, 1139]"
326,"[21, 185, 479, 152, 49, 495, 674, 443, 317, 731, 525, 78, 184, 632, 131, 143, 658, 565, 398, 232, 442, 444, 204, 654, 264, 171, 478, 385, 97, 968, 529, 526, 524, 602, 614, 88, 612, 135, 173, 182, 607, 484, 490, 7, 656, 63, 510, 650, 482, 433, 180, 836, 227, 392, 615, 172, 483, 514, 193, 225, 497, 390, 509, 377, 194, 549, 177, 519, 567, 426, 446, 473, 198, 201, 93, 647, 492, 195, 428, 427, 522, 518, 700, 210, 96]","[68, 167, 467, 281, 53, 645, 502, 447, 527, 133, 673, 558, 81, 611, 450, 209, 451, 203, 240, 199, 562, 140, 66, 943, 507, 678, 435, 87, 402, 664, 669, 563, 553, 670, 1230, 196, 47, 85, 233, 169, 207, 704, 37, 176, 719, 396, 500, 434, 229, 43, 71, 432, 95, 789, 32, 779, 653, 422, 153, 316, 564, 608, 231, 480, 181, 218, 215, 228, 179, 0, 440, 160, 238, 366, 418, 662, 175, 126, 186, 384, 3, 848, 448, 504, 134, 52, 174, 520, 610, 226, 587, 8, 499, 89, 506, 513, 1125, 130, 236, 477, 55, 1117]"
327,"[190, 532, 804, 191, 229, 557, 496, 654, 132, 92, 810, 450, 1097, 13, 468, 142, 214, 948, 236, 143, 434, 287, 1066, 31, 477, 1096, 644, 172, 649, 187, 197, 237, 126, 152, 709, 195, 658, 199, 513, 493, 805, 920, 651, 1074, 752, 196, 80, 602, 233, 380, 88, 587, 633, 218, 312, 1130, 343, 418, 8, 1099, 194, 131, 0, 958, 54, 9, 21, 150, 7, 3, 1169, 1102, 153, 69, 474, 189, 1006, 463, 284, 181, 707, 427, 1068, 685, 714, 581, 650, 171, 918, 864, 208, 339, 959, 10, 1100, 231, 99, 22, 526, 91, 855, 201, 481, 356, 203, 200, 1069, 149, 110, 97, 895, 85, 446, 98, 662, 130, 128, 791, 47, 708, 522, 159, 366, 506, 717, 683, 1217, 179, 173, 536, 245, 180, 177, 304, 167, 46, 227, 267, 432, 317, 175, 874, 274, 155, 497]","[460, 209, 299, 701, 273, 168, 473, 430, 961, 215, 848, 49, 885, 81, 89, 292, 1140, 24, 232, 293, 475, 582, 202, 1055, 409, 516, 381, 238, 280, 1011, 894, 417, 63, 257, 407, 263, 420, 734, 178, 454, 424, 95, 422, 410, 264, 12, 588, 225, 1018, 671, 146, 505, 87, 507, 873, 404, 558, 745, 1, 483, 84, 327, 326, 11, 210, 1016, 320, 217, 68, 297, 221, 501, 1072, 675, 771, 643, 549, 163, 71, 272, 300, 268, 116, 545, 64, 630, 78, 270, 25, 402, 681, 86, 657, 844, 151, 567, 310, 6, 301, 30, 107, 731, 185, 43, 94, 337, 285, 332, 335, 256, 183, 323, 55, 1128, 777, 254, 244, 27, 392, 748, 174, 160, 82, 395, 465, 120, 23, 32, 216, 249, 182, 951, 65, 41, 259, 248, 528, 627, 677]"
328,"[8, 199, 741, 518, 520, 753, 654, 9, 522, 527, 143, 749, 187, 131, 450, 81, 264, 509, 54, 330, 30, 161, 442, 370, 97, 184, 99, 233, 482, 217, 660, 182, 725, 290, 21, 514, 244, 422, 288, 1135, 613, 204, 78, 210, 222, 530, 156, 510, 568, 198, 469, 473, 6, 202, 325, 1111, 240, 27, 698, 1482, 1312, 69, 316, 11, 171, 588, 185, 343, 600, 644, 160, 271, 126, 404, 179, 154, 116, 728, 285, 683, 314, 327, 684, 64, 76, 548, 691, 180, 955, 356, 743, 132, 88, 191, 72, 808, 317, 519, 57, 301, 688, 938, 656, 63, 68, 346, 312, 120, 497, 274, 650, 236, 49, 315, 95, 299, 70, 55, 257, 565, 280, 581, 434, 175, 186]","[904, 567, 270, 590, 42, 678, 215, 3, 430, 626, 1125, 1134, 1105, 401, 283, 348, 1276, 1247, 402, 369, 349, 1041, 481, 147, 230, 692, 627, 1014, 1108, 553, 569, 915, 549, 1040, 695, 331, 227, 735, 545, 1262, 479, 555, 75, 635, 878, 355, 293, 281, 321, 84, 503, 431, 502, 1138, 689, 578, 163, 638, 622, 221, 447, 594, 176, 332, 382, 272, 619, 747, 197, 552, 379, 10, 738, 664, 269, 822, 398, 687, 61, 225, 558, 648, 539, 231, 560, 322, 43, 911, 300, 754, 96, 194, 1438, 707, 148, 1477, 28, 214, 751, 7, 448, 636, 181, 203, 259, 117, 1216, 1106, 848, 983, 1517, 722, 228, 426, 596, 134, 229, 342, 152, 777, 193, 571, 432, 797, 661, 605, 226, 719, 914, 1020, 1400, 158, 234, 902, 22, 982, 645, 585, 910, 750, 298, 577, 326, 809, 71, 446, 470, 50, 384, 517, 714, 166, 480, 609, 37, 53, 67, 45]"
329,"[99, 511, 296, 97, 78, 514, 268, 123, 275, 854, 299, 302, 271, 180, 654, 11, 482, 196, 197, 168, 136, 173, 312, 294, 332, 285, 198, 650, 301, 49, 422, 126]","[325, 128, 590, 257, 923, 337, 146, 80, 249, 244, 287, 281, 704, 891, 283, 273, 184, 330, 116, 193, 6, 322, 10, 878, 38, 1010, 185, 7, 247, 293, 656, 321, 533]"
330,"[10, 135, 234, 120, 50, 214, 446, 595, 464, 574, 7, 43, 203, 49, 180, 602, 37, 212, 274, 254, 484, 207, 96, 57, 548, 569, 71, 46, 1027, 691, 199, 844, 152, 171, 87, 426, 276, 392, 192, 70, 132, 762, 417, 472, 1043, 587, 285, 21, 173, 65, 418, 76, 160, 94, 72, 69, 117, 66, 369, 1083, 251, 356, 698, 237, 863, 147, 90, 131, 97, 98, 93, 27, 450, 567, 728, 209, 659, 196, 150, 469, 104, 215, 176, 738, 125, 865, 30, 650, 500, 431, 992, 256, 68, 99, 0, 101, 968, 14, 282, 384, 184, 1034, 201, 224, 20, 962, 404, 317, 236, 375, 988, 402, 693, 421, 442, 283, 422, 478, 63, 965, 24, 227, 142, 116, 81, 467, 626, 230, 495, 731]","[583, 822, 1015, 79, 746, 526, 62, 553, 292, 134, 167, 194, 204, 707, 558, 208, 383]"
331,"[6, 46, 68, 99, 276, 867, 63, 304, 810, 58, 502, 181, 241, 80, 179, 946, 222, 693, 31, 123, 734, 957, 197, 413, 233, 237, 285, 681, 220, 1295, 268, 303, 1100, 301, 174, 267, 21, 159, 305, 510]","[485, 478, 132, 1099, 189, 453, 652, 704, 57, 932, 701, 214, 513, 10, 474, 1140, 481, 213, 1193, 490, 1016, 177, 1198, 505, 633, 466, 30, 7, 0, 131]"
332,"[565, 692, 227, 228, 283, 231, 450, 232, 672, 1187, 97, 594, 155, 147, 1015, 257, 81, 654, 299, 287, 331, 353, 270, 6, 180, 1217, 96, 977, 290, 448, 217, 727, 927, 203, 341, 878, 1243, 21, 545, 4, 409, 1027, 143, 325, 94, 264, 126, 119, 683, 53, 173, 105, 181, 297, 7, 292, 11, 256, 814, 10, 158, 762, 272, 455, 1089, 596, 321, 332, 327, 745, 368, 236, 122, 678, 251, 281, 0, 404, 469, 226, 840, 233, 894, 209, 650, 121, 449, 171, 120, 76, 741, 627, 293, 229, 95, 322, 55, 832, 221, 312, 451, 117, 78, 124, 194, 72, 8, 30, 326, 239, 1041, 116, 839, 430, 306, 826, 254, 681, 40, 1156, 470, 747, 225, 677, 567, 410, 172, 366, 146, 384, 349, 684, 88, 63, 49, 819, 973, 561, 244, 301, 549]","[769, 974, 43, 1149, 695, 1012, 234, 248, 870, 716, 933, 408, 830, 865, 294, 52, 1314, 1010, 981, 930, 263, 369, 1046, 823, 69, 104, 755, 844, 405, 37, 982, 355, 659, 768, 224, 275, 551, 1209, 471, 983, 553, 618]"
333,"[65, 738, 747, 97, 315, 87, 275, 314, 299, 434, 512, 152, 185, 167, 173, 99, 519, 482, 126]","[893, 78, 179, 872, 293, 254, 268]"
334,"[281, 602, 221, 51, 1162, 92, 85, 99, 1107, 480, 1007, 222, 7, 58, 206, 182, 275, 301, 203, 1314, 474, 921, 386, 1072, 1009, 315, 310, 960, 1523, 1132, 199, 607, 513, 6, 152, 514, 284, 683, 662, 1050, 426, 524, 159, 190, 21, 504, 557, 420, 708, 395, 167, 791, 630, 267, 312, 651, 172, 305, 707, 1403, 627, 134, 407, 839, 1136, 511, 944, 530, 173, 212, 428, 130, 429, 581, 968, 1312, 229, 345, 332, 88, 654, 49, 1169, 590, 427, 641, 82, 196, 656, 285, 509, 424, 422, 487, 1311, 639, 296, 162, 126, 482, 220, 150, 497, 174, 1524, 323, 97, 271, 236, 905, 57, 184, 114, 314, 605, 11, 885, 227, 317, 901, 302, 483, 633, 78, 133, 41, 855, 432, 1425, 493, 19, 886, 180, 674, 80, 461, 115, 628, 898, 123, 202, 22, 8, 256, 90, 247, 536, 168, 81, 237, 18, 1047, 282, 336, 55, 153, 170, 1225, 895, 178, 706, 520, 195, 257, 752, 274, 528, 149, 128, 245, 189, 192, 1201, 186, 1019, 43, 207, 10, 235, 129, 1010, 402, 1262, 9, 517, 478, 548, 98, 46]","[116, 634, 223, 228, 268, 292, 316, 3, 1206, 249, 460, 473, 71, 288, 449, 692, 76, 619, 715, 209, 435, 1171, 501, 244, 169, 1240, 1410, 215, 226, 321, 339, 181, 844, 68, 442, 887, 325, 657, 741, 576, 299, 131, 1005, 869, 69, 565, 475, 318, 448, 110, 1015, 270, 499, 346, 238, 876, 276, 761, 94, 60, 344, 309, 1013, 677, 27, 124, 745, 370, 904, 1040, 1197, 311, 404, 230, 337, 304, 936, 12, 67, 264, 954, 234, 484, 287, 327, 286, 935, 73, 552, 175, 854, 142, 864, 735, 711, 154, 878, 743, 1131, 507, 739, 709, 505, 568, 254, 163, 171, 1503, 300, 606, 930, 216, 1073, 72, 243, 949, 224, 688, 185, 814, 845, 219, 28, 306, 136, 208, 865, 141, 70, 760, 495, 526, 120, 881, 809, 560, 37, 217, 289, 418, 213, 13, 303, 160]"
335,"[244, 268, 346, 270, 287, 332, 304, 901, 322, 306, 299, 321, 339]","[327, 323, 259, 677, 257, 312, 747, 354, 341]"
336,"[1046, 1056, 275, 48, 153, 66, 1073, 1011, 1016, 215, 152, 121, 167, 120, 104, 761, 3, 55, 89, 236, 274, 185, 69, 283, 764, 41, 1047, 14, 709, 203, 25, 474, 256, 293, 209, 590, 948, 1117, 272, 49, 172]","[65, 107, 576, 618, 12, 404, 201, 863, 394, 570, 116, 207, 844, 238, 998, 741, 450, 281, 654, 398, 737, 691, 231, 1058, 823, 721, 1053, 1217, 123, 409, 1097, 157, 1229, 925, 40, 789, 400, 32, 1036, 93, 62, 731, 795, 1040, 574, 1436, 387, 1495, 1010, 124, 382, 110, 99, 997, 1050, 289, 87, 287, 858, 762, 1187, 784, 1445, 779, 1182, 1078, 545, 150, 627, 2, 958, 366, 780, 0, 584, 367, 870, 1248, 1093, 733, 24, 406, 84, 715, 392, 237, 578, 745, 71]"
337,"[630, 229, 1132, 741, 370, 134, 1015, 120, 221, 514, 470, 519, 14, 448, 635, 124, 379, 227, 49, 391, 226, 66, 150]","[105, 256, 234, 228, 449, 126, 249, 830, 878, 180, 24]"
338,"[210, 78, 603, 510, 407, 483, 944, 662, 132, 461, 133, 482, 173, 791, 305, 581, 99, 602, 515, 211, 169, 434, 479, 653, 300, 606, 512, 442, 707, 174, 215, 513, 489, 473, 134, 649, 426, 212, 51, 1123, 196, 524, 487, 285, 188, 268, 497, 179, 516, 274, 85, 478, 168, 989, 381]","[493, 612, 167, 203, 309, 55, 485, 293, 193, 605, 131, 82, 0, 207, 195, 214, 522, 496, 142, 477]"
339,"[131, 581, 46, 855, 434, 96, 474, 81, 197, 132, 11, 189, 182, 635, 430, 31, 692, 588, 805, 247, 41, 515, 477, 672, 522, 27, 153, 10, 478, 174, 187, 631, 630, 239, 64, 24, 180, 22, 125, 606, 227, 769, 346, 97, 285, 521, 495, 1038, 771, 641, 134, 468, 660, 508, 844, 524, 193, 1112, 152, 162, 301, 181, 1243, 191, 602, 0, 195, 55, 268, 88, 44, 178, 636, 460, 446, 674, 90, 256, 483, 432, 1016, 649, 208, 85, 68, 98, 87, 435, 233, 316, 99, 701, 482, 149, 356, 126, 529, 185, 275, 156, 427, 708, 639, 507, 196, 133, 202, 207, 734, 150, 179, 1109, 648, 473, 21, 662, 510, 159, 129, 1525, 78, 3, 527, 941, 497, 49, 526, 520, 184, 426, 1152, 198, 63, 173, 73, 155, 487, 656, 80, 938, 204, 1403, 130, 484, 6, 548, 123, 326, 237, 190, 545, 167, 172, 403, 135, 502, 166, 169, 514, 654, 221, 199, 395, 638, 505, 292, 186, 1239, 503, 433, 8, 210, 52, 653, 91, 249, 142, 212, 345, 177, 643, 517, 659, 240, 479, 175, 211]","[1029, 54, 287, 29, 57, 225, 572, 269, 213, 72, 100, 138, 549, 230, 66, 513, 297, 1300, 738, 379, 1138, 401, 1247, 75, 960, 158, 257, 410, 264, 402, 232, 382, 450, 116, 409, 677, 160, 79, 226, 422, 28, 194, 4, 736, 613, 234, 414, 565, 203, 448, 1266, 1134, 143, 718, 567, 144, 822, 120, 342, 1257, 217, 93, 228, 735, 789, 215, 216]"
340,"[171, 434, 0, 404, 203, 1132, 417, 264, 185, 525, 180, 204, 401, 422, 173, 70, 587, 485, 945, 214, 198, 87, 49, 519, 172, 416, 142, 273, 65, 14, 94, 496, 479, 968, 195, 377]","[503, 661, 427, 583, 178, 179, 501, 210]"
341,"[875, 879, 1526, 291, 287, 886, 1024, 329, 871, 894, 334, 298, 880]","[293, 876, 947, 357, 258, 681, 1279, 907]"
342,"[745, 287, 1006, 131, 426, 1367, 1070, 155, 236, 174, 190, 55, 94, 57, 188, 656, 654, 107, 203, 3, 583, 31, 1127, 482, 99, 522, 254, 557, 516, 91, 128, 812, 178, 121, 142, 133, 22, 814, 662, 122, 208, 132, 605, 222, 300, 422, 7, 130, 366, 123, 285, 6, 196, 143, 698, 546, 817, 192, 237, 46, 655, 481, 207, 407, 432, 377, 964, 92, 250, 318, 326, 486, 211, 495, 191, 498, 380, 215, 319, 653, 10, 168, 292, 151, 148, 1011, 113, 487, 485, 181, 245, 427, 475, 8, 11, 474, 152, 513, 13, 506]","[1046, 791, 763, 590, 722, 606, 24, 543, 517, 973, 256, 573, 239, 1159, 1047, 580, 723, 273, 219, 951, 296, 286, 974, 1165, 927, 1072, 949, 12, 1299, 1008, 761, 771, 507, 159, 1162, 110, 726, 247, 1013, 14, 27, 281, 731, 25, 1166, 409, 173, 195, 67, 381, 356, 1102, 297, 193, 1169, 325, 124, 865, 534, 477, 1314, 872, 788, 1007, 1527, 134, 755, 845, 411, 530, 691, 97, 2, 1069, 420, 293, 843, 275, 261, 460, 874, 1056, 187, 288, 762, 87, 248, 88, 149, 1093, 136, 715, 1015, 41, 1010, 323, 235, 164, 56, 1009, 832]"
343,"[185, 134, 81, 46, 711, 75, 654, 186, 274, 19, 11, 473, 422, 1131, 142, 701, 210, 791, 366, 482, 302, 227, 726, 190, 162, 723, 305, 457, 918, 7, 87, 653, 249, 198, 777, 707, 641, 155, 979, 195, 434, 96, 474, 213, 131, 497, 268, 146, 123, 498, 68, 236, 193, 404, 960, 920, 99, 187, 51, 462, 174, 10, 168, 426, 173, 136, 78, 22, 237, 143, 86, 323, 82, 743, 151, 785, 520, 613, 41, 529, 0, 176, 228, 507, 942, 179, 301, 1072, 230, 62, 276, 1210, 85, 1193, 356, 167, 296, 702, 57, 56, 470, 152, 333, 630, 580, 89, 526, 514, 2, 282, 448, 3, 49, 175, 656, 235, 192, 64, 535, 133, 97, 178, 1007, 746, 428, 9, 1038, 126, 6, 55, 80, 317, 8, 196, 522, 27, 275, 605, 461, 222, 52, 153, 188, 207, 407, 509, 234, 202, 214, 402, 197, 156, 201, 12, 149, 495, 1266, 63, 285, 386, 530, 71, 21, 662, 424, 257, 221, 115, 465, 251, 582, 734, 714, 316, 477, 962]","[1106, 54, 43, 568, 370, 374, 822, 24, 950, 117, 332, 683, 129, 37, 163, 47, 61, 381, 120, 728, 545, 357, 65, 558, 116, 1066, 76, 154, 659, 527, 88, 930, 929, 256, 738, 949, 240, 199, 460, 264, 67, 1139, 472, 384, 66, 287, 581, 25, 158, 560, 475, 233, 567, 554, 409, 216, 1046, 1116, 259, 273, 1111]"
344,"[478, 305, 118, 618, 282, 507, 174, 203, 536, 195, 24, 662, 450, 567, 706, 314, 110, 44, 189, 86, 1006, 287, 194, 11, 432, 8, 247, 227, 171, 190, 78, 1171, 212, 175, 302, 510, 207, 182, 221, 245, 895, 250, 485, 254, 300, 356, 6, 971, 508, 271, 954, 136, 128, 458, 486, 201, 646, 7, 1141, 150, 297, 274, 13, 209, 215, 123, 88, 315, 173, 197, 371, 1013, 707, 366, 202, 95, 126, 284, 693, 708, 3, 296, 515, 85, 493, 268, 94, 750, 168, 97, 275, 272, 477, 310, 131, 528, 49, 18, 587, 82, 407, 1019, 627, 529, 63, 462, 472, 99, 495, 714, 172, 301]","[277, 38, 461, 214, 180, 96, 1282, 715, 596, 476, 57, 105, 312, 267, 420, 243, 147, 4, 683, 124, 677, 844, 273, 470, 244, 285, 659, 283, 303, 236, 1049, 558, 1164, 471, 534, 294, 72, 763, 814, 384, 695, 290, 404, 69, 279, 925, 120, 321, 87, 843, 0, 1081, 1136, 863, 280, 927, 70, 10, 475, 741, 117, 12, 561, 712, 234, 121, 25, 21, 545, 430, 1047, 761, 68, 289, 116, 257, 318, 755]"
345,"[650, 366, 401, 87, 47, 173, 150, 284, 955, 172, 507, 250, 171, 215, 296, 196, 478, 312, 294, 316, 450, 220, 314, 442, 92, 282, 283, 659, 245, 723, 99, 32, 301, 731, 675, 63, 386, 131, 300, 50, 738, 268, 404, 14, 12, 97, 310, 845, 971, 1046, 271, 581, 125, 380, 195, 567, 116, 169, 10, 1116, 55, 701, 110, 142, 222, 533, 69, 381, 240, 708, 654, 415, 297, 771, 49, 377, 954, 238, 432, 78, 233, 761, 638, 286, 68, 3, 254, 484, 1280, 130, 80, 8, 292, 302, 257, 497, 236, 190, 741, 203, 714, 267, 304, 13, 517, 123, 64, 1100, 743, 86, 136, 261, 1006, 469, 90, 247, 199, 237, 461, 85, 11, 979, 468, 683, 57, 214, 317, 209, 149, 180]","[1159, 721, 707, 201, 472, 120, 918, 1081, 1314, 402, 1016, 987, 948, 558, 844, 281, 865, 902, 1246, 332, 1047, 1015, 355, 1010, 470, 48, 288, 0, 25, 878, 480, 1013, 76, 24, 534, 331, 549, 290, 715, 747, 324, 70, 311, 475, 234, 1220, 1052, 147, 1095, 1225, 42, 695, 287, 27, 1007, 1022, 293, 587, 364, 277, 1011, 225, 463, 746, 735, 244, 43, 65, 124, 619, 299, 460, 1073, 565, 273, 322, 219, 279, 737, 885, 736, 117, 780, 1008, 4, 627, 384, 973, 37, 569, 53, 411, 243, 392, 677, 39, 814, 160, 41, 217, 285, 940]"
346,"[244, 3, 32, 236, 132, 545, 133, 30, 741, 75, 517, 209, 683, 290, 878, 173, 82, 120, 1221, 240, 264, 175, 146, 131, 549, 91, 393, 21, 571, 272, 430, 28, 88, 140, 747, 116, 11, 49, 1134, 299, 179, 801, 55, 180, 171, 155, 1, 357, 76, 495, 182, 548, 53, 332, 203, 317, 1227, 167, 10, 143, 519, 54, 126, 422, 384, 210, 63, 96, 656, 1257, 202, 1216, 187, 232, 176, 78, 181, 158, 87, 471, 95, 514, 174, 565, 194, 692, 150]","[212, 581, 61, 186, 321, 726, 1109, 217, 16, 976, 231, 391, 166, 779, 560, 71, 931, 808, 414, 127, 293, 684, 568, 672, 830, 731, 1089, 157, 142, 1017, 784, 93, 52, 454, 966, 404, 185, 570, 301, 109, 615, 156, 172, 258, 6, 214, 950, 943, 745, 635, 37, 365, 575, 368, 183, 287, 958, 292, 374, 469, 711, 99, 577, 324, 1024, 1230, 641, 249, 97, 275, 596, 362, 90, 738, 119, 239, 66, 390, 540, 841, 742, 1231, 233, 402, 215, 2, 668, 218, 707, 1038, 152, 160, 67, 163, 195, 1010, 719, 659, 657, 57, 394, 225, 364, 639, 1187, 1209]"
347,"[21, 500, 78, 226, 143, 167, 608, 434, 422, 267, 68, 84, 287, 299, 327, 471, 279, 238, 828, 81, 221, 290, 256, 229, 245, 181, 131, 870, 6, 567, 95, 297, 54, 214, 55, 124, 384, 409, 474, 958, 126, 720, 97, 222, 272, 171, 232, 67, 402, 117, 0, 186, 156, 76, 431, 239, 225, 691, 355, 116, 403, 469, 16, 30, 762, 332, 49, 27, 1038, 1011, 257, 180, 543, 470, 96, 654, 162, 244, 549, 688, 201, 202, 158, 404, 942, 191, 741, 75, 187, 685, 976, 155, 194, 292, 368, 203, 176, 173, 199, 417, 281, 209, 94, 179, 248, 695, 10, 3, 146, 185, 545, 236, 626, 410, 692, 356, 426]","[1034, 415, 464, 207, 316, 1087, 878, 734, 322, 215, 86, 587, 1282, 172, 805, 818, 64, 11, 317, 840, 285, 684, 461, 323, 698, 293, 1058, 1027, 391, 72, 826, 24, 240, 150, 596, 270, 819, 69, 830, 234, 163, 157, 755, 981, 459, 251, 467, 275, 1015, 507, 370, 98, 175, 929, 289, 594, 99, 385, 182, 659, 23, 927, 14, 1046, 90, 136, 925, 105, 122, 120, 1010, 283, 147, 420, 104, 747, 712, 259, 1243, 454, 362, 1290]"
348,"[627, 369, 404, 927, 818, 287, 0, 741, 146, 974, 293, 405, 471, 244, 410, 833, 14, 312, 1027, 475, 99, 1060, 923, 830, 408, 106, 933, 125, 110, 120, 290, 322, 6, 755, 117, 122, 24, 973, 116, 236, 684, 826, 595]","[239, 275, 472, 1119, 411, 224, 987, 545, 925, 367, 1059, 242, 476, 150, 368]"
349,"[410, 846, 822, 474, 8, 19, 9, 543, 14, 457, 124, 99, 275, 618, 284, 283, 458]","[104, 369, 743, 454, 236, 411, 1116, 287, 119, 595, 120, 470, 324, 1127, 117, 1027, 125, 290, 105, 545, 984, 695, 712, 24]"
350,"[173, 0, 227, 529, 339, 656, 323, 615, 175, 588, 285, 603, 192, 203, 132, 171, 184, 209, 135, 49, 478, 514, 488, 178, 194, 172, 167, 434, 88, 131, 653, 22, 482, 479, 97, 180, 186, 426, 602, 189, 126, 1038, 428]","[152, 210, 264, 257, 213, 182, 270]"
351,"[878, 1315, 312, 983, 537, 1104, 358, 291, 989, 749, 753, 285, 750, 325, 326, 299, 1023, 321, 288, 677, 340, 887, 322, 688, 310, 327, 747, 331, 309, 311, 988, 881, 306, 897, 257]","[339, 872, 287, 244, 879, 342, 300, 894, 303]"
352,"[745, 181, 215, 95, 180, 233, 656, 182, 567, 88, 99, 194, 171, 49, 128, 384, 11, 301, 155, 143, 55, 38, 85, 175, 97, 78, 173]","[54, 3, 6, 172, 272, 691, 81, 16, 227, 193, 652, 91, 430, 209, 174]"
353,"[285, 315, 271, 339, 331, 257, 244, 904, 330, 345, 314, 332, 749, 312]","[270, 299, 327, 325, 357, 326, 269, 300, 342, 259, 897]"
354,"[241, 462, 693, 85, 190, 268, 479, 881, 630, 296, 207, 267, 174, 656, 899, 496, 1006, 284, 60, 381, 961, 903, 46, 148, 212, 735, 704, 928, 123, 413, 56, 427, 658, 602, 663, 343, 528, 198, 173, 434, 510, 482, 1240, 133, 196, 51, 135, 739, 583, 497, 478, 791, 6, 957, 418, 637, 512, 706, 515, 386, 153, 274, 99, 19, 1193, 508, 888, 752, 651, 660, 422, 603, 13, 708, 88, 165, 115, 530, 257, 1136, 955, 1510, 1118, 92, 488, 557, 250, 58, 189, 49, 185, 285, 247, 307, 532, 581, 310, 302, 59, 380, 527, 142, 854, 245, 605, 736, 484, 269, 463, 170, 237, 477, 493, 810, 305, 18, 304, 82, 167, 1465, 609, 220, 895, 709, 64, 675, 164, 180, 169, 526, 7, 291, 44, 713, 9, 743, 1038, 886, 921, 935, 282]","[461, 132, 256, 846, 715, 507, 179, 701, 1100, 275, 69, 154, 78, 317, 952, 698, 731, 57, 151, 606, 86, 628, 152, 320, 161, 650, 210, 130, 691, 604, 1016, 172, 286, 954, 862, 506, 136, 420, 188, 1064, 659, 201, 254, 1196, 514, 65, 192, 271, 31, 8, 1062, 280, 150, 215, 97, 168, 87, 649, 1084, 24, 134, 80, 472, 240, 732, 428, 517, 108, 519, 486, 864, 41, 312, 495, 208, 734, 601, 432, 221, 723, 654, 12, 184, 746, 970, 195, 450, 511, 431, 96, 209, 318]"
355,"[299, 309, 881, 335, 306, 871, 357, 241, 263, 359, 285, 259, 680, 323, 327, 1391, 287, 305, 1174, 1232, 688, 681, 1428, 318]","[270, 328]"
356,"[312, 688, 271, 747, 327, 332, 325, 314, 346, 315, 1293, 306, 257, 287]","[936, 299, 891, 309, 291, 330, 285, 311, 321, 293]"
357,"[283, 221, 927, 741, 293, 832, 290, 234, 257, 124, 117, 325, 818, 333, 863, 404, 286, 865, 712, 236, 976, 0, 1046, 743, 279, 269, 9, 594, 244, 104, 146, 596, 819, 470, 116, 122, 150, 1276, 272, 219, 273, 23, 545, 110, 274, 303, 454, 125, 1027, 931, 149, 120, 925, 747, 282, 507]","[6, 1094, 983, 1033, 475, 471, 830, 684, 472, 759, 410, 406, 686, 321, 455, 1047, 824, 411, 825, 840]"
358,"[468, 895, 131, 356, 58, 583, 862, 557, 317, 212, 323, 581, 1020, 638, 7, 511, 1523, 1265, 1005, 178, 64, 113, 257, 220, 1158, 1395, 1004]","[481, 1528, 642, 917, 381, 510, 528, 267, 126, 665, 1148, 854, 637, 173, 44, 207]"
359,"[249, 750, 272, 116, 269, 454, 312, 0, 407, 6, 285, 297, 471, 120, 267, 180, 929, 49]","[830, 294, 23, 404, 245, 545, 747, 117, 322]"
360,"[333, 237, 510, 13, 133, 236, 734, 196, 301, 27, 282, 78, 241, 662, 250, 165, 156, 180, 126, 962, 190, 206, 268, 422, 9, 22, 743, 44, 581, 123, 482, 514, 307, 49, 247, 305, 169, 204, 164, 935, 356, 303, 285, 99, 63, 171, 653, 530, 24, 274, 1148, 660, 186, 209, 1038, 198, 55, 296, 478, 1141, 520, 519, 222, 284, 82, 954, 650, 256, 257, 192, 470, 136, 473]","[115, 308, 194, 302, 587, 193, 221, 495, 12, 1196, 0, 404, 173, 327, 325, 747, 283, 844, 270, 522, 932, 1133, 320, 68, 878, 95, 14, 174, 143]"
361,"[274, 651, 948, 237, 497, 285, 708, 182, 96, 13, 184, 11, 87, 683, 465, 202, 99, 516, 738, 178, 233, 530, 523, 196, 155, 512, 434, 653, 172, 65, 524, 812, 58, 474, 736, 1102, 513, 638, 169, 429, 501, 59, 128, 503, 672, 164, 189, 268, 55, 22, 212, 203, 236, 97, 656, 211, 693, 85, 658, 177, 706, 78, 206, 610, 167, 275, 165, 704, 227, 175, 69, 215, 193, 282, 284, 602, 318, 46, 526, 49, 691]","[272, 221, 386, 25, 147, 1040, 401, 110, 654, 1073, 339, 1118, 761, 933, 780, 89, 332, 52, 149, 273, 82, 769, 257, 420, 48, 793, 450, 217, 741, 726, 54, 185, 27, 442, 201, 154, 120, 225, 1151, 366]"
362,"[332, 257, 311, 287, 301, 349, 688, 244, 331, 312, 299, 346, 878]","[335, 267, 293, 322, 327, 263, 747, 321, 1024, 677, 682, 320]"
363,"[404, 1494, 287, 101, 188, 1006, 54, 432, 335, 182, 1, 590, 113, 1484, 143, 745, 1018, 345, 195, 472, 306, 92, 65, 1015, 1009, 684, 151, 187, 127, 473, 168, 678, 808, 80, 95, 791, 90, 153, 824, 443, 427, 136, 442, 221, 751, 10, 292, 116, 530, 858, 447, 602, 297, 270, 178, 624, 577, 316, 379, 656, 517, 773, 804, 709, 184, 1072, 171, 173, 596, 170, 55, 510, 777, 746, 549, 708, 1011, 407, 659, 194, 49, 226, 89, 172, 209, 207, 160, 247, 945, 234, 551, 918, 150, 88, 3, 46, 64, 428, 392, 548, 222, 769, 175, 11, 149, 301, 454, 384, 1055, 115, 126, 16, 371, 7, 38, 27, 788, 495, 651, 99, 223, 312, 79, 167, 237, 180]","[390, 1167, 672, 96, 615, 315, 905, 70, 1266, 181, 801, 133, 236, 269, 162, 425, 211, 81, 554, 227, 657, 365, 416, 471, 61, 568, 1098, 958, 346, 587, 155, 369, 144, 350, 664, 86, 766, 264, 560, 545, 216, 349, 4, 183, 504, 939, 386, 1227, 401, 154, 228, 8, 36, 760, 217, 740, 214, 460, 553, 1073, 402, 100, 1051, 43, 332, 257, 556, 567, 289, 430, 630, 1511, 698, 652, 565, 468, 1034, 759, 158, 741, 67, 78, 650, 69, 71, 536, 1213, 215, 321, 57, 6, 894, 28, 706, 848, 570, 120, 87, 199, 76, 192, 53, 163, 830, 263, 649, 422, 230, 677, 978, 249, 31, 0, 589, 697, 558, 225, 574, 571, 505, 522, 97, 450, 681, 1100, 205, 200, 639, 283, 21, 690, 1008, 1156, 94, 203, 68, 434, 815, 853, 324, 282, 1013, 37, 186, 281, 448, 327, 66, 233, 674, 185, 119, 718, 142, 932, 1214, 314, 734, 72, 238, 1066, 736, 23, 750, 588, 311, 147, 256, 231, 152, 179, 255, 385, 704, 1477, 581, 24, 229, 383, 300, 1012, 259, 41, 272, 738]"
364,"[689, 1047, 287, 268, 293, 947, 989, 285, 301, 324, 677]","[320, 288, 874, 987, 261, 318, 260, 267, 686]"
365,"[300, 1016, 257, 812, 123, 286, 274, 320, 24, 149, 271, 761, 314, 994, 268, 287, 150, 1136, 270, 221, 99, 339, 894, 472, 284, 276, 267, 475, 0, 590, 315, 318]","[14, 108, 907, 893, 6, 12, 1047, 288, 741, 947, 341, 1419, 293, 234, 124, 136, 325, 845, 275, 308, 351, 236, 1010, 814, 740, 107]"
366,"[852, 447, 671, 446, 184, 435, 163, 442, 572, 55, 183, 853, 218, 558, 97, 412, 444, 560, 216, 670, 200, 52, 199, 287, 674, 636, 16]","[859, 217, 6, 233, 772, 757]"
367,"[1011, 249, 245, 759, 16, 773, 664, 435, 99, 333, 55, 200, 325, 447, 287, 451, 218, 257, 378, 199, 566, 233, 52, 405, 560, 217, 918, 175, 178, 558, 182, 671, 323, 562, 332, 301, 669, 6, 799, 183, 412, 49, 97, 4, 163, 442, 267, 184, 216, 330]","[440, 550, 768, 144, 636, 563, 564, 875]"
368,"[378, 49, 550, 16, 319, 88, 55, 180, 200, 312, 216, 773, 10, 183, 291, 182, 99, 126, 6]","[636, 395, 435, 218, 287, 95, 566, 217, 568, 671, 144, 560, 97, 669, 233, 776, 4, 558, 572, 52, 447, 446, 843, 163, 440, 412]"
369,"[270, 180, 113, 49, 171, 165, 918, 751, 267, 315, 899, 345, 750, 178, 195]","[947, 987, 167, 242, 889, 357, 334]"
370,"[264, 208, 11, 237, 510, 658, 492, 21, 607, 630, 256, 603, 513, 97, 606, 134, 194, 182, 175, 63, 483, 660, 106, 922, 677, 49, 479, 602, 180, 171, 198, 422, 135, 268, 133, 442, 51, 192, 99, 524, 301, 136, 426, 649, 56, 169, 834]","[55, 41, 115, 656, 704, 174, 152, 293, 321, 434, 855, 284, 424, 113, 322, 432, 209, 173, 496, 612, 30, 320, 493, 221, 389, 522, 172, 13]"
371,"[96, 23, 176, 236, 54, 745, 662, 173, 97, 78, 233, 209, 264, 422, 626, 49, 63, 654, 196, 21, 179, 522, 526, 356, 185, 430, 182, 68, 442, 0, 503, 76, 30, 126, 72, 65, 175, 495, 203, 201]","[174, 178, 41, 116, 392, 451, 434, 180, 193, 448, 184]"
372,"[158, 218, 634, 199, 182, 671, 147, 440, 873, 546, 326, 560, 76, 573, 324, 580, 447, 11, 285, 22, 184, 1272, 261, 128, 1108, 558, 446, 451, 331, 332, 78, 627, 636, 287, 442, 445, 695, 55, 4, 435, 874, 298, 594, 97, 43, 677, 217, 673, 163, 291, 1089, 325, 871, 52, 843, 233, 272, 263, 1211]","[1082, 321, 648, 99, 175, 200, 6]"
373,"[693, 706, 723, 153, 1, 24, 289, 229, 150, 240, 419, 426, 88, 624, 67, 113, 356, 519, 277, 227, 746, 203, 57, 505, 728, 209, 486, 116, 101, 450, 484, 698, 377, 14, 268, 401, 403, 210, 648, 317, 565, 205, 513, 195, 650, 493, 657, 1078, 708, 214, 194, 948, 420, 526, 154, 659, 777, 160, 47, 632, 1146, 365, 391, 647, 264, 135, 400, 654, 431, 188, 63, 498, 65, 3, 207, 162, 185, 89, 190, 381, 164, 70, 172, 213, 95, 552, 224, 392, 180, 747, 208, 1109, 602, 69, 274, 745, 1118, 165, 626, 567, 1065, 430, 168, 94, 726, 434, 379, 82, 23, 1038, 945, 183, 495, 149, 98, 21, 704, 258, 49, 417, 11, 212, 940, 193, 171, 644, 87, 68, 528, 458, 152, 683, 169, 237, 327, 124, 215, 228, 734, 189, 464, 130, 167, 78, 316, 177, 173]","[587, 597, 138, 848, 80, 1134, 398, 595, 842, 93, 178, 27, 385, 126, 19, 1229, 487, 841, 104, 473, 703, 30, 96, 731, 1005, 81, 99, 558, 1112, 413, 285, 714, 1077, 161, 131, 1086, 479, 1187, 402, 155, 422, 142, 827, 384, 109, 143, 141, 408, 496, 225, 549, 733, 755, 174, 1132, 216, 179, 1227, 416, 471, 238, 678, 280, 570, 509, 231, 576, 201, 388, 389, 432, 79, 196, 176, 855, 366, 134, 232, 1529, 527, 738, 631, 470, 1443, 230, 186]"
374,"[684, 590, 128, 124, 291, 580, 453, 199, 734, 1010, 181, 879, 222, 823, 158, 215, 814, 126, 278, 236, 769, 384, 86, 1045, 27, 449, 691, 120, 264, 233, 203, 551, 404, 149, 0, 1041, 229, 309, 650, 209, 465, 843, 134, 70, 99, 55, 147, 143, 69, 185, 160, 973, 923, 225, 68, 871, 549, 962, 464, 1133, 175, 96, 63, 4, 520, 182, 664, 457, 47, 117, 392, 1050, 1093, 1032, 94, 76, 567, 173, 1209, 217, 97, 448, 196, 184, 1009, 221, 321, 191, 228, 819, 281, 411, 1, 974, 636, 466, 467, 10, 741, 227, 11, 1100, 37, 38, 788, 526, 761, 683, 287, 226, 152, 78, 525, 1196, 275, 53, 273, 442, 95, 692, 596, 238, 1193, 240, 26, 545, 731, 192, 81, 470, 24, 116, 503, 30, 163]","[1046, 125, 230, 355, 976, 172, 475, 161, 110, 1027, 121, 426, 929, 8, 947, 423, 930, 760, 362, 951, 194, 123, 539, 6, 115, 1149, 757, 1406, 931, 146, 28, 279, 474, 575, 256, 368, 716, 167, 543, 232, 119, 253, 290, 1013, 23, 150, 201, 844, 818, 762, 288, 251, 1214, 1048, 619, 88, 105, 927, 982, 740, 142, 742, 1276, 317, 977, 1512, 482, 462, 831, 695, 641, 246, 122, 1247, 553, 985, 565, 247, 422, 618, 557, 65, 171, 978, 1012, 402, 234, 322, 1000, 933, 1217, 239, 845, 155, 67, 1216, 49, 224, 14, 283, 22, 16, 627, 1047, 571, 755, 202, 293, 272, 3, 54, 277, 828, 778, 280, 712, 178, 1321, 1092, 471, 456, 805, 219, 1205, 817, 1058, 824, 594, 405, 653, 136, 195, 924, 822, 180, 87, 476, 410, 183]"
375,"[355, 683, 442, 565, 299, 76, 524, 287, 4, 184, 182, 301, 572, 232, 602, 1216, 175, 233]","[43, 582, 760, 1072, 38, 217, 938, 769, 772, 1045]"
376,"[268, 274, 761, 13, 97, 196, 513, 197, 110, 426, 222, 180, 706, 10, 153, 356, 602, 99]","[236, 288, 273, 662, 245, 267, 320, 327, 300, 287, 704, 814]"
377,"[442, 353, 747, 287, 153, 163, 312, 55, 6, 315, 97, 507, 270, 193, 271, 167, 172, 233, 199, 257, 293]","[99, 750, 322, 218, 1104, 357, 267, 337, 681, 894, 688, 677]"
378,"[7, 51, 355, 288, 195, 214, 541, 190, 271, 161, 154, 507, 446, 147, 395, 450, 971, 1133, 301, 303, 526, 275, 53, 87, 174, 419, 738, 499, 595, 251, 132, 654, 282, 431, 418, 698, 193, 257, 938, 47, 99, 8, 120, 285, 49, 895, 240, 920, 11, 432, 171, 767, 400, 173, 558, 175, 422, 86, 61, 234, 791, 222, 805, 6, 209, 384, 731, 500, 14, 692, 386, 650, 403, 181, 276, 630, 468, 402, 631, 284, 152, 143, 735, 256, 202, 125, 685, 728, 98, 180, 968, 701, 726, 628, 691, 299, 160, 21, 484, 69, 142, 131, 702, 27, 741, 590, 272, 527, 233, 1530, 281, 1062, 714, 478, 85, 41, 236, 317, 78, 481, 94, 30, 212, 508, 467, 581, 567, 268, 708, 58, 0, 57, 1310, 206, 274, 254, 707, 434, 76, 172, 316, 166, 605, 13, 380, 88, 381, 457, 117, 542, 97, 95, 182, 46, 54, 530, 82, 192, 215, 70, 55, 163, 63, 264, 312, 442, 587, 81, 203, 659, 1146, 96, 435, 24, 734, 401]","[553, 62, 366, 201, 1266, 1283, 64, 1477, 273, 150, 792, 1179, 874, 3, 140, 385, 72, 196, 1043, 122, 178, 158, 545, 548, 1027, 1036, 221, 232, 464, 1219, 283, 287, 65, 300, 941, 865, 28, 410, 575, 733, 9, 229, 730, 1060, 695, 722, 417, 320, 1438, 978, 1045, 470, 1231, 448, 404, 109, 664, 327, 635, 1106, 958, 723, 230, 294, 48, 1522, 777, 90, 279, 194, 325, 225, 844, 116, 1134, 743, 618, 923, 379, 683, 156, 67, 495, 247, 10, 1047, 715, 1406, 1210, 216, 719, 199, 110, 20, 1229, 1180, 571, 1399, 755, 1041, 619, 449, 318, 475, 516, 1008, 634, 574, 226, 408, 795, 806, 364, 280, 786, 925, 293, 929, 693, 297, 179, 1144, 244, 976, 4, 52, 1057, 93, 124, 1034, 409, 1, 917, 774, 596, 754, 673, 253, 1046, 662, 779, 219, 392, 761, 134, 42, 746, 185, 105, 1100, 217, 721, 1424, 416, 622, 391, 950, 960, 1052, 12, 565, 1437, 706, 39, 238, 927, 159, 948, 43, 1073, 291, 369, 322, 1220, 224, 66, 469, 472, 1091, 931, 286, 560, 802, 549, 68, 568, 411, 398, 576, 727, 1167, 50, 955, 427, 37, 1090, 237, 440, 77]"
379,"[68, 704, 201, 519, 731, 553, 7, 442, 191, 163, 390, 175, 734, 229, 479, 97, 134, 521, 416, 49, 283, 522, 654, 210, 495, 650, 854, 215, 132, 450, 503, 195, 685, 529, 198, 447, 238, 82, 3, 22, 156, 81, 51, 176, 151, 602, 178, 202, 126, 516, 527, 8, 186, 99, 683, 88, 11, 199, 460, 700, 735, 284, 567, 630, 648, 190, 78, 446, 167, 152, 426, 658, 173, 204, 63, 171, 143, 575, 123, 621, 728, 203, 250, 510, 0, 87, 841, 130, 136, 237, 187, 356, 515, 653, 309, 392, 55, 177, 565, 115, 185, 371, 182, 413, 162, 709, 207, 209, 172, 226, 193, 140, 501, 256, 192, 643, 95, 330, 380, 427, 528, 418, 46, 1112, 285, 6, 576, 150, 93, 180, 184, 434, 523, 142, 233, 708, 525, 174, 473, 196, 264, 402, 842, 706, 27, 432, 316, 620]","[636, 615, 451, 401, 1031, 400, 89, 293, 1218, 299, 53, 1, 1205, 269, 404, 157, 61, 703, 92, 1021, 232, 558, 574, 526, 397, 194, 384, 270, 673, 382, 562, 435, 218, 433, 745, 62, 513, 305, 160, 394, 635, 338, 711, 1074, 96, 662, 1034, 344]"
380,"[529, 131, 1448, 586, 312, 426, 708, 58, 731, 21, 68, 752, 526, 184, 495, 0, 473, 482, 464, 630, 182, 735, 70, 27, 94, 462, 60, 305, 167, 285, 653, 955, 424, 1064, 1112, 749, 314, 11, 662, 59, 99, 461, 257, 169, 193, 1115, 442, 356, 581, 97, 478, 514, 189, 150, 271, 844, 497, 49, 88, 479, 199, 78, 195, 85, 1100, 317, 301, 173]","[175, 196, 176, 185, 240, 171, 517, 1443, 153, 855, 61, 1167, 228, 651, 922, 432, 179, 117, 63, 427, 629, 180, 134, 113, 448, 299, 572, 528, 613, 30, 160, 133, 413, 415, 1403, 57, 1044, 769, 212, 664, 565, 698, 669, 80, 339, 511, 434, 422, 216, 37, 138, 750, 162, 181, 505, 6, 663, 381, 520, 711, 151, 501, 264, 418, 707, 1038, 743, 628, 8, 269, 569, 203, 120, 548, 958, 683, 221, 108, 553, 207, 650, 355, 560, 728, 227, 214, 237, 96, 210, 178, 609, 233, 198, 513]"
381,"[581, 49, 211, 646, 190, 494, 377, 128, 651, 693, 215, 12, 1532, 96, 511, 500, 472, 82, 497, 303, 99, 29, 134, 132, 484, 174, 458, 88, 606, 630, 655, 492, 525, 656, 149, 516, 994, 1017, 19, 317, 846, 282, 98, 1116, 897, 1400, 227, 704, 15, 478, 528, 692, 1118, 94, 175, 930, 431, 150, 13, 486, 1097, 639, 513, 131, 777, 0, 524, 741, 508, 442, 293, 177, 461, 133, 1114, 123, 95, 195, 1059, 519, 267, 482, 418, 479]","[280, 770, 723, 402, 633, 913, 1438, 659, 1399, 76, 48, 78, 672, 1406, 565, 960, 138, 681, 101, 258, 213, 1531, 933, 216, 14, 120, 343, 886, 302, 58, 93, 275, 417, 854, 158, 306, 119, 312, 595, 117, 141, 587, 224]"
382,"[530, 473, 289, 1533, 1228, 8, 480, 55, 179, 196, 176, 99, 506, 510, 356, 22, 481, 333, 1016, 58, 150, 234, 1267, 167]","[126, 545, 275, 24, 170, 182, 474, 97, 507, 1141, 136, 638, 716, 149, 331, 13, 6, 503, 257, 49, 1380, 121, 134, 133, 495, 251, 513, 755, 285]"
383,"[504, 463, 473, 320, 640, 424, 662, 602, 85, 136, 512, 13, 18, 8, 482, 196, 301, 236, 426, 638, 134, 80, 267, 503, 356, 99, 653, 1062, 339, 479, 314, 516, 284, 202, 434, 483, 513, 133, 192, 237, 181, 656, 131, 179, 478, 477, 57, 204, 495, 659, 315, 487, 165, 285, 527, 123, 603, 735, 187, 184, 212, 199]","[318, 474, 312, 271, 530, 222, 88, 344, 1004]"
384,"[271, 354, 688, 346, 747, 988, 877, 327, 270, 315, 312, 288, 332, 750, 299, 301, 326, 878, 257, 285]","[342, 328]"
385,"[1366, 208, 605, 220, 523, 366, 261, 339, 473, 660, 152, 1352, 1535, 336, 1070, 662, 284, 488, 55, 47, 407, 479, 155, 113, 1128, 484, 499, 127, 964, 324, 179, 921, 522, 188, 1020, 1096, 454, 615, 602, 1523, 184, 658, 478, 159, 864, 895, 603, 428, 1158, 174, 1065, 7, 133, 482, 168, 486, 1427, 191, 810, 126, 960, 460, 649, 899, 255, 17, 1142, 510, 656, 850, 237, 1120, 304, 1153, 674, 1157, 944, 1461, 88, 31, 652, 130, 524, 744, 186, 432, 206, 429, 234, 918, 57, 1068, 45, 172, 1251, 176, 651, 1498, 1007, 36, 528, 653, 483, 511, 46, 97, 854, 426, 181, 1448, 1455, 953, 1069, 655, 356, 503, 527, 532, 487, 496, 29, 1534, 239, 1505, 99, 692, 513, 196, 22, 131, 200, 521]","[3, 78, 434, 194, 98, 1410, 223, 128, 422, 766, 303, 672, 248, 289, 81, 171, 502, 457, 1009, 628, 446, 198, 215, 167, 252, 173, 1134, 193, 461, 292, 384, 704, 41, 525, 170, 217, 180, 285, 28, 793, 941, 402, 256, 86, 485, 110, 80, 135, 1285, 1127, 150, 151, 1011, 23, 673, 450, 144, 185, 1102, 1159, 424, 481, 495, 142, 870, 143, 657, 272, 505, 630, 383, 506, 1006, 443, 738, 507, 442, 210, 235, 121, 49, 207, 491, 1130, 958, 345, 497, 190, 199, 249, 718, 501, 275, 472, 134, 663, 253, 520, 182, 319, 427, 416, 92, 556, 1109, 1036, 726, 519, 11, 346, 317, 282, 52, 132, 731, 404, 382, 218, 939, 1021, 1016, 216, 1013, 1494, 418, 58, 60, 214, 197, 54, 204, 873, 1, 420, 175, 714, 670, 233, 1117, 557, 209, 377, 567, 250, 1064, 230, 203, 447, 91]"
386,"[49, 1015, 514, 221, 116, 684, 23, 322, 839, 404, 824, 126]","[454, 120, 545, 6, 280, 832, 981, 272, 596, 117, 180]"
387,"[55, 179, 198, 413, 519, 57, 941, 31, 199, 446, 1006, 223, 1018, 772, 197, 200, 182, 843, 500, 1011, 380, 81, 167, 460, 692, 181, 168, 1007, 844, 435, 431, 316, 853, 942, 226, 1142, 443, 188, 47, 209, 51, 1, 82, 202, 1198, 23, 1536, 113, 462, 472, 356, 602, 272, 222, 1239, 548, 208, 1127, 95, 49, 134, 97, 292, 221, 546, 276, 90, 46, 194, 112, 454, 249, 155, 264, 19, 662, 126, 7, 427, 237, 78, 227, 319, 92, 658, 951, 12, 98, 191, 507, 714, 514, 189, 557, 192, 91, 205, 257, 186, 1128, 433, 21, 473, 579, 527, 918, 678, 9, 855, 788, 771, 128, 67, 641, 204, 210, 88, 100, 525, 6, 247, 180, 582, 108, 512, 174, 99, 171, 190, 1186, 178, 717, 27, 41, 0, 529, 517, 323, 172, 152, 52, 11, 640, 187, 407, 173, 580, 213, 726]","[1165, 217, 513, 691, 558, 30, 422, 1096, 1114, 207, 565, 143, 563, 577, 332, 447, 696, 287, 671, 392, 45, 487, 1068, 673, 80, 650, 379, 1117, 983, 1537, 151, 430, 1013, 115, 417, 70, 743, 135, 440, 132, 560, 201, 293, 68, 457, 38, 54, 267, 183, 402, 3, 232, 214, 734, 63, 318, 968, 218, 60, 789, 225, 216, 745, 160, 1133, 146, 469, 150, 96, 767, 971, 649, 510, 175, 768, 1090, 805, 592, 101, 736, 116, 245, 75, 122, 193, 228, 581, 196, 531, 22, 731, 120, 229, 495, 683, 324, 618, 1017, 195, 320, 317, 624, 445, 106, 428, 294, 773, 230, 741, 409, 677, 26, 61, 240, 32, 185, 384, 10, 297, 1077, 1109, 568, 474, 288, 429, 476, 434, 1010, 562, 28, 515, 952, 285, 549, 520, 238, 398, 203, 177, 242, 550, 530, 566, 587, 366, 730, 654, 94, 675, 567, 664, 231, 24, 846, 1197]"
388,"[312, 815, 4, 146, 183, 116, 309, 325, 689, 677, 844, 300, 681, 741, 297, 894, 568, 265, 332, 627, 287, 306, 558, 595, 299, 257, 236, 322, 590, 679, 301, 0, 97, 671, 217, 327, 293, 218, 199, 120, 52]","[55, 110, 768, 258, 507, 772, 8, 99, 314, 870, 275]"
389,"[954, 175, 612, 159, 203, 27, 123, 428, 844, 655, 506, 495, 791, 377, 835, 503, 97, 491, 99, 478, 193, 413, 1202, 1297, 492, 477, 517, 403, 735, 777, 516, 501, 1450, 497, 135, 274, 70, 3, 698, 150, 1285, 704, 964, 46, 474, 603, 63, 49, 557, 483, 496, 1146, 7, 151, 173, 171, 513, 518, 131, 126, 473, 601, 207, 609, 611, 233, 482, 410, 434, 68, 22, 953, 692, 530, 604, 630, 641, 422, 78, 178, 180, 184, 167, 479, 524, 57, 480, 190, 615, 1097, 922, 415, 64, 660, 731, 470, 237, 98, 490, 282, 505, 284, 201, 177, 1203, 55, 614, 426, 648, 498, 834, 204, 670, 196, 1049, 656, 58, 583, 345, 587, 944, 41, 300, 476, 500, 846, 1006, 81, 210, 508, 301, 133, 484, 708, 181, 602, 1120, 523, 968, 186, 198, 485, 663, 488, 653, 370, 0, 481, 429, 273, 662, 683, 417, 487, 86, 208, 366, 493, 346, 486, 617, 132]","[108, 1118, 248, 110, 606, 714, 1529, 549, 37, 784, 489, 582, 394, 215, 52, 152, 941, 661, 216, 401, 1051, 28, 755, 1073, 158, 1517, 141, 509, 525, 567, 711, 409, 400, 629, 94, 79, 466, 166, 89, 996, 779, 450, 104, 383, 130, 172, 80, 1443, 392, 453, 526, 738, 209, 502, 762, 39, 699, 1113, 24, 1040, 406, 65, 299, 153, 1035, 519, 395, 1196, 590, 71, 823, 382, 93, 419, 730, 185, 673, 117, 925, 427, 87, 76, 819, 1167, 66, 14, 945, 520, 134, 727, 385, 418, 160, 558, 552, 685, 721, 154, 195, 578, 411, 674, 607, 285, 239, 238, 256, 142, 628]"
390,"[989, 988, 123, 99, 739, 180, 712, 303, 327, 514, 274, 125, 318, 741, 301, 282, 0, 285, 257, 8, 753, 299]","[330, 288, 276, 328, 844, 1295, 12, 474, 689]"
391,"[55, 25, 179, 133, 196, 356, 14, 96, 202, 473, 1100, 529, 46, 285, 237, 126, 506, 509, 199, 11, 63, 204, 59, 459, 603, 68, 317, 60, 658, 333, 461, 543, 131, 503, 281, 57, 510, 962, 479, 645, 58, 236, 99, 497, 181, 167, 212, 660, 489, 481, 602, 21, 173, 457, 172, 233, 478, 627, 47, 8, 214, 49, 650, 186, 193, 704, 176, 185, 300, 651, 695, 208, 426, 434, 97, 132, 647, 22, 590]","[526, 187, 263, 923, 194, 203, 496, 747, 299, 221, 677, 88, 30, 507, 327, 287, 7, 773, 275, 70, 293, 190, 10, 545, 490, 420, 771, 257, 482, 470, 147, 75, 124, 175, 1162, 321, 714, 227, 290, 377, 130, 95]"
392,"[177, 332, 301, 1142, 491, 164, 22, 292, 178, 275, 318, 533, 97, 320, 1141, 165, 128, 7, 510, 871, 631, 846, 267, 98, 198, 179, 296, 168, 1011, 169, 345, 133, 879, 58, 649, 324, 343, 487, 269, 113, 171, 514, 288, 490, 287, 247, 172, 303, 245, 126, 57, 256, 208, 309, 481, 311, 704, 614, 344, 302, 271, 293, 1006, 196, 188, 492, 49, 180, 312, 662, 339, 190, 346, 588, 509, 512, 516, 1225, 836, 603, 315, 10, 268, 656, 173, 527]","[257, 1013, 284, 872, 537, 285, 1159, 297, 199, 812, 248, 254, 327, 1257, 323, 270, 249, 243, 259, 462, 322, 299, 494, 325, 874]"
393,"[1218, 470, 125, 682, 762, 650, 61, 274, 141, 11, 952, 595, 277, 264, 135, 30, 685, 835, 1445, 293, 226, 741, 385, 341, 689, 418, 499, 567, 704, 780, 365, 1, 214, 553, 82, 221, 377, 195, 327, 93, 48, 188, 49, 1168, 1178, 590, 302, 658, 122, 393, 755, 240, 54, 26, 37, 746, 839, 147, 40, 53, 312, 222, 469, 315, 160, 316, 841, 496, 844, 171, 408, 807, 86, 779, 236, 68, 1467, 375, 256, 479, 814, 760, 238, 493, 629, 409, 464, 273, 94, 621, 116, 478, 414, 193, 568, 146, 998, 172, 824, 587, 63, 1062, 242, 254, 577, 925, 78, 28, 1054, 27, 71, 269, 346, 3, 353, 290, 774, 627, 117, 67, 203, 695, 809, 167, 257, 923, 202, 21, 976, 943, 72, 619, 41, 50, 280, 404, 6, 793, 384, 458, 921, 938, 1248, 1048, 709, 279, 183, 1015, 138, 495, 180, 372, 1179, 297, 462, 1043, 332, 728, 95, 258, 321, 1530, 397, 124, 120, 626, 482, 281, 303, 331, 1408, 309, 832, 940, 249, 576, 683, 789, 624, 81, 731, 247, 271, 391, 142, 8, 314, 768, 209, 301, 1000, 786, 1057, 773, 398, 571, 96, 612]","[1033, 14, 1284, 317, 401, 1205, 632, 538, 931, 939, 127, 680, 1047, 87, 251, 889, 1094, 1468, 455, 1046, 430, 811, 348, 777, 1091, 373, 526, 1031, 714, 545, 168, 354, 1138, 788, 575, 364, 362, 361, 1313, 782, 1440, 1182, 791, 109, 1164, 778, 419, 727, 1090, 232, 70, 1220, 736, 671, 402, 379, 24, 1052, 395, 66, 1214, 724, 99, 830, 35, 804, 20, 69, 1042, 322, 201, 98, 539, 570, 1406, 47, 1177, 80, 1073, 390, 417, 996, 1119, 416, 726, 1243, 2, 684, 320, 928, 153, 716, 801, 1257, 89, 875, 1227, 558, 1184, 420, 355, 88, 869, 403, 1013, 55, 422, 472, 137, 442, 363, 1039, 1223, 842, 1238, 551, 84, 239, 999, 750, 796, 904, 1209, 552, 738, 185, 820, 950, 475, 721, 270, 282, 825, 565, 1439, 25, 107, 108, 227, 720, 39, 823, 272, 1538, 143, 770, 754, 840, 23, 476, 1180, 104, 1167, 635, 1434, 289, 654, 83, 131, 1181, 560, 870, 152, 244, 376, 948, 1050, 1027, 929, 77, 64, 85, 500, 392, 368, 134, 4, 1336, 337, 643, 110, 543, 471, 356, 549, 1034, 963, 190, 10, 411, 16, 622, 121, 205, 57, 691, 730, 995, 343, 596, 686, 878, 537, 1038, 784, 448, 1075, 140, 450, 891, 1269, 287, 248, 394, 1224, 723, 559, 584, 79, 484, 194, 819, 410, 506, 688, 383, 747, 981, 76, 892, 540, 719, 65, 863, 32, 0, 1196, 366, 585, 651, 818, 865, 133, 574, 144, 933, 7, 1418, 822, 692]"
394,"[66, 41, 567, 173, 217, 226, 772, 160, 231, 180, 120, 507, 216, 558, 227, 116, 96, 978, 422, 560, 287, 71, 38, 131, 654, 549, 553, 78, 454, 49, 207, 100, 83, 209, 155, 55, 221, 384, 143, 432, 6, 3, 37, 312, 97, 264, 171, 194, 418, 0, 390, 539, 415, 738, 62, 401, 237, 495, 163, 249, 256, 108, 410, 27, 185, 67, 95, 178, 21, 770, 88, 650, 203, 23, 68, 201, 714, 172, 741, 430, 11, 90, 122, 545, 167, 117, 417, 402, 81, 1483, 175, 293, 548, 626, 182, 61, 150, 32, 392, 927, 379]","[1209, 87, 449, 1078, 551, 382, 153, 1032, 575, 678, 228, 127, 30, 540, 1370, 745, 801, 232, 281, 596, 448, 664, 779, 363, 183, 762, 225, 229, 72, 796, 385, 577, 215, 657, 157, 404, 251, 357, 140, 671, 939, 576, 28, 76, 794, 89, 719, 342]"
395,"[171, 314, 631, 173, 364, 923, 63, 337, 236, 209, 341, 97, 327, 256, 230, 377, 342, 180, 96, 195, 153, 88, 214, 49, 0, 99, 185, 422, 285, 126, 162, 514, 749, 317, 257]","[150, 120, 891, 254, 312, 595, 272, 239, 14, 457, 471, 251, 215, 738, 1027, 865, 747, 20, 299, 1059, 287, 117]"
396,"[840, 290, 147, 1024, 273, 105, 327, 985, 0, 321, 741, 332, 281, 221, 545, 8, 236, 470, 120, 596, 116, 471, 117, 270, 973, 322]","[750, 259, 677, 929, 976, 594, 287, 328, 590, 1398, 828, 618, 1027, 299, 99, 24, 870, 404, 1214, 454, 716, 244, 124, 839, 822, 280, 150, 405]"
397,"[6, 107, 1017, 177, 220, 55, 182, 656, 478, 704, 301, 287, 94, 895, 337, 173, 512, 503, 482, 614, 587, 21, 176, 126, 155, 344, 272, 170, 134, 474, 22, 196, 434, 422, 640, 99, 191, 198, 610, 854, 345, 133, 171, 222, 852, 180, 497, 285, 209, 49, 7, 317, 108, 267, 312, 185, 297, 181, 479, 57, 692, 483, 356, 473, 528, 590, 521, 11, 491]","[1018, 193, 987, 333, 324, 1297, 893, 323, 260, 326, 116, 321, 331, 339, 877, 456, 1000, 687, 988, 750, 679, 389, 194, 747, 990, 664, 651, 64, 288, 242, 342, 13, 357]"
398,"[513, 180, 68, 198, 422, 49, 519, 492, 171, 143, 14, 356, 69, 215, 203, 227, 275, 653, 190, 63, 478, 647, 1118, 233, 161, 1449, 57, 151, 392, 175, 434, 181, 1125, 125, 484, 94, 731, 87, 479, 734, 27, 84, 490, 81, 518, 196, 123, 86, 429, 193, 116, 495, 210, 601, 173, 494, 473, 202, 126, 603, 398, 131, 402, 587, 204, 509, 185, 497, 65, 522, 24, 968, 520, 428, 172, 182, 55, 691, 195, 177, 483, 704, 95, 70, 609, 602, 836, 207, 683, 481, 426, 78, 654, 632, 477, 184, 482, 96, 152, 0]","[226, 503, 480, 11, 658, 416, 283, 660, 990, 30, 500, 64, 662, 166, 992, 3, 162, 153, 157, 133, 62, 952, 93, 124, 493, 48, 273, 158, 699, 714, 496, 384, 475, 238, 228, 524, 501, 229, 795, 736, 709, 1019, 1, 431, 72, 46, 755, 167, 12, 588, 234, 590, 71, 201, 1040, 413, 446, 230, 132, 99, 606, 110, 661, 282, 134, 236, 85, 711, 7, 707, 366, 581]"
399,"[458, 923, 195, 741, 587, 147, 93, 113, 816, 294, 771, 474, 363, 745, 139, 97, 90, 317, 1136, 187, 96, 1138, 746, 213, 142, 565, 392, 300, 185, 726, 1073, 52, 737, 621, 548, 146, 202, 288, 1216, 454, 71, 469, 14, 778, 56, 240, 1395, 301, 23, 234, 217, 819, 327, 0, 53, 10, 181]","[812, 218, 590, 283, 1313, 7, 1227, 72, 485, 1542, 371, 401, 1231, 530, 32, 153, 654, 958, 526, 1278, 417, 228, 174, 731, 382, 70, 743, 985, 61, 126, 21, 127, 435, 945, 1273, 322, 167, 577, 229, 773, 549, 172, 767, 1134, 1178, 1400, 678, 1, 762, 567, 388, 1219, 41, 273, 272, 1458, 399, 968, 92, 227, 66, 412, 40, 683, 545, 596, 406, 186, 808, 264, 173, 83, 404, 721, 156, 1034, 1245, 650, 1230, 495, 451, 1183, 430, 11, 558, 709, 553, 225, 581, 586, 632, 974, 431, 1089, 383, 233, 194, 411, 1392, 94, 37, 759, 419, 47, 152, 1191, 381, 825, 117, 68, 470, 57, 179, 42, 116, 1243, 753, 281, 76, 940, 734, 230, 805, 154, 394, 263, 927, 49, 1177, 62, 337, 63, 976, 109, 79, 824, 1218, 422, 1479, 25, 155, 507, 385, 780, 287, 550, 236, 925, 1085, 541, 1540, 214, 209, 659, 398, 574, 203, 453, 160, 443, 505, 232, 543, 575, 450, 563, 627, 823, 1539, 55, 754, 67, 178, 78, 30, 226, 163, 331, 384, 306, 1169, 339, 131, 672, 692, 238, 696, 290, 4, 120, 449, 1209, 267, 615, 402, 719, 379, 275, 542, 54, 171, 101, 400, 500, 237, 65, 8, 98, 180, 377, 143, 387, 222, 844, 768, 467, 221, 378, 95, 418, 664, 38, 224, 544, 889, 657, 551, 77, 793, 539, 150, 175, 779, 319, 81, 559, 525, 425, 27, 540, 461, 138, 1206, 560, 432, 510, 464, 355, 1041, 918, 1059, 99, 403, 231, 365, 122, 28, 46, 245, 89, 342, 1541]"
400,"[299, 894, 320, 303, 748, 322, 287, 285, 300, 257, 268, 342, 312]","[327, 258, 688, 306, 305, 293, 331, 689, 747]"
401,"[485, 637, 518, 110, 203, 526, 209, 461, 197, 602, 434, 195, 99, 69, 64, 161, 484, 143, 201, 527, 552, 317, 482, 631, 327, 723, 315, 196, 82, 193, 364, 275, 492, 355, 356, 683, 508, 650, 96, 734, 629, 24, 1008, 514, 173, 506, 565, 142, 274, 314, 43, 581, 132, 603, 470, 427, 277, 215, 210, 98, 184, 87, 481, 202, 609, 536, 190]","[116, 198, 134, 608, 498, 272, 321, 172, 25, 865, 283, 136, 653, 384, 293, 49, 519, 341, 12, 472, 660, 224, 500, 153, 247, 70, 279, 156, 236, 587, 403, 534, 1015, 429, 281, 761, 706, 1010, 271, 320, 167, 152, 8, 450, 171, 0, 63, 1288, 120, 146, 13, 654, 480, 68, 814, 234, 477, 658, 10, 160, 476, 510, 507, 256, 150, 747, 126, 301, 891, 311, 180, 483, 370, 285, 750, 677, 489, 583, 124, 590, 428, 633, 662, 187, 242, 404]"
402,"[256, 110, 254, 479, 6, 126, 125, 233, 150, 478, 47, 510, 221, 95, 24, 590, 123, 181, 528, 695, 49, 272, 285, 514, 257, 1100, 41, 134, 470, 11, 18, 203, 236, 0, 275, 8, 482, 509, 94, 274, 167, 136, 117, 14, 407, 99, 180]","[763, 15, 234, 244, 31, 1047, 863, 1059, 9, 475, 454, 474, 12, 627, 116, 115, 747, 227, 709, 1283, 409]"
403,"[110, 120, 257, 924, 147, 180, 6, 865, 126, 470, 844, 287, 747, 684, 116, 128, 863, 476, 471, 290, 221, 514, 234, 275, 99, 117, 150, 146, 0, 475, 49, 404, 236, 281]","[545, 122, 239, 409, 273, 283, 1046, 1011, 596, 369, 105, 8, 927, 256, 759, 1198]"
404,"[268, 747, 293, 312, 327, 258, 257, 738, 677, 299, 331, 269, 301, 21, 309, 689, 306, 682, 65, 271, 937]","[686, 332, 326, 891, 341, 242, 288, 342, 330, 1237, 347, 753, 878, 900, 688, 244, 322, 749, 285, 875, 338, 300, 287]"
405,"[55, 520, 209, 691, 185, 10, 171, 1553, 231, 134, 213, 126, 89, 574, 450, 526, 672, 466, 317, 27, 191, 422, 196, 392, 948, 558, 301, 451, 654, 623, 49, 184, 65, 190, 66, 731, 97, 728, 418, 403, 84, 72, 709, 426, 396, 650, 938, 1062, 81, 402, 21, 4, 93, 585, 375, 131, 214, 387, 194, 233, 218, 346, 355, 1052, 432, 841, 203, 22, 446, 192, 7, 1043, 479, 11, 447, 142, 735, 237, 1217, 658, 793, 316, 172, 419, 217, 207, 63, 727, 28, 37, 287, 201, 46, 567, 570, 3, 186, 417, 734, 780, 391, 1040, 98, 356, 428, 442, 791, 180, 657, 377, 953, 68, 312, 173, 78, 444]","[591, 1581, 170, 579, 1408, 952, 993, 386, 1431, 189, 1176, 1502, 523, 569, 720, 464, 582, 77, 1577, 786, 413, 429, 772, 177, 646, 788, 1117, 425, 1337, 655, 1560, 439, 721, 539, 996, 1099, 441, 71, 699, 1433, 95, 1564, 733, 1468, 963, 1249, 449, 718, 1229, 205, 1530, 694, 91, 1175, 638, 365, 469, 1554, 698, 421, 1352, 1226, 1187, 1206, 229, 61, 770, 1246, 187, 577, 1562, 349, 1045, 431, 774, 649, 1315, 1274, 360, 550, 1112, 1108, 784, 580, 29, 758, 1057, 1316, 1518, 1044, 958, 1216, 448, 168, 1028, 1247, 370, 592, 1434, 794, 1166, 395, 1420, 1177, 1556, 578, 385, 509, 764, 1561, 767, 1174, 1179, 510, 1003, 529, 651, 1549, 521, 1423, 216, 87, 669, 436, 1585, 1317, 940, 564, 227, 540, 513, 622, 215, 86, 1065, 1109, 462, 226, 1390, 1167, 1579, 1267, 998, 307, 1383, 52, 752, 692, 1529, 461, 1118, 76, 945, 174, 668, 141, 653, 792, 1478, 188, 573, 399, 777, 624, 670, 30, 663, 652, 1239, 621, 39, 1138, 946, 1565, 48, 647, 771, 1209, 1588, 211, 551, 779, 468, 430, 1110, 968, 178, 1591, 995, 1098, 1017, 1266, 1546, 206, 1399, 556, 75, 648, 238, 1345, 811, 790, 760, 725, 1, 553, 1438, 394, 559, 373, 1220, 1252, 1289, 1587, 572, 1165, 1589, 1147, 524, 775, 643, 956, 415, 1586, 768, 210, 1306, 787, 666, 1107, 713, 1570, 970, 1199, 1548, 225, 626, 701, 642, 398, 568, 40, 69, 1181, 547, 1557, 38, 516, 1574, 1158, 1273, 719, 587, 50, 1424, 1073, 795, 1578, 1111, 518, 706, 1183, 1264, 1238, 1521, 955, 554, 1103, 182, 140, 527, 555, 1538, 1443, 1178, 1230, 1041, 264, 1584, 67, 1208, 1421, 420, 1517, 1441, 503, 903, 605, 1469, 1477, 183, 1192, 1559, 1205, 801, 1470, 536, 519, 1552, 1516, 198, 1558, 1031, 414, 644, 460, 806, 778, 1145, 508, 1403, 1483, 1030, 1575, 1436, 738, 199, 1077, 363, 390, 785, 514, 1248, 561, 62, 1568, 1567, 715, 382, 1398, 797, 1407, 51, 232, 1223, 1358, 583, 660, 548, 522, 584, 481, 57, 148, 74, 809, 602, 1221, 566, 535, 56, 378, 1473, 711, 1224, 1582, 576, 54, 1467, 1090, 82, 560, 47, 693, 1071, 1036, 943, 200, 1437, 552, 1029, 557, 1393, 515, 848, 773, 96, 852, 1569, 696, 807, 782, 1231, 678, 641, 36, 842, 665, 1102, 1069, 683, 1218, 783, 789, 100, 1270, 1035, 1414, 1404, 80, 858, 959, 1406, 463, 1106, 376, 1571, 769, 850, 1440, 437, 1146, 744, 44, 350, 562, 440, 60, 1547, 438, 673, 90, 1296, 1498, 954, 1194, 366, 563, 401, 565, 1228, 1064, 815, 1227, 781, 138, 433, 179, 79, 383, 714, 674, 920, 41, 230, 1020, 42, 70, 1260, 661, 517, 452, 1508, 101, 942, 625, 950, 707, 500, 528, 860, 1580, 1583, 854, 746, 1193, 443, 59, 726, 544, 776, 364, 857, 722, 1386, 1034, 1072, 31, 1304, 730, 859, 542, 32, 853, 1061, 445, 197, 525, 416, 1310, 160, 228, 167, 754, 1075, 745, 941, 380, 43, 1576, 1018, 204, 645, 435, 35, 64, 1333, 1539, 202, 1005, 1486, 1054, 379, 1550, 372, 139, 58, 25, 208, 855, 240, 1555, 736, 1566, 969, 1307, 919, 1590, 922, 1411, 424, 181, 467, 697, 1545, 302, 397, 53, 400, 511, 541, 1551, 702, 1563, 1191, 212, 1418, 1543, 1573, 662, 639, 667, 1534, 732, 26, 1265, 724, 1544, 371, 671, 34, 193, 723, 1487, 381, 1463, 434, 703, 45, 939, 729, 1026, 756, 340, 88, 1068, 1428, 1100, 708, 737, 1528, 169, 1572, 465, 1089, 620, 664, 549, 640, 384, 1042, 1219, 1479, 1004, 805, 427, 1305, 971, 1207, 637, 876, 175, 1381, 659, 388, 1259, 581, 656, 85, 575, 109, 94, 1444, 176, 1422, 1474, 512, 374, 1245, 195, 957]"
406,"[47, 478, 961, 155, 317, 495, 604, 428, 487, 644, 13, 462, 57, 468, 435, 607, 587, 500, 316, 11, 700, 194, 744, 611, 481, 674, 198, 526, 180, 434, 442, 98, 409, 1009, 187, 49, 941, 731, 163, 646, 712, 510, 126, 1007, 68, 824, 182, 6, 632, 29, 41, 588, 1020, 92, 429, 525, 714, 633, 475, 426, 920, 171, 174, 631, 134, 275, 640, 203, 473, 771, 507, 178, 210, 234, 410, 173, 518, 132, 420, 116, 239, 356, 433, 233, 704, 698, 427, 497, 812, 189, 88, 542, 202, 63, 606, 623, 403, 51, 638, 519, 4, 7, 637, 503, 523, 504, 91, 52, 122, 662, 38, 1193, 135, 193, 0, 10, 479, 133, 95, 498, 477, 446, 114, 46, 181, 14, 190, 419, 120, 128, 31, 85, 417, 527, 506, 131, 581, 490, 179, 491, 22, 192, 512, 465, 923, 96, 149, 284, 805, 708, 196, 660, 656, 99, 123, 482, 505, 175, 630, 670, 431, 1169, 56, 1108, 371, 55, 8, 1100, 1146, 94, 673, 184, 366, 209, 461, 381, 97, 153, 216, 392, 653]","[663, 822, 238, 84, 1125, 650, 418, 185, 639, 212, 522, 413, 661, 1046, 395, 502, 641, 78, 208, 39, 825, 1266, 237, 590, 489, 23, 21, 186, 514, 691, 734, 24, 786, 274, 768, 452, 480, 736, 755, 27, 830, 595, 221, 62, 430, 2, 513, 460, 922, 147, 70, 214, 218, 1201, 197, 205, 528, 651, 3, 167, 467, 1219, 201, 172, 211, 558, 19, 273, 745, 71, 1064, 959, 1117, 124, 572, 380, 451, 692, 12, 944, 86, 711, 516, 664, 918, 130, 844, 486, 450, 142, 609, 236, 219, 746, 404, 150, 574, 227, 610, 1202, 726, 288, 367, 157, 560, 217, 283, 195, 276, 152, 654, 508, 169, 9, 151, 671, 605, 484, 659, 121, 628, 520, 432, 207, 215, 557, 723, 443, 601, 564, 87, 701, 281, 280, 72, 1196, 162, 562, 129, 69, 669, 471, 603, 530, 568, 1072, 424, 1152, 206, 501, 1078, 293, 143, 183, 156, 25, 285, 100, 600, 204, 970]"
407,"[432, 204, 195, 49, 210, 216, 193, 173, 968, 654, 199, 221, 237, 477, 67, 745, 417, 181, 146, 431, 1117, 509, 55, 312, 172, 68, 1, 3, 201, 98, 184, 447, 315, 217, 518, 207, 229, 0, 290, 344, 171, 27, 731, 90, 402, 196, 99, 356, 524, 482, 992, 96, 483, 69, 704, 384, 422, 179, 709, 200, 478, 182, 254, 656, 176, 131, 142, 728, 247, 714, 314, 560, 202, 222, 249, 495, 208, 256, 257, 7, 234, 71, 655, 285, 213, 227, 426, 88, 513, 587, 602, 238, 97, 507, 44, 185, 215, 152, 194, 490, 183, 133, 153, 175, 658, 150, 161, 174, 736, 84, 188, 218, 151, 497, 407, 120, 190, 167, 93, 72, 287, 168, 209, 6]","[248, 230, 784, 427, 615, 754, 465, 641, 156, 116, 492, 1027, 160, 81, 475, 162, 948, 61, 264, 178, 143, 381, 415, 370, 1187, 398, 1229, 683, 87, 659, 868, 858, 268, 878, 243, 628, 226, 404, 501, 634, 454, 1011, 28, 1043, 228, 289, 117, 399, 711, 288, 180, 564, 971, 558, 520, 24, 39, 122, 435, 158, 647, 446, 448, 95, 187, 225, 192, 392, 1089, 214, 134, 231, 273, 126, 755, 157, 674, 843, 795, 503, 929, 203, 94, 394, 746, 387, 738, 568, 66, 707, 401, 1262, 1040, 567, 233, 1159, 442, 70, 130, 649, 100, 473]"
408,"[747, 318, 287, 314, 357, 301, 312, 323, 269, 1295, 293, 326, 271, 309, 241, 750]","[688, 682, 257, 299, 285, 346, 538, 311, 327, 270, 333]"
409,"[64, 49, 222, 658, 1175, 198, 5, 515, 58, 213, 994, 1020, 663, 164, 479, 478, 683, 153, 180, 202, 324, 167, 132, 603, 526, 428, 275, 488, 96, 708, 161, 134, 473, 8, 11, 59, 209, 152, 482, 190, 483, 477, 614, 165, 513, 495, 854, 317, 88, 1536, 174, 381, 1523, 432, 169, 203, 426, 1592, 173, 97, 171, 212, 282, 57, 29, 632, 617, 481, 1193, 285, 522, 707, 1072, 284, 492, 185, 208, 191, 660, 605, 194, 1448, 178, 607, 22, 606, 429, 497, 274, 732, 1557, 1098, 646, 527, 1368, 302, 529, 215, 427, 13, 504, 99, 356, 60, 1540, 1069, 1511, 1019, 179, 474, 922, 44, 210, 115, 170, 126, 205, 602, 133, 1049, 510, 78, 662, 528, 465, 135, 853, 177]","[1294, 1241, 47, 287, 199, 98, 196, 496, 200, 519, 517, 679, 201, 269, 21, 7, 338, 964, 186, 490, 380, 936, 653, 86, 172, 320, 675, 748, 263, 1064, 608, 206, 155, 1392, 1378, 525, 1096, 321, 876, 27, 460, 630, 480, 342, 1359, 366, 1092, 265, 944, 503, 403, 299, 204, 485, 326, 484, 878, 713, 434, 1391, 114, 1158, 288, 704, 537, 656, 1345, 1327, 889, 875, 498, 82, 325, 631, 337]"
410,"[285, 312, 268, 314, 315, 872, 689, 904, 271]","[299, 311, 881, 747, 288, 537, 897, 885, 327, 346, 753, 257, 339, 310, 353, 322, 688, 302, 351]"
411,"[171, 650, 208, 404, 195, 167, 450, 769, 185, 708, 257, 264, 21, 526, 567, 565, 654, 37, 731, 49, 180, 27, 1196, 3, 72, 317, 207, 55, 209, 8, 0, 484, 602, 78, 193, 201, 173]","[181, 1469, 87, 303, 719, 226, 194, 160, 57, 228, 116, 1474, 434, 227, 229, 221, 448, 275, 7, 88, 237]"
412,"[317, 27, 174, 426, 435, 134, 172, 633, 479, 192, 507, 525, 116, 287, 723, 69, 407, 6, 55, 113, 95, 171, 275, 63, 339, 650, 181, 22, 185, 210, 149, 683, 356, 938, 173, 430, 168, 0, 194, 207]","[217, 201, 91, 3, 486, 205, 153, 80, 23, 968, 213]"
413,"[221, 270, 305, 123, 296, 627, 180, 256, 235, 283, 8, 274, 507, 299, 269, 14, 268, 689, 470, 935, 302, 49, 257, 13, 285, 288, 514, 282, 275, 99, 236]","[254, 259, 300, 6, 325, 301, 244, 249, 876, 331, 327, 146, 326, 459, 306, 332, 24, 320, 272]"
414,"[99, 309, 299, 271, 345, 257, 301, 689, 339, 885, 287, 323, 312, 894, 10, 432, 269]","[263, 293, 677, 259, 300, 324, 342, 747]"
415,"[1523, 153, 327, 55, 179, 753, 478, 194, 479, 268, 321, 747, 431, 184, 530, 203, 135, 257, 482, 173]","[242, 640, 322, 683]"
416,"[124, 723, 249, 355, 577, 68, 271, 209, 760, 276, 225, 1146, 233, 55, 133, 303, 219, 48, 865, 894, 769, 293, 426, 177, 326, 106, 1502, 478, 398, 404, 841, 567, 50, 505, 283, 70, 116, 958, 331, 63, 173, 300, 245, 229, 53, 286, 606, 935, 21, 1011, 212, 965, 201, 167, 500, 548, 257, 287, 651, 722, 479, 928, 216, 495, 1006, 384, 175, 203, 327, 122, 365, 442, 422, 707, 125, 154, 196, 746, 401, 10, 296, 81, 530, 338, 82, 632, 141, 738, 76, 316, 13, 1399, 92, 195, 514, 691, 749, 789, 80, 240, 330, 844, 1073, 282, 346, 1425, 267, 366, 218, 745, 345, 914, 24, 709, 143, 392, 467, 683, 12, 66, 247, 916, 971, 11, 587, 353, 325, 155, 626, 86, 719, 811, 97, 69, 575, 356, 57, 461, 142, 139, 774, 525, 415, 241, 826, 297, 688, 402, 193, 250, 1515, 590, 8, 468, 285, 917, 0, 126, 1216, 627, 432, 979, 1539, 1159, 274, 312, 563, 198, 120, 49, 497, 160, 762, 711, 657, 6, 194, 659, 820, 1015, 747, 661, 537, 23, 184, 208, 418, 650, 180, 675, 318, 43, 470, 238, 30, 186, 430, 332, 1261, 753, 462, 471, 26, 424, 280, 712, 685, 475, 839, 27, 706, 814, 1057, 210, 793, 954, 171, 780, 96, 199, 215, 65, 499, 98, 806, 1052, 791, 618, 251, 64, 1019, 872, 317, 754, 734, 1, 7, 153, 294, 182, 377, 190, 728, 214, 181, 1263, 131, 135, 156, 698, 508, 417, 552, 624, 273, 656, 147, 1188, 613, 89, 450, 689, 237, 1220, 14, 446, 231, 1010, 1118, 549, 264, 163, 420, 897, 301, 741, 476, 941, 149, 490, 923, 281, 292, 414, 272, 509, 519, 268, 1151, 344, 172, 619, 3, 764, 726, 146, 1482, 254, 469, 222, 1135, 302, 602, 1285, 1167, 123, 731, 534, 95, 391, 110, 183, 654, 99, 1132, 309, 299, 658, 290, 1593, 78, 152]","[873, 347, 1187, 42, 1034, 1097, 416, 737, 531, 31, 403, 720, 474, 767, 1516, 545, 818, 1406, 974, 91, 832, 940, 40, 1091, 265, 733, 253, 1477, 84, 9, 105, 927, 1520, 559, 1088, 929, 337, 996, 52, 1040, 1138, 1494, 258, 104, 275, 1090, 54, 553, 288, 1036, 20, 1335, 256, 681, 224, 328, 93, 784, 157, 782, 930, 878, 451, 447, 472, 915, 984, 263, 315, 248, 864, 387, 794, 244, 236, 1299, 933, 1050, 584, 558, 431, 1047, 823, 863, 306, 677, 1013, 1225, 202, 374, 936, 761, 695, 87, 28, 35, 311, 363, 777, 1219, 1131, 395, 684, 72, 136, 368, 716, 1053, 85, 1440, 736, 394, 833, 989, 1468, 41, 842, 848, 321, 400, 411, 132, 591, 158, 692, 1134, 314, 410, 252, 284, 1427, 239, 37, 937, 1076, 322, 802, 150, 352, 541, 845, 117, 790, 71, 310, 178, 79, 874, 102, 217, 570, 868, 630, 1336, 234, 77, 277, 596, 419, 386, 925, 623, 329, 543, 1228, 230, 121, 16, 94, 679, 304]"
417,"[2, 146, 82, 422, 709, 41, 158, 11, 66, 195, 1022, 63, 402, 1134, 98, 131, 724, 194, 206, 10, 97, 424, 126, 1046, 199, 130, 249, 430, 691, 1013, 175, 483, 420, 747, 654, 637, 80, 726, 216, 200, 183, 791, 474, 418, 482, 777, 999, 773, 292, 69, 55, 153, 117, 197, 561, 88, 71, 285, 64, 156, 473, 244, 384, 0, 247, 213, 182, 517, 1156, 745, 1182, 814, 325, 962, 172, 14, 383, 824, 641, 394, 943, 401, 185, 512, 96, 624, 432, 558, 257, 356, 945, 392, 497, 201, 233, 94, 1085, 79, 450, 167, 4, 464, 639, 289, 189, 222, 293, 54, 81, 1015, 443, 178, 795, 124, 245, 419, 181, 210, 722, 16, 731, 230, 202, 779, 505, 267, 179, 162, 514, 650, 187, 417, 150, 536, 133, 116, 237, 208, 190, 152, 364]","[780, 596, 1094, 550, 119, 577, 1043, 657, 551, 134, 207, 630, 746, 234, 587, 435, 741, 683, 1035, 978, 1208, 31, 225, 635, 562, 46, 28, 543, 540, 1038, 627, 613, 544, 761, 22, 768, 1549, 76, 138, 1027, 421, 448, 549, 1118, 764, 168, 357, 927, 391, 100, 6, 1214, 1017, 177, 440, 381, 507, 714, 241, 870, 427, 763, 1138, 727, 1206, 560, 1231, 1040, 1445, 678, 707, 19, 122, 272, 205, 264, 15, 366, 1181, 254, 38, 484, 664, 269, 942, 460, 1209, 578, 684, 324, 385, 67, 221, 180, 323, 322, 379, 339, 1246, 390, 173, 217, 72, 854, 554, 143, 26, 615, 395, 57, 49, 757, 998, 471, 668, 673, 166, 90, 263, 95, 799, 144, 796, 403, 1227, 68, 12, 387, 297, 708, 287, 23, 922, 61, 939, 363, 50, 256, 581, 848, 1010, 398, 62, 121, 826, 1415, 105, 894, 1039, 830, 43, 141, 218, 231, 803, 545, 215, 77, 108, 1090, 808, 1287, 573, 446, 1538, 99, 259, 412, 451, 782, 766, 372, 1089, 78, 809, 500, 667, 163, 161, 251, 171, 595, 170, 227, 155, 89, 1056, 321, 1229, 342, 3, 184, 410, 992, 48, 712, 742, 39, 160, 778, 229, 662, 404, 209, 449, 211, 110, 770, 822, 575, 24, 93, 120, 817, 140, 157, 65, 1410, 101, 495, 548, 567, 472, 301]"
418,"[303, 268, 257, 898, 287, 894, 332]","[361, 312, 300, 343, 330, 301, 314, 345, 749, 326, 327, 299, 1312]"
419,"[1450, 704, 172, 487, 305, 285, 222, 513, 256, 180, 133, 616, 13, 477, 614, 603, 99, 78, 49, 274, 190, 173, 0, 68, 196, 299, 268]","[88, 404, 211, 27, 493]"
420,"[282, 301, 136, 318, 752, 274, 250, 474, 407, 115, 99, 602, 749, 512, 13, 85, 483, 189, 123, 126, 854, 285, 689, 178, 284, 546]","[330, 18, 287, 507, 477, 300, 269, 172, 1346, 492]"
421,"[473, 442, 155, 123, 914, 193, 237, 656, 88, 465, 181, 515, 173, 301, 175, 116, 55, 86, 332, 163, 673, 233, 95, 184, 11, 99, 81, 49, 143, 602, 182, 128, 126, 186, 878, 171, 708, 217, 97, 524, 78, 426, 497]","[199, 516, 6, 10, 913, 212, 174, 3, 447, 671, 218, 652, 196, 330, 207, 268, 422, 172, 508]"
422,"[670, 921, 183, 918, 853, 257, 125, 1016, 272, 275, 199, 476, 99, 447, 49, 180, 409, 221, 323, 52, 249, 514, 557, 126, 1186, 200, 256, 306, 333, 92, 97, 664, 1006, 285, 128, 395, 150, 474, 274, 136, 218, 446, 184, 236, 332, 217, 233, 440, 266]","[108, 558, 324, 925, 378, 0, 357, 269, 14, 292, 216, 234, 589, 681, 326, 1198, 369, 741, 759, 123, 287, 457, 550, 435, 286, 259, 451, 293, 325, 560, 671, 298, 4, 866, 669, 116, 247, 772, 566, 301, 858, 716, 294, 562, 338, 270, 322, 6]"
423,"[743, 236, 314, 271, 257, 1133, 14, 897, 303, 1264, 275, 325, 689, 8, 688, 627, 312, 301, 753, 339, 923, 244, 343, 590, 285, 281, 126, 749, 292, 619, 315, 99, 886, 9, 291, 507]","[309, 322, 268, 347, 299, 354, 332, 1010, 976, 326, 346, 750, 327, 695, 147, 545, 1237, 470, 124, 298, 328, 822, 747, 321, 677, 306, 878, 338]"
424,"[1345, 24, 8, 293, 13, 274, 242, 288, 126, 322, 426, 332, 537, 739, 1083, 14, 99, 285, 989, 839, 303, 291]","[260, 988, 682, 688, 171, 309, 287, 680, 49, 434, 150, 114, 0, 881, 507, 275, 968, 689, 687, 258, 257, 299]"
425,"[270, 226, 38, 474, 171, 249, 55, 428, 272, 52, 221, 287, 203, 297, 301, 155, 67, 528, 16, 54, 326, 97, 473, 229, 852, 942, 197, 306, 143, 339, 126, 1433, 271, 356, 345, 78, 635, 357, 179, 549, 894, 99, 61, 315, 194, 199, 120, 167, 11, 91, 183, 853, 300, 180, 95, 63, 88, 227, 742, 333, 268, 402, 49, 3, 32, 292, 346]","[423, 747, 190, 184, 317, 182, 824, 37, 322, 82, 312, 758, 280, 258, 209, 1313, 321, 447, 323, 176, 677, 689, 490, 240, 446, 378, 362, 256, 6, 251, 514, 750, 876, 31, 674, 582, 21, 840, 285, 444, 1463, 678, 561, 596, 324, 1596, 228, 243, 589, 175, 186, 1595, 565, 669, 231, 1088, 830, 146, 206, 575, 177, 1418, 337, 304, 1015, 200, 567, 218, 288, 451, 217, 332, 144, 23, 116, 688, 822, 309, 170, 572, 230, 0, 749, 685, 208, 1594, 187, 1, 384, 537, 668, 233, 519, 117, 397, 361, 123, 975, 173, 342, 81, 539, 911, 354, 878, 521, 264, 545, 189, 216, 1109, 897, 4, 1415, 293, 318, 442, 671, 232, 1221, 156, 325, 1012, 434, 10, 1128, 160, 257, 454, 26, 683, 299, 96, 826, 69, 1187, 404]"
426,"[479, 602, 492, 503, 1115, 607, 632, 613, 210, 428, 525, 198, 650, 847, 605, 504, 477, 190, 131, 489, 509, 524, 604, 317, 1203, 523, 1063, 491, 615, 672, 656, 609, 97, 606, 331, 193, 654, 487, 184, 207, 98, 133, 1450, 510, 653, 426, 196, 49, 704, 22, 482, 132, 490, 177, 473, 195, 652, 1019, 204, 662, 99, 518, 481, 483, 135, 660, 658, 488, 670, 640, 480]","[485, 429, 181, 526, 427, 417, 753, 612, 493, 834, 434, 173, 600, 835, 203, 1078, 134, 647, 167, 630, 199, 431, 645, 608, 142, 967, 403, 616, 495, 288]"
427,"[937, 681, 340, 679, 299, 301, 262, 1295, 873, 244, 988, 687, 1264, 302, 936, 680, 358, 989, 257, 331, 303, 327, 285, 288, 267, 330, 880, 333]","[318, 291, 321]"
428,"[306, 689, 339, 315, 874, 331, 749, 312, 300, 288, 907, 330, 895, 878, 876, 299, 242, 271, 311, 333, 346, 537, 349, 337, 267, 1023, 1312, 258, 321, 885, 293, 314, 893, 301, 753, 351, 287, 241, 244, 891, 309, 268, 750, 748]","[342, 987, 322, 328, 304, 343, 325, 1279, 270, 285, 302]"
429,"[63, 85, 510, 1015, 734, 708, 430, 96, 692, 317, 1038, 426, 196, 1135, 966, 743, 422, 709, 272, 143, 498, 161, 218, 466, 409, 126, 207, 152, 31, 192, 610, 55, 133, 435, 169, 88, 1202, 402, 704, 14, 290, 194, 569, 548, 210, 123, 165, 164, 215, 257, 136, 183, 163, 92, 761, 530, 184, 11, 46, 601, 222, 427, 54, 167, 150, 504, 701, 82, 762, 156, 237, 403, 185, 84, 149, 247, 731, 678, 57, 507, 264, 208, 187, 116, 386, 275, 68, 274, 1010, 651, 182, 474, 483, 21, 844, 297, 95, 113, 630, 741, 122, 81, 22, 526, 51, 209, 201, 180, 89, 495, 3, 248, 536, 431, 78, 418, 177, 231, 69, 653, 206, 583, 492, 434, 641, 49, 189, 602, 479, 190, 91, 339, 683, 173, 171, 429, 100, 276, 482, 202, 162, 469, 1117, 971, 1019, 256, 195, 529, 233, 509, 24, 468, 505, 203, 99, 788, 528, 1100, 442, 1300, 411, 135, 41, 172, 497, 292, 179, 356, 97, 506, 736, 650, 935, 176, 10, 527, 461, 662, 938, 193, 155, 181, 478, 128, 221, 198]","[72, 1221, 494, 627, 44, 1118, 370, 490, 940, 632, 1112, 943, 634, 108, 1295, 132, 320, 1424, 454, 1223, 1027, 25, 463, 228, 1544, 635, 1284, 746, 281, 414, 568, 1013, 805, 793, 567, 23, 127, 366, 825, 819, 1442, 639, 1034, 549, 480, 139, 200, 1078, 279, 1009, 503, 624, 672, 484, 30, 391, 1216, 691, 590, 1016, 263, 178, 1032, 447, 76, 365, 804, 456, 754, 580, 80, 577, 381, 1109, 519, 545, 47, 160, 767, 131, 534, 2, 355, 626, 440, 685, 153, 61, 224, 217, 282, 142, 273, 364, 832, 158, 501, 300, 670, 249, 760, 779, 661, 1417, 289, 94, 90, 1, 117, 318, 628, 499, 565, 1047, 232, 803, 52, 657, 0, 384, 67, 920, 707, 236, 417, 404, 699, 337, 280, 1217, 392, 725, 20, 481, 140, 467, 960, 1070, 927, 65, 558, 287, 465, 6, 62, 1208, 1088, 1227, 654, 86, 377, 755, 846, 728, 213, 410, 87, 27, 432, 472, 71, 671, 7, 513, 664, 98, 64, 199, 842, 785, 586, 38, 1075, 110, 166, 595, 146, 226, 154, 380, 581, 615, 175, 225, 1219, 227, 771, 357, 998, 306, 815, 1108, 379, 636, 424, 807, 234, 230, 283, 191, 684, 120, 1073, 1138, 1132, 606, 745, 229, 696, 240, 738, 539, 561, 299, 582, 795, 79, 70, 1111, 43, 1437, 777, 471, 1011, 216, 439, 408, 1017]"
430,"[9, 526, 655, 128, 236, 233, 435, 272, 287, 1346, 301, 220, 285, 11, 97, 99, 123, 513, 221, 55, 49, 514, 164, 327, 180, 317, 257, 673, 18, 151, 527, 1374, 522, 167, 150, 302, 296, 63, 126]","[252, 546, 743, 8, 292, 263, 116, 163, 1239, 627, 1006, 293, 461, 275, 247, 41, 136, 100, 299, 147, 120, 234, 747, 122, 297, 6]"
431,"[285, 747, 537, 321, 299, 244, 293, 327, 302]","[878, 322, 987, 753, 306, 357, 326, 688, 301, 689, 268, 331]"
432,"[221, 619, 741, 110, 236, 49, 1046, 117, 404, 245, 150, 762, 314, 409, 257, 149, 843, 180, 507, 120, 677, 116, 256, 293, 248, 299, 275, 627, 283, 844, 247, 14, 287, 281, 312, 474, 292, 1011, 254]","[294, 410, 273, 545, 249, 870, 122, 1015, 1048, 321, 99, 107, 23, 2, 863, 470, 814, 6, 0, 92, 108, 826, 297]"
433,"[301, 172, 49, 747, 656, 59, 193, 58, 11, 1004, 434, 506, 173, 302, 918, 245, 275, 268, 285, 136]","[324, 681, 689, 332, 1597, 293, 321, 753, 94, 267, 339, 473, 325, 272, 322, 292, 357, 204, 456, 244, 299]"
434,"[814, 368, 545, 120, 219, 124, 1094, 832, 762, 1151, 236, 974, 476, 110, 927, 273, 150, 286, 224, 475, 287, 973, 117, 410, 0, 1196]","[1059, 405, 274, 755, 1050, 843, 146, 147, 8, 346, 818, 6, 470, 742, 282, 627, 14, 423]"
435,"[298, 461, 745, 114, 651, 216, 233, 385, 3, 627, 272, 159, 187, 172, 184, 342, 409, 1038, 170, 380, 183, 312, 81, 51, 49, 225, 256, 135, 402, 189, 89, 185, 799, 10, 658, 173, 85, 791, 153, 84, 750, 1400, 174, 199, 48, 53, 293, 156, 1043, 709, 20, 195, 636, 833, 356, 785, 71, 108, 712, 1102, 384, 210, 761, 317, 435, 519, 450, 696, 22, 167, 731, 432, 227, 11, 198, 66, 182, 245, 88, 587, 23, 175, 683, 545, 8, 226, 213, 357, 393, 67, 151, 257, 194, 30, 565, 238, 68, 158, 181, 205, 1267, 155, 747, 171, 249, 218, 6, 639, 186, 540, 82, 561, 330, 44, 63, 190, 577, 0, 24, 95, 306, 789, 21, 1015, 1239, 290, 495, 143, 720, 526, 178, 297, 90, 202, 918, 126, 209, 267, 608, 1068, 635, 55, 180, 1, 419, 193, 270, 404, 201, 777, 248, 287, 54, 234, 9, 78, 168, 595, 176, 741, 207, 97, 429, 200, 708, 762]","[779, 239, 379, 430, 1033, 442, 692, 755, 140, 1027, 1216, 251, 674, 759, 553, 695, 575, 433, 728, 215, 464, 928, 596, 203, 586, 381, 615, 1108, 62, 224, 840, 122, 244, 299, 549, 253, 1418, 72, 541, 673, 366, 942, 39, 214, 134, 375, 4, 152, 61, 283, 422, 160, 1073, 117, 26, 353, 337, 127, 37, 1132, 671, 254, 350, 110, 469, 1203, 401, 79, 473, 1230, 472, 960, 150, 289, 412, 41, 326, 583, 714, 824, 751, 121, 147, 259, 94, 316, 434, 228, 796, 1227, 163, 825, 830, 131, 454, 894, 716, 1127, 943, 391, 403, 166, 923, 120, 162, 844, 1214, 116, 1224, 889, 576, 161, 14, 104, 2, 28, 1410, 672, 719, 976, 447, 624, 630, 861, 1060, 568, 80, 560, 567, 982, 423, 124, 217, 392, 99, 742, 398, 572, 566, 820, 221, 1150, 263, 1046, 1184, 410, 383, 70, 27, 678, 320, 925, 780, 368, 107, 475, 664, 571, 884, 446, 229, 927, 1290, 570, 819, 654, 648, 264, 57, 43, 686, 1013, 426, 400, 767, 1551, 823, 32, 684, 548, 75, 38, 471, 500, 192, 478, 443, 16, 929, 411, 657, 52, 754, 405, 138, 431, 945, 817, 154, 952, 626, 584, 100, 558, 332, 7, 365, 721, 408, 602, 440, 634, 83]"
436,"[160, 72, 410, 453, 657, 432, 502, 741, 225, 844, 156, 65, 786, 214, 97, 536, 714, 101, 126, 391, 894, 745, 1118, 738, 95, 503, 641, 124, 287, 275, 793, 158, 380, 820, 346, 760, 1467, 286, 580, 1134, 217, 218, 567, 215, 761, 594, 648, 46, 312, 659, 654, 627, 94, 973, 558, 366, 64, 110, 181, 1057, 82, 709, 22, 762, 216, 326, 339, 203, 1027, 505, 1052, 71, 434, 422, 347, 924, 49, 746, 469, 940, 692, 143, 868, 506, 927, 272, 424, 10, 186, 549, 855, 467]","[237, 173, 131, 132, 1205, 1521, 545, 1060, 89, 446, 167, 199, 324, 399, 1177, 171, 178, 38, 20, 552, 707, 720, 722, 185, 25, 784, 91, 1047, 584, 747, 264, 440, 37, 789, 42, 1226, 98, 80, 238, 839, 166, 277, 263, 468, 985, 142, 1247, 1488, 591, 426, 233, 1262, 634]"
437,"[164, 1120, 707, 418, 13, 654, 172, 85, 238, 196, 1112, 450, 651, 1152, 498, 422, 165, 213, 49, 657, 484, 64, 500, 709, 662, 478, 161, 190, 97, 212, 130, 968, 1133, 403, 1210, 482, 516, 132, 483, 215, 472, 275, 746, 123, 210, 656, 745, 780, 131, 207, 793, 57, 380, 479, 420, 747, 1074, 653, 178, 511, 1006, 11, 133, 606, 659, 496, 731, 94, 650, 1160, 46, 581, 735, 150, 1147, 82, 180, 462, 233, 98, 446, 136, 752, 153, 55, 237, 184, 481, 1035, 602, 954, 179, 206, 1598, 274, 842, 698, 495, 203, 317, 613, 427, 142, 513, 704, 691, 841, 76, 708, 29, 173, 696, 520, 377, 506, 477, 435, 236, 291, 1205, 78, 169, 414, 424, 220, 12, 1062, 605, 510, 93, 442, 171, 416, 715, 199, 152, 1266, 14, 22, 960, 1141, 475, 195, 99, 7, 248, 151, 400, 201, 318, 134, 461]","[1403, 189, 1261, 754, 664, 639, 583, 417, 695, 117, 726, 4, 282, 682, 88, 432, 465, 392, 736, 228, 87, 68, 517, 580, 217, 167, 96, 41, 216, 673, 90, 683, 671, 1089, 143, 154, 286, 300, 1038, 115, 10, 253, 565, 69, 777, 729, 182, 386, 287, 50, 769, 243, 211, 280, 641, 89, 264, 945, 175, 27, 587, 701, 160, 1226, 285, 738, 1097, 811, 401, 706, 86, 411, 218, 434, 522, 81, 697, 110, 185, 1090, 194, 628, 431, 449, 144, 558, 252, 582, 720, 100, 70, 25, 120, 202, 1005, 51, 474, 188, 138, 181, 225, 155, 116, 601, 419, 128, 214, 247, 557, 209, 65]"
438,"[475, 14, 49, 8, 320, 268, 236, 120, 180, 117, 865, 279, 844, 99, 254, 219, 470, 244, 814, 0, 280, 147, 256, 300, 618, 299, 251, 281]","[1027, 285, 20, 863, 283]"
439,"[13, 241, 256, 404, 92, 1047, 299, 236, 146, 284, 245, 6, 590, 1327, 275, 289, 267, 1599]","[124, 12, 281, 287, 474, 894, 272, 239, 292, 120, 300, 99, 306]"
440,"[689, 885, 1037, 1072, 1503, 282, 514, 970, 270, 936, 920, 1190, 170, 85, 1590, 749, 312, 1104, 349, 1193, 69, 903, 197, 735, 1264, 328, 311, 241, 271, 360, 922, 56, 323, 882, 461, 257, 244, 303, 212]","[511, 322, 750, 318, 242, 581, 327, 987, 299, 309, 339, 748]"
441,"[8, 750, 116, 0, 293, 341, 120, 6, 312, 337, 281]","[24, 14, 287, 258, 682, 404, 537, 99, 299]"
442,"[181, 97, 40, 128, 635, 158, 167, 41, 942, 709, 402, 155, 627, 11, 1097, 317, 176, 55, 16, 272, 694, 275, 185, 634, 287, 173, 6, 143, 10, 233, 208, 63, 175, 153, 194, 227, 409, 149, 432, 267, 88, 1169, 180, 469, 171, 91, 95]","[400, 384, 30, 53, 553, 13, 38, 228, 451, 558, 577, 571, 37, 28, 590, 21, 833, 183, 229, 872, 545, 78, 43, 25, 341, 285, 779, 568, 349, 81, 684, 1066, 481, 1182, 799, 209, 280, 664, 52, 225, 809, 683, 66, 671, 160, 549, 99, 507, 202, 974, 366, 239, 448, 1217, 26, 116, 32, 216, 230, 293, 745, 218, 575, 1187, 61, 203, 54, 978, 768, 987, 67, 435, 221, 858, 152, 446, 187, 226, 217, 120, 68, 1073, 312, 76, 870, 927, 985, 163, 440, 238, 737, 741, 404, 449, 1, 89]"
443,"[270, 257, 326, 285, 339, 11, 342, 308, 312, 293, 332, 747]","[322, 643, 677, 686, 357, 259, 174, 268, 306, 947, 38, 244]"
444,"[49, 750, 905, 299, 99, 911, 514, 312, 250, 274, 8, 244, 305, 327, 271, 268]","[915, 1482, 677, 270, 747, 257, 306, 285]"
445,"[1590, 474, 208, 958, 404, 173, 27, 345, 339, 78, 1142, 95, 1128, 901, 55, 150]","[596, 194, 409, 822, 627, 918, 203, 407, 122, 11, 762, 1244, 290, 120, 245, 49, 885, 149, 1186, 503, 86, 844, 828, 478, 843, 294, 479, 116, 247, 830, 1276, 146, 63, 1527, 880, 747, 312, 870, 543, 324, 594, 234, 907, 292, 22, 220, 309, 602, 1251, 275, 894, 323, 1600, 741, 1009, 99, 1597, 267, 54, 202, 272, 332, 8, 244, 6, 117, 761, 1096, 143, 236, 1011, 817, 207, 1007, 126, 751, 590, 180, 329, 839, 743, 1010, 1198, 643, 1080, 688, 301, 978, 459, 1013, 1050, 432, 1046, 288, 299, 256, 273, 297, 280, 326, 271, 545, 287, 507, 993, 1533, 248, 342, 92, 1066, 878, 1377, 270, 932, 1008, 1015, 182, 457, 0]"
446,"[268, 269, 301, 291, 886, 244, 320]","[331, 747, 882, 293, 879, 325, 310, 287, 887, 302, 327, 753, 687, 689, 333, 285, 300, 358, 326, 305, 267, 306, 878, 288, 337, 321, 299, 339, 298]"
447,"[120, 217, 68, 543, 147, 233, 99, 67, 299, 205, 759, 179, 90, 287, 132, 173, 590, 6, 182, 134, 257, 116, 641, 483, 482, 84, 962, 434, 203, 247, 146, 469, 88, 30, 149, 156, 175, 152, 95, 1141, 283, 468, 10, 143, 208, 297, 497, 97, 27, 55, 155, 1325, 292, 54, 1314, 232, 581, 289, 293, 12, 736, 227, 11, 24, 275, 534, 117, 1008, 222, 82, 180, 49, 470, 21, 264, 210, 951, 131, 236, 281]","[1033, 69, 822, 878, 251, 8, 747, 150, 230, 4, 677, 285, 110, 280, 446, 844, 404, 1131, 925, 0, 64, 980, 16, 1027, 1045, 741, 157, 596, 558, 366, 26, 1047, 814, 259, 628, 122, 221, 1015, 545, 865, 409, 226, 14, 256, 277, 199, 78, 200, 234, 174, 715, 273, 507, 410, 201, 23, 761, 473, 769]"
448,"[359, 261, 268, 291, 302, 883, 895, 749, 320, 339, 1601, 304, 901, 343, 270, 344, 318, 301, 257, 1061, 1021, 269]","[1293, 267, 315, 899, 337, 303, 332, 1175, 886, 285, 306, 300, 326, 873, 287, 311]"
449,"[970, 380, 136, 285, 1008, 1193, 223, 211, 292, 170, 1005, 275, 126, 169, 272, 701, 557, 752, 1366, 458, 178, 14, 243, 1371, 1403, 8, 1194, 268, 60, 58, 99, 935, 1141, 336, 247, 284, 1010, 1072, 59, 639, 474, 638, 461, 514, 85, 1004, 1009, 69, 197, 592]","[290, 281, 121, 1317, 545, 116, 104, 409, 472, 117, 982, 747, 309, 741, 762, 250, 287, 13, 543, 267, 273, 105, 212, 332, 119]"
450,"[469, 1146, 99, 141, 800, 215, 161, 143, 461, 738, 1268, 178, 37, 658, 1159, 565, 495, 386, 264, 1225, 182, 193, 901, 1262, 63, 941, 466, 1211, 96, 142, 582, 479, 560, 486, 1, 236, 38, 707, 494, 517, 109, 659, 151, 303, 519, 603, 641, 210, 846, 1445, 203, 903, 280, 525, 138, 522, 684, 477, 176, 741, 1043, 508, 88, 237, 836, 48, 175, 728, 69, 173, 1046, 476, 418, 581, 269, 6, 154, 11, 773, 487, 300, 467, 649, 0, 1019, 922, 1151, 100, 1049, 93, 271, 628, 224, 401, 735, 706, 612, 464, 746, 492, 9, 513, 1040, 450, 417, 610, 257, 904, 501, 791, 130, 55, 1191, 202, 192, 611, 98, 606, 126, 427, 377, 293, 468, 207, 289, 631, 662, 131, 750, 1038, 966, 471, 473, 481, 1260, 613, 91, 590, 384, 281, 304, 274, 194, 152, 864, 198, 310, 314, 356, 1171, 1400, 353, 53, 240, 206, 549, 636, 339, 505, 312, 1220, 691, 65, 646, 191, 135, 609, 506, 489, 509, 163, 734, 244, 841, 713, 301, 429, 1424, 685, 774, 311, 204, 80, 76, 920, 964, 25, 650, 1443, 97, 955, 184, 447, 168, 1152, 327, 420, 181, 162, 82, 186, 470, 238, 496, 965, 526, 273, 379, 315, 165, 124, 392, 844, 608, 1090, 1219, 78, 277, 968, 1247, 190, 454, 196, 85, 431, 286, 806, 50, 605, 1434, 760, 478, 704, 621, 89, 499, 201, 426, 480, 935, 1027, 502, 715, 125, 279, 291, 868, 475, 442, 225, 938, 607, 630, 166, 430, 601, 647, 214, 899, 656, 87, 116, 654, 268, 179, 793, 950, 567, 27, 632, 86, 167, 1302, 331, 2, 716, 556, 217, 498, 172, 160, 1118, 228, 415, 416, 504, 527, 569, 1114, 195, 132, 619, 309, 617, 299, 113, 510, 434, 747, 726, 925, 748, 283, 317, 967, 500, 306, 661, 95, 388, 49, 346, 229, 371, 180, 189, 101, 402, 220, 22, 42, 171, 385, 775, 518, 865, 32, 701, 1134, 484, 491, 1310, 1106, 587, 545, 391, 596, 212, 488, 695, 219, 811, 1296, 321, 110, 285, 723, 721, 615, 90, 698, 602, 60, 10, 422, 780, 520, 150, 58, 68, 1517, 404, 231, 503, 62, 627, 21, 355, 1420, 227, 169, 1125, 515, 1060, 398, 177, 583, 653]","[782, 57, 784, 383, 251, 678, 907, 1036, 1035, 761, 845, 777, 814, 399, 381, 1202, 709, 493, 558, 1091, 199, 366, 552, 28, 14, 64, 433, 1183, 727, 722, 688, 382, 144, 400, 156, 770, 287, 94, 153, 711, 226, 1221, 394, 59, 122, 12, 1478, 672, 939, 157, 1053, 133, 1029, 877, 1602, 764, 699, 927, 588, 872, 298, 380, 230, 483, 1032, 432, 1139, 789, 370, 557, 1401, 413, 282, 79, 221, 548, 34, 134, 3, 120, 1285, 524, 1047, 933, 70, 232, 140, 490, 1440, 660, 263, 730, 822, 534, 1207, 1270, 1115, 276, 66, 820, 708, 395, 529, 72, 111, 81, 372, 421, 831, 692, 1520, 1052, 714, 253, 209, 1162, 1281, 629, 222, 703, 482, 1283, 712, 187, 626, 335, 234, 733, 670, 344, 740, 117, 272, 75, 749, 1248, 259, 1196, 77, 618, 213, 570, 724, 456, 258, 43, 46, 600, 185, 497, 139, 755, 1111, 365, 414, 794, 24, 1479, 233, 731, 387, 1489]"
451,"[322, 293, 299, 242, 321, 330, 259, 983, 681, 269, 331, 936, 689, 335, 880, 287, 300, 332, 258, 876, 1264, 327, 1021, 328, 937, 878, 873, 306, 326, 334, 325, 885, 677, 323, 872, 747, 257, 875]","[288, 268, 881, 871, 359, 261, 682, 263, 318, 1391, 874, 456, 302, 748, 1392, 1295, 291, 1024, 298, 994, 241, 307, 686, 687, 1393, 1025, 336, 882, 262, 988, 679, 879, 285, 267, 304, 358, 883, 990, 324, 1279, 329, 1394, 680, 333, 987, 260, 877, 301, 305, 303, 357, 1294, 947, 886, 1037, 320, 884, 989, 244, 265]"
452,"[494, 190, 26, 88, 120, 68, 608, 804, 184, 596, 172, 791, 487, 970, 268, 170, 497, 482, 206, 1426, 683, 160, 96, 493, 647, 78, 490, 512, 242, 659, 530, 7, 167, 418, 635, 923, 509, 481, 187, 173, 285, 478, 169, 442, 63, 403, 426, 464, 489, 602, 422, 47, 153, 630, 946, 317, 155, 862, 658, 417, 179, 517, 65, 135, 196, 21, 193, 461, 180, 123, 85, 162, 495, 508, 6, 182, 44, 460, 855, 126, 471, 194, 69, 491, 525, 99, 606, 384, 944, 178, 480, 198, 49, 660, 14, 274, 152, 195, 514, 824, 1203, 75, 479, 163, 527, 171, 222, 209, 212, 97]","[24, 522, 1108, 151, 133, 735, 434, 640, 60, 505, 275, 200, 185, 501, 466, 1533, 13, 419, 553, 95, 215, 587, 202, 233, 516, 203, 457, 258, 613, 161, 59, 968, 98, 1088, 293, 110, 142, 484, 873, 186, 454, 623, 653, 1402, 429, 244, 431, 780, 210, 520, 779, 61, 72, 211, 614, 87, 201, 134, 728, 1382, 383, 51, 370, 57, 131, 529, 236, 814, 1012, 575, 662, 841, 82, 513, 500, 81, 22, 1056, 503, 624, 101, 264, 474, 473, 1254, 93, 519, 515, 526, 289, 287, 284, 76, 70, 455, 1409]"
453,"[420, 97, 247, 245, 696, 72, 6, 41, 187, 32, 10, 116, 171, 99, 267, 16, 275, 287, 67, 297, 155, 650, 173, 720, 470, 474, 49, 962, 68, 2, 508, 317, 156, 356, 209, 167, 222, 237, 1015, 257, 185, 11, 23, 93, 495, 21, 958, 409, 180, 692, 47, 195, 183, 422, 203, 514, 3, 353, 507, 749, 272, 789, 55, 281, 762, 236, 271, 201, 143, 54, 402, 66, 24]","[1031, 124, 355, 1156, 565, 230, 455, 411, 567, 153, 232, 96, 577, 383, 426, 233, 58, 415, 238, 213, 423, 78, 585, 142, 384, 400, 392, 590, 366, 654, 1016, 741, 157, 1229, 974, 363, 92, 870, 52, 76, 551, 121, 1169, 8, 48, 163, 1272, 253, 79, 627, 368, 131, 683, 549, 475, 401, 716, 225, 452, 84, 214, 98, 825, 731, 779, 796, 119, 940, 574, 226, 1144, 256, 81, 450, 451, 1036, 150, 228, 1302, 89, 651, 780, 1078]"
454,"[1062, 160, 486, 86, 478, 143, 314, 309, 173, 81, 87, 257, 256, 196, 99, 142, 650, 78, 49, 271, 325, 426, 567, 214, 95, 132, 249, 565, 209, 1106, 484, 96, 691, 495, 69, 317, 473, 57, 602, 27, 660, 117, 120, 315, 194, 418, 269, 190, 450, 519, 254, 68, 236, 878, 258, 527, 299, 525, 76, 21, 168, 292, 422, 203, 123, 278, 316, 65, 47, 479, 312, 366, 750, 7, 301, 731, 526, 63, 747]","[492, 181, 417, 632, 180, 483, 1298, 704, 285, 50, 163, 874, 1453, 944, 506, 377, 152, 606, 745, 244, 171, 172, 1002, 604, 518, 481, 195, 706, 322, 403, 233, 641, 10, 508, 1268, 685, 55, 735, 530, 630, 734, 489, 836, 684, 227, 202, 653, 247, 130, 433, 193, 654, 0, 11, 75, 967, 835, 276, 692, 739, 106, 356, 611, 355, 648, 453, 496, 1189, 72, 872, 477, 659, 434, 430, 413, 938, 210, 613, 88, 1034, 482, 288, 656, 1202, 391, 1104, 741, 693, 198, 161, 14, 133, 677, 658, 54, 184, 259, 955, 98, 960, 841, 97, 723, 384, 321, 113, 491, 116, 609, 192, 1125, 467, 135, 626, 464, 201, 221, 401, 282, 631, 971, 471, 311, 529, 146, 251, 470, 462, 284, 134, 237, 110, 485, 941, 370, 983, 497, 274, 686, 80, 610, 587, 94, 326, 605, 503, 603, 70, 987, 601, 510, 588, 386, 85, 131, 1088, 139]"
455,"[134, 292, 55, 342, 507, 646, 195, 160, 299, 172, 510, 1, 503, 203, 777, 256, 30, 125, 583, 276, 96, 427, 693, 173, 227, 514, 56, 401, 190, 222, 312, 264, 446, 938, 0, 196, 1196, 99, 517, 627, 274, 470, 474, 126, 8, 422, 63, 68, 746, 275, 269, 6, 240, 216, 97, 95, 1159, 94, 306, 548, 233, 117, 297, 659, 590, 7, 192, 448, 268, 120, 212, 146, 567, 434, 123, 49, 180, 549, 81, 199, 661, 941, 27, 182, 76, 462, 21, 371, 1166, 78, 171, 257, 285, 522, 163]","[628, 754, 281, 737, 723, 19, 333, 530, 213, 254, 596, 1173, 322, 581, 464, 69, 278, 320, 303, 528, 46, 691, 1136, 726, 221, 1264, 24, 244, 317, 897, 379, 23, 1033, 41, 316, 461, 64, 3, 57, 1135, 169, 287, 626, 1027, 404, 280, 300, 38, 124, 175, 86, 88, 70, 39, 677, 16, 933, 11, 708, 381, 291, 147, 392, 1170, 13, 251, 52, 288, 43, 236, 122, 1085, 454, 290, 143, 619, 229, 249, 238, 715, 14, 552, 923, 51, 769, 158, 580, 384, 743, 735, 10, 545, 116, 258]"
456,"[942, 661, 186, 707, 21, 962, 199, 2, 442, 478, 217, 67, 430, 497, 1477, 1018, 659, 176, 483, 1266, 56, 49, 1007, 68, 1167, 639, 167, 522, 60, 215, 91, 918, 59, 237, 720, 173, 169, 504, 41, 607, 409, 1323, 12, 431, 184, 507, 178, 958, 954, 1327, 94, 602, 489, 171, 921, 474, 345, 195, 210, 762, 134, 1009, 96, 52, 426, 267, 473, 356, 22, 418, 187, 179, 1058, 863, 505, 185, 581, 1546, 196, 1008, 31, 545, 124, 126, 1016, 1197, 460, 1080, 1133, 207, 432, 1019, 696, 951, 257, 484, 579, 746, 1106, 479, 288, 1603, 149, 55, 32, 771, 58, 213, 13, 482, 323, 1128]","[174, 714, 293, 447, 209, 273, 1247, 978, 567, 709, 446, 230, 79, 160, 0, 817, 736, 459, 932, 11, 422, 368, 672, 272, 984, 85, 221, 110, 580, 577, 461, 99, 448, 285, 132, 53, 1219, 100, 201, 281, 692, 742, 719, 1217, 181, 90, 695, 193, 324, 98, 227, 657, 70, 231, 805, 451, 671, 142, 225, 420, 844, 558, 8, 78, 1056, 120, 788, 233, 45, 413, 1221, 379, 180, 654, 365, 3, 402, 1239, 615, 394, 823, 381, 404, 97, 546, 549, 264, 401, 208, 543, 738, 366, 190, 1100, 587, 203, 93, 216, 1420, 792, 108, 1550, 128, 71, 228]"
457,"[181, 703, 635, 442, 191, 707, 365, 499, 526, 163, 57, 384, 155, 284, 824, 44, 78, 678, 52, 236, 726, 11, 3, 227, 473, 470, 47, 979, 630, 698, 435, 721, 454, 639, 741, 117, 126, 663, 218, 56, 65, 228, 281, 257, 1011, 53, 113, 156, 958, 379, 427, 19, 528, 63, 95, 231, 133, 14, 167, 217, 844, 402, 650, 482, 171, 30, 143, 229, 142, 548, 131, 43, 672, 173, 233, 506, 185, 55, 356, 371, 530, 99, 7, 264, 51, 424, 154, 508, 754, 461, 172, 553, 583, 447, 88, 469, 746, 654, 136, 738, 552, 190, 208, 567, 21, 1167, 49, 222, 58, 10, 26, 180, 82, 196, 76, 401, 303, 199, 416, 1038, 116, 202, 69, 194, 230, 791, 404, 731, 64, 631, 558, 628, 189, 587, 409, 472, 471, 175, 184, 179, 657, 13, 238, 449, 147, 215, 728, 8, 6, 1209, 160, 81, 840, 214, 317, 213, 769, 691, 161, 581, 708, 90, 96, 193, 192, 287, 203, 247, 182, 50, 195, 150, 377, 627, 565, 1118, 468, 370, 120, 221, 484, 955, 146, 27, 286, 24, 178, 153, 134, 209, 174, 275, 527, 366, 224, 124, 659, 68, 422, 46, 168, 159, 207, 251, 201, 132, 274, 0, 432, 87, 1220, 355, 237, 226, 450, 97]","[774, 242, 1029, 719, 757, 545, 948, 369, 870, 596, 240, 455, 239, 768, 394, 716, 1139, 104, 743, 475, 933, 372, 37, 410, 121, 110, 85, 452, 818, 622, 539, 755, 1036, 411, 451, 93, 782, 930, 234, 947, 256, 457, 1027, 392, 61, 400, 225, 1028, 387, 283, 675, 830, 144, 12, 1046, 119, 293, 694, 367, 385, 568]"
458,"[1100, 143, 647, 190, 317, 386, 529, 177, 318, 47, 516, 846, 938, 151, 12, 208, 791, 345, 11, 741, 1260, 955, 283, 85, 233, 181, 292, 316, 306, 1047, 236, 693, 8, 520, 752, 7, 662, 460, 179, 468, 31, 192, 407, 1069, 595, 126, 303, 472, 708, 286, 426, 123, 429, 168, 404, 191, 13, 178, 182, 588, 125, 749, 979, 587, 142, 525, 895, 194, 466, 207, 133, 643, 473, 202, 116, 57, 285, 272, 653, 22, 513, 95, 284, 843, 188, 743, 19, 189, 1066, 282, 297, 508, 186, 735, 631, 602, 128, 237, 459, 498, 203, 518, 483, 0, 1108, 301, 432, 512, 75, 630, 55, 474, 1038, 136, 198, 78, 275, 115, 274, 98, 51, 530, 968, 514, 82, 63, 482, 6, 434, 99]","[495, 173, 924, 320, 590, 409, 329, 49, 332, 422, 716, 287, 281, 951, 356, 56, 424, 1010, 244, 1337, 528, 277, 97, 650, 300, 581, 288, 120, 703, 695, 684, 596, 254, 545, 146, 180, 249, 27, 24, 1225, 734, 761, 844, 526, 959, 337, 20, 193, 96, 1334, 618, 68, 822]"
459,"[356, 321, 180, 845, 273, 120, 0, 221, 7, 863, 251, 21, 277, 254, 249, 299, 229, 741, 865, 14, 472, 1015, 290, 263, 147, 471, 173, 6, 1189, 163, 677, 116, 878, 747, 522, 814, 988, 171, 288, 285, 872, 1037, 258, 695, 618, 104, 49, 97, 293, 306, 126, 185, 270, 931, 925, 274, 256, 124]","[933, 595, 193, 1059, 215, 133, 357, 977, 824, 78, 281, 294, 2, 1046, 826, 410, 335, 146, 992, 596, 1039, 122, 219, 322, 831, 110, 119, 224, 686, 327, 18, 99, 332, 545, 968, 300, 1050, 331, 257, 1114, 259, 1038, 107, 567, 15, 248, 24, 244, 675, 650, 684, 454, 408, 234, 404, 476, 1013, 470, 1012, 297]"
460,"[326, 19, 285, 288, 145, 301, 310, 148, 13, 712, 675, 292, 220, 272, 247, 126, 306, 275, 241, 514, 1141, 284, 223, 312, 1066, 99, 136, 123, 311, 1010, 18, 305]","[9, 256, 743, 274, 296, 128, 531, 1114, 300, 321, 590, 6, 302, 252, 257, 293, 249, 0, 457, 1250, 1379, 846, 278, 116, 297, 1136, 320, 303, 287, 150, 8, 12, 244, 282, 1170, 869]"
461,"[1005, 312, 346, 284, 303, 8, 257, 326]","[49, 301, 258, 681, 320, 268, 120, 254, 318, 157, 241, 574, 293, 747, 304]"
462,"[681, 894, 288, 331, 320, 312, 309, 314, 287, 21, 299, 10, 271, 236, 291, 99, 865, 135, 325, 654, 872, 180, 321, 327]","[357, 677, 270, 258, 322, 329, 260, 538, 345]"
463,"[249, 310, 99, 284, 305, 126, 123, 220, 14, 243, 49, 812, 256, 115, 543, 6, 150, 125, 472, 1162, 1376, 1196, 267, 257, 19, 92, 750, 300, 507, 252, 282, 879, 886, 1283, 236, 301, 15, 18, 124, 590, 1114, 274, 312, 245, 739, 285, 689, 268]","[1131, 454, 949, 224, 23, 346, 241, 592, 20, 409, 9, 2, 102, 929, 863, 273, 987, 1382, 1163, 281, 248, 283, 1011, 148, 992, 1116, 13, 149, 688, 596, 740, 595, 1013, 361, 1604, 234, 12, 111, 287, 269, 116, 1032, 106, 476, 146, 951, 223, 471, 743, 247, 1243, 925, 1016, 318, 309, 120, 1066, 844, 869, 242, 136, 1059, 474, 818, 1605, 303, 24, 748, 270, 763, 0, 865, 1008, 110, 538, 275, 1027, 128, 891, 1006, 984, 935, 1215, 475, 1198]"
464,"[288, 268, 481, 299, 708, 332, 193, 704, 325, 115, 257, 1225, 300, 293, 747, 297, 878, 292, 175, 602, 320, 301, 15, 247, 263, 306, 298, 256, 254, 294, 519, 331, 291, 269, 514, 287, 509, 258, 478, 49, 11, 126]","[677, 357, 327, 180, 1597, 259, 285, 983, 1024, 321, 248]"
465,"[201, 113, 49, 476, 480, 587, 189, 63, 854, 285, 11, 190, 317, 193, 133, 174, 602, 86, 256, 477, 510, 257, 704, 135, 168, 0, 142, 55, 6, 7, 131, 356, 97, 844, 274, 512, 126, 407]","[215, 197, 108, 473, 299, 495, 524, 178, 27, 394, 583, 1077, 282, 96, 198, 179, 655, 21, 528, 637, 318, 474, 422, 31, 171, 180, 153, 173, 403, 614, 650, 99, 427, 280, 47, 527, 134, 150, 867, 928, 835, 834]"
466,"[180, 330, 171, 231, 545, 349, 332, 314, 881, 175, 356, 901, 116, 301, 384, 23, 343, 305, 209, 55, 95, 994, 272, 327, 257, 312, 143, 517, 21, 181, 291, 1175, 173, 907, 54, 287, 1606, 183, 49, 16, 898, 225, 908, 194, 259, 6, 240, 32, 683, 91]","[307, 353, 187, 264, 127, 348, 320, 565, 1312, 1, 333, 747, 681, 26, 549, 268, 650, 94, 182, 323, 897, 872, 454, 88, 86, 567, 126, 61, 293, 325, 78, 230, 884, 345, 267, 326, 404, 10, 67, 97, 186, 81, 894, 172, 3, 299, 678, 402, 509, 120, 160]"
467,"[49, 149, 108, 267, 287, 256, 99, 1141, 123, 107, 1015, 6, 275, 297, 92, 272, 326, 245, 0, 474, 9, 268, 23, 1225, 292, 126, 1058, 301]","[1016, 761, 263, 239, 247, 339, 454, 116, 741, 248, 918, 1011, 1010, 257, 180, 221]"
468,"[460, 1007, 208, 68, 506, 70, 282, 497, 3, 115, 468, 22, 12, 257, 284, 250, 136, 131, 181, 97, 434, 7, 474, 611, 292, 602, 18, 691, 356, 427, 256, 661, 274, 14, 422, 213, 855, 221, 172, 55, 199, 143, 1011, 177, 156, 110, 654, 194, 21, 24, 149, 190, 120, 461, 57, 245, 94, 171, 41, 99, 723, 95, 191, 366, 169, 96, 179, 0, 46, 215, 11, 296, 152, 317, 426, 49, 173, 81, 962, 134, 583, 1069, 88, 507, 530, 646, 247, 285, 954, 431, 217, 203, 90, 123, 142, 54, 1133, 771, 126, 43, 236, 63, 8]","[925, 641, 38, 543, 404, 741, 293, 30, 50, 410, 248, 320, 1167, 581, 180, 825, 272, 158, 159, 1013, 1050, 69, 237, 371, 376, 125, 6, 1015, 698, 117, 470, 528, 951, 116, 64, 23, 4, 160, 225, 942]"
469,"[512, 854, 498, 483, 609, 135, 640, 152, 604, 529, 193, 133, 9, 1557, 172, 922, 704, 126, 653, 494, 482, 655, 214, 610, 63, 305, 581, 510, 489, 519, 285, 473, 64, 198, 506, 602, 167, 151, 606, 237, 509, 486]",[160]
470,"[474, 823, 545, 92, 220, 292, 18, 287, 49, 124, 283, 99, 117, 507, 457, 1066, 149, 282, 470, 256, 12, 180, 275, 8, 285, 257, 1133, 304, 276, 741]","[1096, 293, 543, 267, 918, 949, 245, 951, 294, 812, 136, 284, 846, 247, 0, 234, 6, 359, 1083, 318, 128, 272, 873, 221, 290, 326, 123]"
471,"[94, 139, 476, 93, 0, 7, 101, 421, 931, 877, 464, 224, 81, 392, 171, 1218]","[595, 98, 587, 417, 968, 150, 500, 49, 767, 403, 419, 431, 70, 626, 945]"
472,"[400, 10, 192, 257, 167, 448, 1010, 232, 688, 939, 117, 755, 249, 624, 231, 180, 1090, 399, 119, 194, 762, 746, 681, 317, 608, 379, 26, 567, 738, 254, 364, 1468, 140, 410, 1094, 134, 577, 216, 551, 474, 719, 1247, 287, 742, 2, 558, 632, 754, 657, 1118, 48, 1052, 454, 0, 37, 560, 430, 176, 228, 654, 472, 747, 361, 929, 195, 416, 122, 745, 369, 566, 476, 217, 203, 377, 714, 233, 1035, 71, 549, 750, 540, 1227, 65, 770, 227, 89, 72, 184, 55, 664, 6, 67, 1089, 767, 253, 342, 182, 11, 120, 40, 27, 927, 568, 372, 575, 1109, 68, 50, 270, 312, 28, 62, 391, 239, 100, 1046, 1057, 889, 1073, 894, 225, 1001, 671, 1034, 238, 42, 63, 185, 779, 172, 81, 1, 209, 131, 322, 171, 1238, 495, 545, 108, 596, 93, 809, 385, 173, 741, 442, 32, 561, 259, 214, 357, 23, 160, 795, 1013, 174, 78, 374, 759, 659, 431, 404, 366, 402, 365, 229, 1078, 221, 124, 256, 425, 1138, 251, 677, 66, 420, 230, 1214, 565, 471, 422, 175, 226, 190, 293, 650, 264, 199, 90, 21, 213, 824, 401, 384, 830, 553, 915, 142, 580, 99, 215, 207, 602, 234, 49, 337, 865, 201, 418, 61, 1028, 548, 95]","[876, 825, 930, 976, 1209, 150, 684, 70, 757, 87, 500, 394, 373, 96, 367, 98, 392, 354, 116, 3, 79, 950, 789, 923, 945, 417, 587, 583, 383, 484, 20, 547, 833, 576, 77, 403, 390, 539, 121, 1033, 464, 415, 149, 139, 104, 263, 94, 355, 419]"
473,"[272, 1128, 256, 275, 292, 1141, 267, 115, 24, 136, 274, 255, 8, 13, 302, 123, 301, 128, 1006, 245, 1142, 474, 284, 126, 149]","[812, 546, 9, 507, 6, 326, 320, 318, 241, 19]"
474,"[7, 479, 527, 175, 517, 734, 660, 51, 179, 133, 316, 483, 99, 473, 160, 315, 648, 190, 135, 47, 76, 75, 264, 78, 645, 505, 321, 292, 1008, 116, 706, 171, 233, 284, 497, 195, 209, 495, 528, 180, 480, 243, 10, 198, 1122, 617, 41, 1171, 182, 236, 170, 345, 516, 492, 194, 193, 1049, 632, 494, 602, 215, 520, 169, 202, 134, 707, 172, 462, 460, 652, 683, 418, 131, 70, 6, 502, 482, 257, 91, 965, 97, 640, 847, 379, 922, 177, 614, 191, 220, 120, 86, 174, 275, 98, 488, 1044, 14, 208, 226, 962, 788, 512, 434, 641, 498, 237, 281, 210, 696, 214, 970, 11, 251, 68, 1420, 698, 69, 603, 600, 13, 613, 217, 415, 290, 663, 211, 510, 44, 496, 181, 691, 513, 526, 485, 49, 85, 506, 518, 658, 25, 647, 206, 461, 944, 477, 524, 115, 88, 178, 474, 791, 355, 22, 87, 192, 659, 565, 301, 63, 21, 708, 413, 519, 204, 247, 384, 627, 529, 12, 149, 140, 583, 942, 130, 509, 525, 312, 57, 314, 285, 650, 96, 65, 938, 606, 656, 489, 433, 490, 615, 187, 468, 1010, 466, 173, 95, 736, 923, 185, 196, 610, 317, 467, 110, 654, 514, 504, 186, 254, 283, 212, 126, 581, 356, 221, 478, 422, 486, 608, 607, 955, 649, 3, 136, 653, 1199, 522, 503, 203, 24, 651, 1220, 662, 184, 54, 27, 426, 142, 484, 1123, 430, 377, 1062, 728, 125, 8, 491, 548, 508, 447, 646, 46, 380, 404, 30, 55, 123]","[601, 409, 67, 735, 1013, 1027, 920, 704, 487, 256, 552, 609, 507, 743, 755, 675, 60, 695, 71, 590, 197, 995, 297, 417, 282, 381, 1517, 72, 1019, 82, 1015, 274, 1112, 59, 288, 616, 604, 273, 207, 106, 167, 229, 684, 835, 43, 287, 435, 1133, 469, 325, 429, 199, 293, 470, 747, 670, 928, 1285, 322, 420, 481, 258, 677, 629, 150, 605, 342, 410, 58, 189]"
475,"[99, 346, 315, 258, 380, 314, 901, 69, 49, 126, 268, 326, 305]","[285, 312, 257, 353, 538, 302, 301]"
476,"[714, 791, 203, 71, 764, 780, 733, 1073, 327, 32, 41, 174, 193, 208, 709, 210, 287, 185, 789, 215, 342, 201, 167, 647, 654, 66, 25, 238, 87, 172, 299, 3, 207, 55, 72, 392, 244, 267, 383, 429, 200, 432, 209]","[1036, 231, 1187, 237, 943, 584, 747, 62, 434, 889, 711, 1117, 366, 385, 82, 998, 1035, 79, 84, 1270, 691, 737, 1179, 293, 578, 65, 745, 731, 93, 318, 46, 89, 400, 779, 450, 398, 939, 324, 958, 69]"
477,"[814, 279, 780, 708, 14, 87, 254, 24, 723, 35, 288, 777, 552, 731, 281, 1040, 755, 1050, 368, 730, 89, 236, 845, 721, 48, 19, 293, 793, 738, 545, 274, 110, 273, 450, 65]",[]
478,"[142, 317, 150, 683, 275, 187, 47, 495, 80, 738, 287, 78, 380, 426, 97, 517, 92, 762, 411, 236, 215, 356, 254, 136, 41, 167, 1100, 339, 1047, 64, 958, 25, 450, 567, 842, 615, 0, 974, 466, 446, 366, 11, 10, 201, 282, 194, 392, 63, 761, 177, 149, 203, 14, 181, 143, 709, 123, 99]","[121, 672, 49, 281, 865, 353, 657, 603, 16, 368, 402, 1520, 349, 22, 218, 391, 160, 217, 144, 40, 468, 27, 110, 71, 742, 237, 230, 1269, 68, 159, 299, 195, 654, 221, 409, 6, 133, 1220, 39, 76, 326, 590, 67, 945, 152, 95, 707, 70, 779, 1040, 234, 231, 868, 432, 31]"
479,"[227, 27, 167, 173, 247, 527, 134, 54, 87, 639, 163, 435, 229, 654, 404, 210, 615, 488, 143, 522, 49, 462, 181, 1038, 420, 174, 57, 499, 631, 126, 120, 303, 100, 180, 189, 878, 0, 194, 256, 152, 175, 209, 482, 281, 78, 208, 731, 81, 196, 69, 184, 944, 172, 212, 182, 273, 282, 478, 327, 257, 171, 317, 726, 107, 176, 269, 1006, 510, 271, 186, 601, 197, 264, 95, 110, 509, 88, 750, 650, 454, 179, 1141, 30, 525, 94, 203, 7, 200, 508, 479, 914, 221, 430, 21, 272, 136, 356, 473, 156, 407, 168, 608, 489, 195, 201, 198, 470, 150, 469, 233, 497, 646, 199, 249, 237, 135]","[679, 930, 324, 285, 1012, 421, 160, 70, 747, 384, 1243, 121, 751, 132, 53, 254, 117, 1015, 839, 116, 287, 248, 357, 297, 738, 691, 215, 225, 265, 534, 260, 96, 146, 178, 99, 188, 323, 240, 397, 294, 587, 355, 187, 280, 214, 471, 1607, 23, 379, 687, 603, 263, 1443, 422, 628, 565, 147, 545, 293, 1027, 65, 299, 192, 669, 830, 755, 484, 202, 31, 583, 334, 985, 234, 142, 153, 337, 14, 204, 61, 402, 474, 130, 251, 339, 495, 270]"
480,"[189, 182, 202, 614, 173, 233, 509, 516, 190, 165, 641, 164, 7, 113, 602, 503, 95, 88, 212, 208, 461, 704, 660, 1006, 478, 510, 1387, 256, 862, 271, 99, 11, 442, 49, 526, 1120, 78, 653, 151, 484, 55, 301, 168, 97]","[174, 171, 482, 318, 346, 297, 264, 236, 126, 257, 63, 293, 196, 184, 248, 207]"
481,"[209, 312, 595, 523, 506, 434, 513, 215, 237, 647, 658, 504, 691, 97, 1038, 426, 152, 189, 49, 429, 282, 99, 162, 85, 172, 478, 203, 69, 321, 483, 251, 197, 497, 579, 662, 87, 180, 198, 201, 190, 143, 499, 210]","[317, 1088, 65, 41, 649, 366, 779, 3, 196, 677, 206, 392, 7]"
482,"[987, 297, 256, 300, 310, 126, 268, 747, 49, 244, 327, 293, 312]","[320, 288, 294, 875, 314, 880, 345, 287, 242, 285, 248, 257, 681]"
483,"[180, 274, 108, 0, 229, 449, 1151, 273, 282, 49, 514, 172, 227, 257, 675]","[236, 143, 899, 461, 249, 248, 448, 312, 270, 276, 404, 285, 198, 611, 537, 364, 11, 19, 106, 431, 269, 98, 196, 194, 179, 228, 115, 379, 479, 317, 581, 289, 150, 120, 256, 742, 509, 221, 100, 67, 8, 472, 226, 90]"
484,"[549, 69, 194, 299, 553, 140, 95, 754, 650, 264, 227, 462, 559, 777, 925, 878, 93, 233, 257, 0, 201, 317, 68, 55, 292, 923, 587, 49, 509, 14, 142, 624, 134, 247, 450, 664, 150, 226, 249, 96, 143, 238, 398, 822, 256, 229, 430, 167, 654, 312, 203, 404, 72, 172, 50, 391, 745, 691, 110, 180, 221, 97, 135, 81, 293, 698, 6, 426, 215, 149, 78, 228, 384, 173, 471, 27, 448, 273, 418, 1, 87, 182, 210, 152, 21, 116, 175, 225, 565, 470, 1015, 719, 683, 232, 3, 731, 120, 13, 86, 196, 160, 88, 171, 185, 94, 124, 37, 422, 467, 209]","[234, 24, 52, 342, 596, 254, 121, 421, 577, 251, 8, 567, 561, 848, 678, 274, 23, 828, 70, 314, 236, 28, 230, 950, 414, 741, 929, 392, 240]"
485,"[340, 312, 302, 268, 345, 241, 888, 301]","[288, 346, 306, 537, 293, 244, 287, 320, 325, 318, 329, 327, 747, 310, 300, 285, 344, 751]"
486,"[470, 822, 220, 286, 5, 275, 1201, 1513, 1092, 284, 871, 299, 257, 126, 765, 761, 459, 6, 180, 12, 886, 236, 110, 92, 507, 934, 123, 1128, 474, 13, 136, 274, 879, 247, 128, 1196, 590, 9, 1010, 0, 844, 994, 1597, 300, 1225, 1136, 949, 514, 8, 323, 296, 287, 302, 241, 268, 250, 543, 888, 291, 404, 24, 49, 99, 278, 531, 1141, 107, 812, 301, 1404]","[845, 14, 1013, 688, 146, 475, 619, 873, 320, 689, 993, 881, 256, 817, 122, 2, 285, 716, 596, 885, 717, 124, 145, 269, 330, 335, 120, 219, 1588, 1078, 298, 747, 108, 1016, 935, 249, 304, 695, 1133, 283, 281, 878, 1271, 863, 294, 594, 1368, 321, 1374, 235, 272, 254, 276, 627, 332, 1085, 1170, 1081, 297, 149, 1119, 19, 331, 116, 1301, 318, 974, 244, 150, 1093, 1046, 326, 234, 263, 261, 923, 1378, 1321, 677, 741, 1608, 279, 740, 20, 303, 305, 15, 925, 1175, 830, 407, 684, 267, 288, 918, 882, 546, 1610, 105, 712, 324, 1015, 457, 1142, 458, 147, 306, 292, 293, 472, 221, 327, 280, 1609, 245, 824, 243, 545, 251]"
487,"[55, 279, 596, 469, 473, 75, 292, 657, 120, 500, 671, 116, 171, 231, 236, 709, 11, 135, 264, 44, 86, 187, 548, 160, 734, 68, 214, 193, 293, 94, 195, 201, 3, 731, 287, 194, 67, 297, 1034, 793, 182, 98, 401, 78, 747, 127, 844, 2, 180, 173, 299, 683, 955, 132, 205, 1018, 27, 920, 91, 272, 190, 159, 954, 685, 96, 238, 95, 741, 229, 402, 650, 215, 403, 48, 746, 0, 1015, 422, 377, 87, 81, 1439, 565, 30, 54, 256, 355, 281, 257, 651, 175, 271, 49, 143, 99, 626, 124, 691, 269, 832, 1409, 1424, 57, 587, 65, 595, 712, 149, 221, 627, 391, 155, 782, 801, 398, 965, 63, 745, 384, 719, 23, 97, 567, 26, 273, 300, 203, 21, 404, 209, 392, 177, 1219, 788, 10, 172, 1208]","[1043, 454, 938, 1187, 251, 275, 931, 738, 217, 42, 139, 254, 142, 540, 678, 819, 1216, 80, 72, 226, 259, 585, 539, 37, 1243, 767, 778, 366, 461, 977, 780, 410, 225, 619, 1445, 418, 110, 822, 411, 470, 16, 332, 684, 549, 41, 577, 726, 346, 789, 771, 1, 24, 285, 76, 940, 431, 1010, 571, 317, 365, 248, 70, 1073, 1275, 590, 47, 288, 545, 258, 178, 379, 247, 808, 688, 230, 558, 840, 52, 430, 66, 348, 228, 802, 196, 1313, 84, 69, 339, 93, 425, 61, 824, 312, 290]"
488,"[509, 747, 433, 197, 467, 490, 227, 661, 332, 519, 185, 209, 27, 8, 198, 86, 175, 510, 202, 221, 21, 207, 384, 82, 63, 132, 110, 495, 182, 210, 257, 499, 184, 428, 97, 264, 775, 691, 327, 611, 514, 1038, 134, 317, 180, 167, 356, 731, 49, 189, 1049, 68, 303, 525, 172, 233, 135, 14, 293, 741, 753, 238, 214, 485, 177, 88, 96, 78, 650, 222, 126, 30, 299, 204, 173, 745, 81, 632, 55, 704]","[479, 567, 32, 404, 57, 153, 473, 179, 291, 654, 484, 604, 199, 242, 418, 258, 844, 69, 298, 99, 520, 522, 7, 186, 879, 259, 229, 1024, 171, 482, 10, 237, 889, 195, 95, 658, 513, 723, 413, 206, 492, 163, 268, 244, 357, 706, 497, 0, 526, 181, 288, 750, 190, 477, 417, 196, 143, 677, 872, 321, 152, 588, 285, 192, 508, 287, 131, 133, 320, 215, 161, 322, 491, 70]"
489,"[1292, 291, 1237, 309, 270, 271, 342, 330, 301, 907, 681, 354, 333, 329, 688, 538, 1242, 263, 269, 265, 1024, 339, 679, 285, 314, 307, 326, 242, 325, 751, 324, 1611, 312, 357, 315, 287, 677, 747, 332, 257, 352, 331, 537, 750, 1612, 889, 749, 901, 348, 302, 884, 753, 345, 350, 321, 322, 748, 894, 359, 346, 358, 983, 327, 299, 306, 878]","[341, 288, 320, 880, 456, 262, 680, 877, 990, 871, 686, 259, 872, 882, 300, 987, 293, 258, 988, 260, 874, 886, 873, 303, 891, 1279, 318, 267, 947, 1264, 338, 323, 268, 244, 298, 896, 337, 879, 687, 311, 875, 897, 682]"
490,"[8, 1127, 123, 149, 454, 1385, 92, 474, 180, 49, 301, 740, 918, 409, 126, 23, 546, 108]","[0, 332, 283, 992, 256, 122, 763, 125, 14, 236, 272, 297, 257, 595, 514, 276, 285, 150, 6, 472, 925, 223, 292, 1066, 136, 245, 116, 846, 291, 99, 1382, 117, 951, 254, 288, 986, 1011, 221, 457]"
491,"[474, 44, 18, 656, 272, 189, 339, 899, 284, 235, 257, 128, 123, 99, 285, 512, 115, 653, 407, 492, 11, 683]","[1280, 6, 695, 236, 283, 318, 126, 22, 293, 324, 13]"
492,"[317, 491, 126, 123, 510, 63, 186, 922, 522, 82, 285, 290, 530, 284, 241, 136, 204, 653, 527, 99, 192, 55, 526, 152, 473, 520, 1097]","[1020, 482, 96, 184, 85, 185, 68, 211, 656, 771, 478, 130, 133, 481, 191, 1146, 220, 44, 513, 649, 198, 650, 461, 274, 171, 477, 698, 1120]"
493,"[283, 761, 68, 750, 60, 251, 430, 120, 81, 99, 878, 95, 209, 651, 179, 545, 249, 174, 78, 527, 526, 1277, 326, 745, 264, 762, 97, 317, 171, 190, 114, 175, 149, 94, 49, 257, 272, 55, 58, 180, 116, 47, 454, 482, 64, 170, 21, 208, 195, 692, 403, 356, 70, 596, 409, 187, 683, 182, 238, 549, 646, 200, 322, 287, 299, 327, 167, 181, 172, 23, 153, 117, 233, 256, 337, 1015, 357, 203, 24, 108, 185, 88, 207, 434, 273, 332, 248]","[221, 422, 885, 10, 924, 155, 410, 297, 234, 342, 686, 1125, 126, 274, 753, 6, 263, 741, 11, 237, 270, 875, 194, 59, 259, 404, 889, 191, 474, 90, 123, 0, 461, 368, 150, 173, 805, 133, 677, 1087, 1012, 973, 880, 316, 958, 169, 832, 261]"
494,"[63, 182, 236, 198, 190, 106, 193, 125, 49, 506, 99, 173, 923, 14, 426, 221, 293, 356, 64, 97, 285, 120, 844, 180, 142, 299, 237, 497, 203, 126, 662, 706]","[0, 747, 288, 321, 8, 1196, 478, 527, 85, 513, 357, 328, 322, 602, 244]"
495,"[173, 166, 70, 152, 477, 412, 796, 126, 139, 229, 378, 55, 450, 199, 234, 215, 67, 171, 108, 221, 641, 216, 391, 1109, 162, 615, 565, 580, 403, 1182, 469, 506, 1134, 1118, 741, 213, 503, 649, 388, 464, 87, 49, 281, 356, 495, 226, 146, 167, 704, 287, 478, 183, 194, 1117, 144, 53, 150, 446, 227, 63, 97, 683, 1045, 156, 434, 1468, 422, 89, 218, 415, 10, 943, 185, 160, 430, 504, 264, 522, 100, 187, 731, 203, 175, 225, 432, 180, 471, 558, 131, 233, 78, 402, 1207, 448, 143, 201, 172, 120, 85, 795, 231, 119, 1244, 178, 1078, 510, 224, 520, 182, 431, 181, 95, 184, 81, 1541, 1156, 210, 490, 377, 1187, 632, 654, 417, 209, 581, 661, 76, 738, 968, 232, 207, 8, 1262, 1206, 447, 153, 0, 217, 239, 392, 589, 1038, 572, 1090]","[138, 673, 88, 657, 390, 1443, 43, 28, 628, 132, 52, 161, 500, 61, 830, 1418, 68, 678, 200, 549, 83, 670, 190, 574, 1, 769, 842, 621, 923, 451, 443, 1181, 228, 142, 789, 401, 659, 90, 230, 767, 384, 154, 94, 385, 157, 394, 416, 420, 3, 379, 93, 664, 195, 497, 66, 79, 630, 635, 567, 54, 575, 1132, 418, 134, 576, 636, 440, 577, 1115]"
496,"[317, 726, 920, 41, 10, 86, 38, 180, 624, 6, 527, 773, 132, 531, 431, 245, 560, 88, 32, 49, 172, 1458, 171, 190, 432, 97, 95, 55, 185, 267, 9, 651, 173, 276, 482, 558, 720, 189, 21, 194, 67, 205, 216]","[141, 63, 525, 131, 1073, 182, 155, 632, 96, 379, 153, 1132, 37, 1400, 1443, 745, 1472, 419, 140, 135, 134, 221, 1062, 98, 508, 16, 479, 228, 227, 658, 76, 377, 553, 417, 163, 1613, 1138, 824, 157, 142, 52, 355, 203, 226, 1285, 1059, 484, 108, 420, 1228, 606, 392, 483, 416, 146, 468, 742, 287, 149, 960, 841, 494, 704, 650, 27, 770, 93, 167, 154, 1156, 495, 442, 505, 195, 698, 251, 425, 415, 332, 150, 1090, 1040, 660, 87, 418, 659]"
497,"[259, 942, 381, 257, 99, 81, 587, 100, 548, 55, 70, 160, 216, 167, 654, 78, 256, 173, 1015, 267, 88, 747, 239, 2, 549, 126, 97, 407, 144, 770, 454, 24, 394, 430, 1209, 577, 723, 186, 152, 740, 745, 185, 172, 113, 108, 650, 94, 18, 182, 272, 23, 117, 247, 357, 398, 372, 69, 715, 558, 163, 95, 474, 1239, 201, 651, 0, 180, 174, 194, 96, 1076, 392, 188, 11, 89, 61, 209, 168, 21, 28, 366, 293, 175, 945, 401, 67, 110, 127, 540, 773, 32, 238, 738, 371, 155, 171, 143, 387, 41, 248, 176, 264, 49, 120, 181, 583]","[233, 839, 1184, 226, 362, 565, 464, 30, 539, 241, 574, 626, 779, 251, 507, 656, 273, 569, 187, 384, 863, 764, 801, 151, 229, 86, 93, 1554, 76, 98, 1041, 227, 53, 500, 561, 104, 1406, 196, 385, 297, 721, 154, 691, 719, 12, 249, 782, 1156, 37, 406, 624, 66, 1051, 138, 791, 809, 228, 380, 38, 402, 411, 383, 807, 1418, 808, 451, 678, 1091, 404, 999, 644, 1046, 939, 1, 780, 79, 287, 525, 509, 107, 71, 184, 720, 221, 1302, 417, 1227, 730, 121, 27, 544, 193, 567, 596, 576, 65, 224, 203, 10, 324, 602, 848, 422, 162, 1176, 551, 796, 207, 232, 419, 757, 1029, 290, 166, 450, 471, 589, 789, 431, 363, 552, 628, 3, 236, 724, 48, 449, 6, 82, 718, 683, 230, 1045, 393, 439, 1414, 825, 52, 664, 140, 768, 122, 215, 150, 432, 950, 199, 415, 621, 440, 231, 742, 943, 90, 568, 54, 412, 62, 416, 804, 794, 390, 448, 925, 927, 1040, 1614, 641, 72, 299, 225, 183, 762]"
498,"[190, 191, 126, 186, 473, 196, 1102, 31, 11, 514, 651, 918, 181, 511, 590, 22, 97, 627, 1141, 49, 58, 60, 524, 557, 150, 483, 202, 602, 185, 159, 447, 513, 182, 155, 52, 88, 674, 292, 463, 174, 167, 921, 663, 9, 184, 662, 479, 134, 516, 233, 178, 189, 13, 63, 268, 429, 237, 179, 336]","[474, 175, 53, 521, 257, 1425, 488, 10, 301, 227, 537, 217, 170, 1082, 1421, 1006, 163, 143, 1130, 339, 1285, 547, 648, 932, 1069, 120, 270, 984, 482, 274, 201, 287, 135, 209, 55, 221, 211, 886, 593, 442, 606, 171, 805, 424, 446, 630, 136, 434, 78, 753, 380, 448, 553, 692, 1160, 261, 82, 123, 1072, 228, 655, 149, 485, 771, 203, 108, 495, 530, 672, 8, 133, 316, 173, 422, 180, 508, 656, 236, 409, 461, 6, 250, 478, 99, 267, 1403, 526, 264, 76, 1494]"
499,"[510, 311, 346, 513, 214, 741, 462, 426, 749, 206, 182, 175, 135, 650, 86, 201, 317, 1301, 1100, 7, 656, 68, 515, 691, 126, 271, 356, 901, 299, 482, 131, 886, 193, 689, 520, 250, 96, 306, 300, 483, 11, 197, 312, 473, 192, 6, 190, 152, 529, 662, 885, 256, 526, 587, 207, 165, 428, 914, 172, 524, 97, 897, 164, 54, 327, 204, 523, 99, 646, 55]","[209, 663, 180, 237, 481, 660, 10, 212, 413, 176, 538, 325, 878, 181, 270, 156, 274, 294, 604, 49, 519, 496, 116, 485, 424, 429, 623, 142, 518, 1482, 257, 173]"
500,"[110, 1011, 835, 970, 468, 115, 29, 222, 163, 639, 0, 528, 521, 318, 215, 420, 174, 82, 1110, 1615, 275, 55, 2, 88, 69, 497, 207, 178, 844, 1325, 41, 38, 1007, 516, 195, 234, 257, 1225, 728, 380, 128, 60, 245, 96, 297, 707, 87, 638, 404, 1008, 463, 44, 474, 134, 513, 249, 267, 97, 610, 558, 568, 478, 708, 71, 963, 508, 58, 1384, 7, 201, 470, 216, 281, 99, 1159, 8, 237, 761, 68, 299, 734, 1165, 182, 59, 531, 116, 442, 30, 482, 15, 581, 294, 1194, 6, 408, 133, 167, 288, 169, 461, 357, 424, 81, 1314, 1068, 370, 48, 12, 92, 545, 1009]","[780, 158, 664, 1046, 293, 243, 57, 236, 552, 132, 738, 1162, 385, 286, 1013, 826, 142, 814, 171, 274, 119, 315, 661, 720, 27, 251, 1323, 583, 534, 254, 659, 283, 124, 303, 698, 146, 713, 42, 987, 324, 929, 741, 43, 1017, 61, 180, 995, 530, 475, 567, 24, 273, 14, 392, 618, 1440, 395, 774, 117, 210, 411, 203, 447, 280, 49, 233, 284, 256, 779, 386, 300, 471, 767, 282, 209, 93, 76, 820, 406, 244, 830, 120, 726, 285, 369, 150, 410, 1310, 551, 1047, 918, 739, 754, 327, 214, 1134, 1468, 9, 312, 173, 248, 422, 556, 553, 121, 160, 366, 845, 181, 762, 401, 1056, 241, 382]"
501,"[306, 323, 150, 126, 1533, 297, 843, 281, 180, 236, 128, 116, 292, 474, 507, 256, 287, 123, 1006, 409, 6, 1066, 1009, 921, 839, 740, 341, 368, 590, 545, 12, 404, 951, 1010, 120, 410, 121, 99, 1013, 107, 221, 695, 275, 543, 272, 92, 1096, 627, 247, 149]","[24, 1277, 248, 405, 455, 312, 117, 124, 146, 844, 684, 23, 110, 220, 1080, 596, 978, 293, 828, 677, 927, 273, 244]"
502,"[337, 357, 332, 341, 894, 686, 287, 270, 342, 312, 327, 322, 681, 306]","[891, 300, 682, 293, 878, 889, 538, 892, 677, 679, 299, 750, 349, 257, 680, 258, 242, 269, 263, 260, 262, 753, 265]"
503,"[180, 68, 658, 899, 193, 126, 172, 136, 312, 87, 606, 240, 96, 560, 381, 487, 232, 653, 713, 245, 19, 175, 777, 44, 133, 429, 1193, 247, 497, 478, 167, 204, 317, 557, 185, 481, 386, 296, 209, 215, 484, 49, 1316, 274, 18, 9, 426, 450, 131, 614, 442, 69, 503, 284, 132, 739, 165, 422, 431, 267, 46, 24, 0, 706, 212, 276, 1474, 225, 233, 735, 292, 129, 693, 57, 78, 488, 173, 182, 495, 268, 222, 581, 305, 483, 198, 545, 220, 189, 355, 196, 97, 99, 236, 346, 123, 210, 171, 85, 962, 302, 380, 115, 43, 282, 82, 184, 7, 683, 632, 186, 508]","[1315, 163, 53, 401, 280, 181, 152, 384, 513, 746, 404, 203, 415, 155, 120, 434, 639, 37, 525, 839, 124, 728, 279, 320, 602, 752, 701, 738, 661, 25, 318, 451, 13, 285, 731, 11, 743, 462, 502, 12, 822, 948, 223, 1008, 65, 474, 528, 579, 691]"
504,"[162, 545, 65, 806, 71, 677, 1262, 580, 413, 754, 401, 214, 198, 196, 280, 933, 74, 142, 403, 528, 287, 76, 692, 1134, 27, 1003, 95, 132, 24, 294, 70, 715, 1135, 615, 131, 415, 371, 116, 93, 257, 81, 1438, 50, 654, 1420, 150, 209, 53, 67, 256, 37, 498, 96, 698, 722, 179, 578, 97, 384, 4, 317, 322, 542, 194, 211, 217, 526, 659, 222, 161, 309, 207, 68, 478, 941, 3, 447, 650, 630, 410, 64, 484, 960, 489, 52, 1083, 446, 1276, 39, 244, 195, 505, 408, 1049, 398, 391, 290, 627, 356, 297, 210, 1045, 968, 938, 516, 716, 126, 306, 1146, 173, 329, 1089, 215, 728, 475, 184, 628, 440, 558, 927, 281, 224, 355, 381, 845, 594, 619, 43, 611, 120, 160, 291, 503, 502, 504, 972, 734, 199, 213, 675, 453, 8, 704, 513, 448, 321, 167, 99, 621, 560, 461, 153, 124, 247, 299, 741, 422]","[178, 369, 1436, 193, 117, 416, 718, 1441, 402, 1507, 275, 418, 1414, 971, 442, 233, 419, 203, 49, 566, 185, 383, 62, 427, 236, 395, 166, 562, 182, 584, 622, 1109, 83, 55, 727, 57, 1029, 1132, 451, 536, 1521, 1040, 105, 385, 1443, 140, 392, 69, 87, 631, 89, 101, 464, 237, 730, 218, 1209, 724, 98, 141, 1117, 293, 138, 772, 525, 239, 439, 450, 632, 417, 186, 175, 574, 204, 363, 201, 833, 180, 157, 790, 663, 121, 755, 1036, 547, 666, 154, 400, 738, 399, 152, 1092, 370, 66]"
505,"[139, 590, 98, 244, 497, 467, 65, 270, 401, 87, 175, 198, 264, 331, 202, 377, 552, 422, 132, 95, 163, 495, 525, 587, 209, 384, 21, 306, 173, 30, 70, 72, 603, 1038, 567, 189, 470, 741, 312, 131, 97, 723, 583, 96, 327, 10, 120, 94, 81, 647, 116, 299]","[192, 988, 712, 747, 186, 53, 704, 421, 194, 622, 650, 565, 78, 1284, 257, 55, 150, 6, 613, 236, 160, 76, 509, 659, 171, 190, 203, 0, 293, 227, 987, 176, 201, 434, 49, 124, 153, 691, 1408, 101, 126, 1062, 494, 122, 68, 226, 418, 258, 500, 143, 182, 357, 172, 206, 180, 950, 754, 242, 490, 181]"
506,"[469, 1045, 478, 228, 493, 464, 384, 49, 1015, 87, 229, 509, 519, 175, 96, 401, 602, 294, 221, 69, 1278, 654, 607, 645, 208, 731, 661, 52, 662, 226, 549, 653, 55, 1072, 27, 81, 181, 660, 53, 529, 610, 192, 403, 273, 182, 174, 233, 57, 225, 416, 257, 46, 402, 72, 54, 65, 538, 379, 730, 202, 214, 67, 172, 194, 424, 801, 748, 422, 95, 502, 209, 431, 293, 207, 434, 68, 698, 745, 180, 160, 754, 417, 477, 641, 327, 186, 575, 210, 567, 496, 683, 167, 429, 199, 872, 398, 854, 517, 185, 7, 270, 232, 741, 481, 43, 94, 201, 215, 524, 944, 70, 565, 1018, 835, 709, 78, 495, 606, 603, 1, 30, 656, 704, 173, 131, 522, 193, 176, 190, 515, 442, 738, 203, 62, 1062, 1019, 446, 520, 332, 640, 204, 488, 134, 198, 483, 11, 195, 691, 171, 88, 4, 692, 433, 513, 227]","[409, 280, 559, 1607, 71, 1218, 778, 76, 474, 1013, 462, 366, 677, 147, 1109, 553, 489, 746, 580, 771, 32, 791, 249, 85, 341, 950, 299, 537, 795, 80, 355, 891, 139, 37, 877, 929, 1243, 146, 197, 260, 971, 91, 223, 390, 240, 238, 714, 659, 760, 577, 1135, 66, 460, 61, 93, 1088, 675, 41, 581, 879, 28, 45, 247, 664, 392, 9, 769, 89, 541, 1406, 322, 516, 528, 448, 217, 761, 579, 47, 136, 585, 711, 230, 84, 454, 323, 362, 685]"
507,"[342, 337, 825, 1033, 322, 681, 891, 146, 244, 826, 299, 688, 270, 301, 404, 309, 315, 327, 1088, 878, 897, 297, 689, 749, 314, 747, 333, 332, 256, 221, 312, 677, 893, 690, 120, 249, 49, 596, 537, 251, 287, 1236, 750, 1015, 753, 180, 894, 305, 344, 840, 257, 306, 293, 117]","[116, 351, 268, 318]"
508,"[237, 734, 171, 187, 567, 222, 149, 12, 501, 435, 208, 442, 0, 215, 100, 172, 150, 179, 505, 175, 316, 527, 22, 473, 184, 167, 153, 422, 131, 69, 190, 510, 356, 51, 1152, 199, 268, 233, 90, 317, 1066, 207, 209, 178, 709, 523, 513, 628, 377, 182, 174, 526, 227, 49, 173, 654]","[194, 68, 143, 238, 72, 217, 87, 108, 114, 213, 81, 180, 210, 218, 120, 1134, 152, 221, 228, 229, 95, 97, 195, 231, 46, 203, 450, 162, 78, 185, 214]"
509,"[49, 287, 257, 602, 301, 325, 180, 270, 704]","[318, 679, 750, 309, 299, 259, 878, 686, 331, 753, 288, 300, 344, 306, 342, 267, 891, 337, 265, 327, 689, 244, 308, 293]"
510,"[677, 257, 299, 312, 322, 291, 325]","[288, 329, 324, 285, 293, 357, 686, 880, 258, 287, 1024, 875, 332, 242, 680, 456, 244, 321, 298, 260, 747, 872, 323]"
511,"[345, 291, 312, 270, 293, 332, 894, 879, 871, 907, 287, 681, 299, 259, 886, 1526, 339]","[298, 354, 357, 321, 947, 342, 677]"
512,"[264, 22, 0, 197, 317, 10, 1458, 96, 190, 526, 301, 55, 272, 285, 182, 49, 1237, 185]","[312, 257, 324]"
513,"[116, 471, 545, 264, 180, 126, 117, 221, 322, 49, 251, 684, 840, 209, 738, 434, 256, 257, 120]","[404, 249, 762]"
514,"[95, 14, 428, 745, 188, 46, 401, 174, 301, 268, 608, 178, 82, 557, 3, 0, 10, 44, 306, 422, 317, 203, 681, 407, 731, 749, 366, 391, 41, 57, 209, 714, 379, 238, 657, 356, 256, 68, 134, 650, 728, 630, 734, 274, 482, 69, 791, 177, 227, 72, 27, 18, 213, 257, 185, 131, 180, 135, 214, 312, 258, 300, 282, 526, 155, 430, 581, 651, 168, 172, 6, 429, 47, 171, 1159, 9, 173, 30, 63, 424, 193, 746, 196, 461, 96, 115, 153, 201, 24, 49, 586, 215, 190, 175, 151, 110, 94, 1038, 654, 207, 1073, 78, 418, 271, 167, 21, 87, 80, 1114, 1599, 305, 11, 88, 777, 709, 156, 194, 795, 264, 473, 273, 187, 99, 236, 67, 97, 267, 86, 221, 567, 113, 189, 152, 431, 195, 1100, 420, 432]","[327, 747, 343, 149, 242, 1013, 335, 658, 1034, 169, 708, 404, 13, 509, 108, 530, 987, 712, 679, 469, 64, 292, 472, 199, 646, 485, 341, 434, 384, 392, 402, 889, 25, 293, 228, 1046, 182, 233, 12, 210, 383, 647, 48, 143, 510, 208, 184, 948, 23, 179, 897, 133, 117, 176, 136, 198]"
515,"[361, 312, 287, 314, 270, 306, 681, 257, 899, 1398, 299, 303, 894]","[343, 689, 291, 328, 892, 242, 321, 309, 322, 749, 327, 301, 747, 686, 268, 285, 1429, 288, 904, 346, 293, 341, 537, 258, 325, 339, 331]"
516,"[190, 627, 309, 180, 901, 49, 249, 168, 659, 285, 211, 193, 203, 514, 473, 581]","[198, 522, 430, 213, 356]"
517,"[299, 282, 368, 596, 274, 49, 221, 126, 537, 257, 760, 404, 739, 747, 1176, 180, 116]","[283, 1015, 872, 110, 268, 0, 104, 334, 1046, 822, 332, 236, 24, 310, 327, 293, 471, 754, 228, 130]"
518,"[1046, 24, 918, 283, 716, 684, 369, 99, 221, 545, 695, 12, 117, 272, 865, 116, 125, 1010, 146, 475, 279, 474, 846, 275, 124, 120, 105, 627, 128, 0, 288, 743, 712, 236, 741, 234, 618, 404]","[123, 290, 933, 13, 762, 546, 1016, 457, 6, 1027, 122, 235, 1078, 150, 594, 923, 119, 470, 590, 863, 299, 1334, 1039, 819, 411, 8, 9, 543, 1113, 828, 287, 239, 507, 919, 409]"
519,"[1616, 351, 1279, 334, 348, 326, 908, 335, 1591, 262, 907, 298, 287, 877, 1061, 1590, 329, 265, 1292, 312, 350, 679, 339, 349, 1611, 902, 1294, 1237, 878, 873, 894, 267, 750, 345, 1433, 347, 886]","[242, 323, 747, 324, 258, 331, 338, 263, 327, 332, 681, 990]"
520,"[314, 282, 268, 288, 299, 24, 241, 285, 897, 99, 689, 309, 989]","[1050, 1027, 273, 677, 301, 239, 310, 293, 870, 892]"
521,"[178, 155, 152, 240, 658, 227, 175, 172, 720, 32, 1021, 205, 116, 10, 257, 267, 745, 49, 21, 430, 55, 190, 167, 654, 134, 183, 762, 95, 108, 185, 11, 225, 221, 245, 248, 146, 126, 420, 194, 402, 67, 78, 173, 238, 180, 203, 187, 41]","[80, 1015, 68, 99, 229, 287, 71, 201, 160, 231, 247, 237, 290, 426, 422, 473, 89, 181, 270, 72, 825, 742, 249, 1058, 143, 1011, 391, 131, 379, 624, 226, 228, 828, 150, 474, 234, 120, 754, 27, 1243, 24, 1013, 6, 7, 384, 392, 96, 731, 162, 98, 239, 401, 30, 966, 171, 94, 12, 158, 404, 747, 153, 1, 16, 1012, 297, 741, 76, 88, 323, 86, 750, 753, 567, 519, 107, 650, 342, 22, 289, 549, 683, 832, 678, 207, 565, 1239, 272, 209, 124, 256, 202, 826, 215, 525, 495, 182, 0, 264, 230, 214, 596, 299]"
522,"[99, 522, 172, 317, 127, 429, 178, 653, 11, 191, 509, 133, 22, 542, 491, 10, 520, 47, 199, 134, 529, 204, 479, 207, 167, 179]","[95, 78, 132, 513]"
523,"[113, 381, 152, 661, 153, 515, 241, 392, 82, 548, 934, 2, 49, 1021, 791, 1008, 726, 628, 165, 574, 210, 706, 513, 207, 268, 284, 288, 793, 180, 8, 65, 188, 7, 71, 203, 166, 162, 193, 933, 24, 943, 508, 115, 865, 532, 633, 0, 69, 305, 581, 300, 662, 429, 209, 1194, 1040, 1013, 94, 1046, 406, 873, 450, 13, 953, 257, 731, 66, 254, 196, 96, 637, 256, 862, 431, 693, 407, 201, 1471, 168, 1035, 1120, 530, 154, 167, 1068, 212, 434, 948]","[185, 651, 475, 476, 383, 721, 507, 411, 522, 178, 41, 55]"
524,"[204, 88, 659, 181, 1043, 197, 1559, 233, 941, 478, 422, 186, 482, 701, 192, 178, 927, 126, 526, 466, 505, 198, 184, 160, 553, 290, 706, 30, 212, 897, 75, 641, 645, 288, 473, 711, 191, 190, 612, 285, 179, 529, 99, 669, 96, 468, 479, 683, 493, 515, 435, 300, 434, 43, 844, 503, 1165, 51, 64, 567, 196, 321, 415, 949, 402, 71, 577, 442, 603, 750, 128, 78, 318, 648, 572, 708, 303, 512, 110, 132, 117, 964, 557, 208, 123, 894, 483, 582, 510, 481, 210, 237, 31, 446, 49, 548, 516, 545, 366, 605, 653, 1092, 497, 413, 131, 507, 215, 822, 692, 498, 240, 1100, 1420, 172, 69, 465, 569, 522, 714, 13, 520, 169, 38, 125, 703, 3, 514, 310, 81, 707, 202, 854, 1047, 193, 699, 22, 95, 68, 207, 309, 494, 268, 91, 301, 115, 650, 385, 432, 513, 220, 791, 5, 527, 487, 12, 656, 1072, 130, 55, 57, 492, 59, 173, 133, 470, 211, 1106, 613, 264, 518, 317, 480]","[150, 284, 614, 649, 1267, 604, 602, 65, 94, 142, 1153, 409, 167, 741, 283, 489, 41, 183, 236, 865, 540, 496, 524, 930, 606, 289, 723, 177, 209, 171, 977, 517, 214, 23, 1455, 28, 276, 280, 678, 1203, 180, 780, 1453, 830, 450, 1128, 76, 379, 80, 54, 519, 704, 583, 1151, 835, 929, 491, 70, 639, 381, 1112, 404, 203, 46, 431, 471, 836, 1123, 93, 611, 477, 1552, 549, 320, 185, 495, 401, 106, 6, 747, 1064, 617, 392, 637, 194, 418, 1125, 272, 448, 814, 1040, 227, 817, 97, 1049, 1073, 558, 475, 660, 581, 234, 1045, 460, 258, 942, 229, 795, 11, 274, 384, 238, 738, 21, 226, 221, 484, 217, 63, 525, 134, 662, 675, 1539, 500, 1183, 417, 428, 646, 116, 225, 174, 149, 954, 429]"
525,"[0, 299, 120, 236, 331, 684, 275, 24, 110, 595, 14, 150, 287, 761, 1314, 404, 256, 268, 99, 281, 180, 247, 712]","[122, 280, 828, 410, 411, 1010, 1011, 254, 117, 594, 251, 124, 249, 126, 474, 1013, 123, 927, 288, 1046, 321, 596, 471, 290, 13, 675, 741, 292, 6, 146, 105]"
526,"[6, 268, 314, 146, 675, 407, 935, 0, 292, 1083, 49, 749, 474, 287, 507, 275, 99, 301, 247, 284, 126, 180, 844, 297, 271, 312, 590]","[282, 300, 874, 269, 345, 753, 885, 918, 677, 242, 311, 249, 342, 747, 281, 341, 322, 331, 878, 327, 543, 689, 750, 741, 330, 299, 306, 276, 332, 293, 120, 272, 324, 259, 1006, 149, 270, 124, 257, 244, 122]"
527,"[955, 587, 614, 962, 126, 203, 645, 206, 209, 284, 633, 189, 512, 652, 55, 123, 202, 49, 180, 212, 867, 708, 21, 513, 630, 58, 542, 316, 506, 516, 478, 207, 651, 95, 428, 92, 237, 59, 208, 650, 6, 497, 99, 176, 424, 168, 181, 282, 656, 670, 646, 672, 69, 182, 495, 152, 10, 210, 196, 510, 602, 1100, 171, 179, 184, 426, 190, 639, 186, 660, 68, 85, 557, 213, 191, 167, 233, 11, 356, 115, 173, 278, 22, 1148, 432, 133, 498, 8, 143, 525, 658]","[151, 27, 63, 1108, 98, 200, 142, 323, 192, 155, 1332, 473, 86, 18, 530, 175, 201, 466, 961, 654, 3, 465, 627, 13, 90, 527, 461, 854, 199, 169, 285, 491, 153, 128, 134, 430, 178, 1210, 507, 274, 474, 877, 174, 581, 317, 422]"
528,"[238, 57, 750, 192, 478, 656, 81, 49, 193, 173, 180, 522, 614, 177, 297, 401, 209, 184, 504, 167, 202, 108, 172, 82, 30, 426, 257, 203, 525, 201, 78, 212, 409]","[484, 357, 747, 422, 309, 392, 237, 483, 587, 55, 76, 68, 1617, 293, 540, 844, 421, 249, 1253, 677]"
529,"[330, 872, 322, 291, 983, 320, 1037, 293, 325, 885, 318, 270, 309, 269, 681, 327, 287, 285, 257, 321, 748, 879, 326, 331, 300, 306, 259, 299, 267, 332, 874]","[324, 268, 339, 244, 875, 342, 263, 308, 990, 323, 688, 689]"
530,"[526, 534, 155, 475, 691, 327, 321, 49, 177, 69, 171, 356, 59, 190, 182, 581, 63, 486, 814, 87, 97, 203, 99, 195, 254, 173, 1225, 442, 219, 606, 236, 1135, 274]","[1299, 213, 482, 318, 55, 162, 659, 194, 332, 175, 469, 180]"
531,"[989, 904, 322, 331, 311, 301, 747, 244, 285, 750, 689, 299, 897, 310, 328, 1315, 312]","[288, 456, 357, 326, 287, 894, 687, 337, 889, 258, 891, 893, 907]"
532,"[57, 602, 94, 69, 215, 332, 131, 745, 347, 654, 691, 1118, 344, 95, 300, 689, 762, 491, 681, 514, 330, 209, 204, 467, 684, 585, 590, 283, 241, 240, 720, 1469, 561, 420, 154, 499, 537, 1045, 567, 65, 299, 1209, 484, 152, 167, 678, 402, 301, 116, 403, 265, 749, 328, 10, 194, 120, 469, 471, 176, 356, 150, 913, 525, 418, 688, 657, 1225, 196, 1220, 147, 50, 481, 163, 251, 500, 291, 353, 8, 509, 914, 507, 329, 0, 558, 250, 1187, 635, 553, 306, 96, 505, 124, 227, 345, 450, 1038, 795, 226, 43, 924, 267, 897, 823, 569, 945, 401, 841, 618, 23, 76, 675, 294, 268, 146, 534, 51, 317, 3, 707, 497, 217, 180, 229, 138, 315, 99, 495, 780, 832, 190, 1015, 309, 482, 225, 106, 185, 430, 519, 81, 78, 632, 479, 1188, 1167, 271, 419, 6, 135, 979, 303, 1427, 312, 1311, 366, 276, 587, 490, 202, 426, 494, 451, 203, 233, 338, 738, 917, 86, 21, 548, 11, 7, 117, 1216, 814, 425, 446, 281, 530, 760, 297, 1, 916, 833, 683, 228, 1482, 97, 839, 863, 659, 142, 98, 753, 452, 247, 160, 447, 1593, 575, 126, 186, 522, 346, 1010, 214, 476, 331, 424]","[368, 398, 768, 411, 337, 234, 937, 531, 311, 372, 1495, 1414, 733, 828, 817, 591, 894, 37, 544, 1336, 830, 249, 878, 864, 258, 1425, 1501, 600, 928, 352, 925, 449, 304, 25, 363, 1206, 334, 28, 770, 134, 266, 794, 71, 314, 410, 721, 1091, 930, 1161, 104, 351, 239, 1227, 981, 1299, 1135, 1198, 119, 1406, 367, 310, 1239, 758, 406, 915, 989]"
533,"[948, 476, 49, 274, 327, 251, 650, 449, 723, 321, 273, 302, 160, 81, 117, 68, 658, 844, 426, 126, 97, 434, 53, 257, 294, 429, 377, 64, 478, 8, 95, 379, 495, 86, 195, 201, 221, 24, 285, 567, 228, 691, 527, 192, 194, 281, 0, 602, 180, 741, 193, 312, 209, 1032, 132, 755, 57, 11, 684, 332, 99, 210, 235, 19, 21, 203, 190, 293, 503, 14, 355, 196, 746, 1172, 422, 662, 565, 204, 42, 299, 822, 229, 296, 133, 70, 227, 65, 124, 93, 173, 256, 526, 470, 186, 407, 76, 47, 202, 317, 142, 125, 131, 87, 488, 215, 225, 168, 548, 214, 935, 120, 659, 401, 241, 392, 549, 510, 590, 280, 482, 291, 738, 448, 479, 683, 226, 110, 116, 176, 497, 207, 63, 27, 43, 507, 69, 297, 167, 384, 777, 1141, 608, 739, 171, 675]","[1176, 525, 287, 102, 594, 244, 581, 672, 474, 121, 846, 217, 404, 524, 356, 930, 545, 344, 179, 25, 410, 3, 18, 46, 239, 878, 282, 233, 189, 1281, 707, 1027, 220, 461, 483, 275, 150, 13, 9, 596, 318, 411, 20, 22, 96, 90, 82, 71, 185, 1040, 106, 370, 381, 1015, 695, 290, 686, 791, 283, 149, 238, 30, 1046, 236, 108, 595, 865, 366, 175, 12, 513, 1146, 870, 147, 987, 475, 823, 119, 933, 181, 473, 442, 1047, 845, 747, 1173, 1290, 134, 553, 37, 653, 288, 402, 191, 579, 52, 254, 712, 918, 450, 626, 1085, 743, 1000, 292, 55, 754, 920, 520, 819, 146, 242, 1160, 7, 264]"
534,"[1046, 454, 925, 116, 236, 1027, 590, 929, 23, 594, 239, 455, 289, 1198, 627, 470, 1058, 150, 369, 321, 324, 741, 686, 824, 985, 146, 618, 822, 755, 272, 293, 0, 762, 120, 2, 977, 14, 545, 20, 234, 104, 330, 474, 747, 332, 1053, 1051, 147, 6, 409, 716, 24, 128, 290, 108, 596, 287, 984, 823, 299, 281, 275, 918, 117, 507]","[1033, 149, 819, 273, 285, 404, 1326, 148, 476, 242, 92, 759, 124, 1214, 684]"
535,"[835, 164, 1092, 505, 284, 7, 180, 38, 211, 488, 922, 952, 606, 173, 184, 69, 507, 136, 432, 1148, 734, 478, 501, 282, 1123, 237, 167, 479, 520, 628, 422, 208, 1395, 602, 504, 96, 1165, 57, 177, 812, 590, 657, 203, 150, 10, 477, 120, 420, 130, 43, 513, 268, 434, 638, 128, 726, 209, 169, 603, 482, 920, 172, 132, 51, 165, 152, 685, 656, 654, 70, 446, 630, 961, 608, 1135, 1044, 59, 86, 627, 557, 195, 481, 8, 151, 691, 1473, 1038, 653, 283, 941, 192, 193, 611, 135, 236, 15, 212, 318, 63, 214, 82, 491, 194, 29, 707, 495, 498, 698, 424, 222, 519, 197, 46, 506, 962, 516, 426, 388, 99, 24, 85, 644, 706, 274, 470, 517, 791, 257, 708, 206, 487, 300, 185, 210, 613, 483, 1062, 179, 196, 918, 131, 178, 607, 191, 317, 133, 1097, 49, 1100, 497, 189, 381, 631, 276, 637, 6]","[0, 285, 518, 514, 788, 170, 661, 181, 453, 202, 21, 41, 58, 3, 171, 337, 356, 629, 281, 468, 970, 115, 204, 526, 55, 60, 220, 97, 13, 720, 380, 187, 460, 777, 44, 78, 701, 510, 528, 639, 949, 954, 275, 565, 264, 301, 143, 186, 692, 465, 267, 31, 847, 494, 428, 299, 134, 503, 418, 155, 161, 1169]"
536,"[173, 273, 1, 142, 229, 203, 264, 602, 68, 49, 132, 583, 510, 678, 162, 233, 723, 228, 188, 226, 401, 384, 469, 194, 62, 138, 317, 82, 131, 448, 214, 661, 134, 1038, 495, 168, 171, 745, 70, 97, 81, 61, 152, 212, 473, 209, 1114, 189, 706, 739, 179, 95, 565, 135, 712, 497, 479, 492, 407, 120, 735, 167, 485, 83, 388, 403, 163, 379, 140, 1062, 422, 143, 488, 567, 719, 777, 78, 7, 227, 9, 93, 486, 147, 377, 426, 754, 190, 221, 613, 693, 499, 27, 274, 482, 0, 415, 94, 204, 116, 72, 21, 509, 87, 180, 431, 1049, 385, 430, 639]","[440, 69, 726, 216, 270, 20, 581, 30, 386, 182, 569, 198, 48, 560, 213, 861, 500, 175, 698, 647, 541, 1117, 53, 51, 595, 96, 55, 282, 434, 707, 471, 187, 442, 150, 1139, 418, 402, 404, 545, 178, 435, 303, 587, 630, 79, 208, 85, 196, 1029, 86, 992, 548, 166, 449]"
537,"[202, 506, 474, 133, 1084, 843, 317, 69, 57, 660, 487, 955, 257, 136, 206, 6, 186, 312, 204, 647, 12, 284, 178, 557, 135, 187, 190, 508, 652, 274, 192, 356, 132, 609, 490, 181, 918, 643, 22, 267, 426, 717, 954, 529, 208, 167, 134, 478, 413, 198, 46, 82, 881, 49, 9, 970, 706, 261, 432, 465, 1102, 177, 179, 542, 237, 708, 479, 13, 126, 473, 463, 212, 489, 47, 386, 693, 271, 606, 99, 510, 477, 304, 646, 698, 174, 640, 184, 123, 189, 483, 641, 60, 496, 507, 427, 516, 282, 512, 514, 185, 346, 196, 692, 430, 318, 275, 88, 210, 301, 481, 493, 130, 675, 513, 482, 55, 602, 714, 339, 172, 517, 18, 492, 207, 495, 314, 302, 344, 526, 85, 191]","[27, 525, 45, 601, 681, 556, 503, 1064, 149, 176, 311, 205, 569, 142, 873, 686, 662, 528, 1110, 1067, 1072, 1138, 587, 696, 290, 2, 458, 1049, 653, 225, 241, 735, 469, 680, 515, 326, 446, 150, 81, 416, 236, 459, 614, 268, 456, 240, 471, 466, 921, 89, 1007, 101, 460, 769, 10, 94, 1104, 59, 771, 936, 351, 1008, 230, 200, 404, 238, 605, 209, 761, 401, 420, 214, 329, 720, 1018, 193, 171, 874, 748, 697, 234, 612, 91, 348, 84, 21, 170, 497, 964, 305, 100, 258, 398, 552, 300, 743, 548, 1196, 1068, 648, 734, 457, 52, 110, 175, 581, 572, 43, 872, 484, 169, 847, 264, 180, 64, 316, 524, 511, 958, 306, 467, 201, 488, 726, 298, 989, 922, 146, 454, 1100, 424, 280, 87, 63, 242, 1450, 433, 320, 3, 287, 781, 654, 291, 740, 518, 580, 197, 5, 86, 31, 403, 941, 1044, 41, 391, 425, 468, 444, 1334, 704, 1133, 140, 92, 23, 624, 663, 309, 80, 336, 669, 1112, 494, 509, 1244, 235, 293, 627, 974, 384, 58, 1069, 637, 738, 122, 1266, 723, 98, 220, 289, 677, 19, 321, 613, 522, 434, 345, 233, 987, 745, 656, 115, 687, 978, 920, 322, 332, 195, 651, 729, 1009, 337, 211, 1474, 96, 969, 25, 51, 1128, 272, 131, 895, 97, 565, 14, 116, 712, 1083, 923, 95, 229, 75, 645, 381, 447, 485, 1004, 538, 148, 379, 957, 962, 639, 1444, 963, 672, 1005, 273, 749, 788, 276, 128, 836, 1165, 713, 288, 752, 546, 1399, 549, 854, 342, 1024, 278, 689, 120, 182, 418, 215, 1162, 527, 947, 638, 327, 285, 71, 139, 173, 38, 270, 108, 221, 615, 183, 731, 1193, 313, 965, 520, 567, 106, 722, 659, 683, 732, 29, 701, 632, 949, 199, 688, 959, 0, 310, 1419, 203, 505, 707, 971, 377, 429, 470, 90, 1153, 223, 650, 462, 889, 805, 194, 324, 78, 380, 844, 979, 498, 952, 1010, 590, 791, 977, 500, 283, 893, 370, 269, 11, 1146, 702, 583, 422, 568, 44, 1047, 461, 1403, 603, 608, 227, 68, 299, 900, 428, 491, 744, 927, 24, 674, 777, 442]"
538,"[962, 201, 190, 236, 495, 210, 194, 97, 68, 215, 55, 96, 195, 237, 214, 126, 316, 182, 10, 186, 274, 143, 422, 99, 81, 11, 78, 152, 21, 222, 95, 317, 187, 198, 171, 482, 527, 181, 175, 173, 57, 49, 88]","[163, 955, 404, 691, 116, 239, 167, 567, 212, 30, 380, 709, 734, 257, 172, 41, 565, 142, 384, 293, 27, 180, 233, 209, 3, 136, 711, 526, 641, 161, 654, 275, 207, 272, 288, 120, 203, 87]"
539,"[381, 660, 241, 18, 130, 482, 184, 152, 955, 154, 196, 480, 526, 284, 169, 44, 356, 288, 302, 123, 285, 68, 961, 132, 609, 962, 274, 602, 268, 131, 318, 203, 305, 530, 58, 201, 162, 214, 300, 257, 659]","[49, 366, 57, 21, 126, 235, 238, 639, 237, 486, 1210, 371, 495, 339, 55]"
540,"[6, 99, 49, 108, 741, 309, 595, 1047, 293, 1013, 249, 257, 1225, 110, 507, 454, 221, 292, 474, 19, 8, 596, 339, 180, 332, 256, 273, 285, 12, 268, 331, 269, 116, 1015, 470, 1010, 342, 761, 824, 24, 514, 275]","[244, 740, 149, 124, 0, 248, 590, 239, 125, 322, 819, 280, 299, 219, 627, 472, 279, 14, 404, 146, 120]"
541,"[755, 27, 209, 419, 780, 659, 698, 0, 464, 273, 238, 418, 142, 624, 221, 595, 180, 195, 256, 214, 224, 476, 7, 117, 650, 431, 61, 49, 475, 233, 141, 173, 1077, 940, 587, 101, 499, 552, 167, 754, 1083, 90, 417, 416, 842, 70, 525, 626, 510, 403, 65, 658, 139, 945, 78, 377, 426, 264, 109, 473, 72, 654, 98, 171, 500, 203, 992, 677, 82, 89, 303, 923, 708, 94, 172, 458, 1408, 542, 257, 467]","[653, 398, 422, 762, 559, 809, 254, 375, 768, 81, 451, 1034, 14, 120, 234, 87, 876, 1184, 1035, 1073, 1052, 1441, 731, 584, 526, 258, 401, 1314, 675, 37, 541, 402, 404, 583, 1046, 253, 62, 621, 277, 110, 28, 392, 150, 930, 811, 622, 825, 1090, 394, 1029, 1040, 138, 1411]"
542,"[395, 647, 317, 745, 264, 495, 68, 55, 692, 366, 27, 1058, 186, 237, 88, 410, 190, 1097, 57, 178, 478, 208, 683, 817, 654, 229, 99, 587, 22, 126, 500, 46, 409, 69, 530, 191, 236, 108, 771, 356, 98, 12, 207, 426, 417, 185, 40, 96, 314, 522, 171, 762, 167, 195, 951, 180, 11, 320, 422, 0, 431, 434, 508, 89, 63, 248, 47, 49, 172, 193]","[205, 213, 507, 7, 398, 865, 1217, 720, 474, 245, 287, 62, 381, 318, 345, 203, 789, 72, 209, 194, 149, 174, 272, 624, 79, 863, 774, 14, 733, 788, 1060, 450, 121, 432, 10, 731, 584, 70, 120, 958, 870, 234, 179, 626, 201, 419, 281, 41, 94, 392, 93, 779, 346, 86, 87, 400, 292, 694, 743, 21, 71, 383, 385, 131, 239]"
543,"[134, 82, 78, 198, 693, 178, 512, 1193, 206, 175, 590, 215, 85, 189, 128, 769, 402, 370, 515, 734, 201, 663, 442, 95, 380, 184, 27, 70, 164, 87, 186, 225, 518, 935, 565, 854, 3, 479, 528, 162, 110, 169, 7, 473, 301, 530, 55, 97, 160, 179, 478, 1098, 168, 655, 1523, 1013, 69, 683, 133, 101, 575, 203, 88, 146, 210, 302, 11, 113, 191, 662, 197, 520, 232, 366, 791, 173, 514, 236, 691, 60, 465, 507, 182, 211, 1158, 22, 176, 356, 196, 233, 59, 777, 187, 264, 199, 468, 194, 461, 81, 68, 58, 602, 8, 143, 431, 13, 190, 527, 63, 946]","[209, 981, 94, 1261, 230, 174, 84, 14, 116, 237, 809, 384, 193, 52, 830, 646, 109, 1618, 736, 747, 185, 577, 585, 409, 470, 43, 517, 703, 238, 96, 23, 213, 37, 312, 581, 156, 271, 1440, 760, 251, 741, 1554, 918, 549, 117, 719, 15, 714, 708, 650, 10, 635, 508, 729, 396, 93, 28, 701, 1198, 21, 390, 422, 12, 943, 1, 699, 159, 1173, 317, 61, 462, 659, 1072, 248, 567, 1415, 152, 323, 217, 65, 46, 795, 561, 641, 460, 731, 167]"
544,"[285, 748, 312, 299, 345, 301, 291]","[325, 311, 1279, 331, 688, 324, 257, 322, 270, 342, 309, 749, 330, 287, 337, 327, 258, 293, 303, 269, 876, 326, 300, 747]"
545,"[131, 221, 398, 209, 100, 72, 227, 523, 471, 809, 53, 253, 264, 519, 67, 230, 216, 68, 160, 688, 403, 70, 738, 134, 0, 412, 180, 195, 256, 548, 78, 182, 392, 745, 741, 198, 550, 229, 81, 95, 378, 540, 150, 120, 30, 98, 172, 731, 175, 173, 577, 587, 201, 203, 404, 967, 202, 97, 422, 116, 565, 327, 167, 174, 943, 27, 402, 163, 171, 204, 232, 217, 1027, 394, 226, 683, 49, 94, 61, 194]","[553, 709, 24, 88, 228, 225, 446, 21, 647, 635, 473, 143, 218, 679, 567, 87, 387, 443, 664, 214, 207, 54, 992, 632, 16, 728, 418, 181, 383, 819, 377, 742, 490, 96, 257, 574, 562, 372, 28, 568, 549, 210, 192, 390, 750, 93, 233, 1227, 545, 193, 889, 425, 77, 626, 79, 76, 449, 265, 176, 509, 231, 430, 433, 166, 678, 379, 719, 1187, 154, 141, 66, 270, 384, 138, 187, 541, 450, 385, 1090, 448, 325, 691]"
546,"[412, 927, 16, 117, 97, 287, 345, 435, 859, 55, 568, 929, 716, 346, 221, 348, 184, 6, 163, 321, 249, 976, 233, 144, 768, 589, 52, 180, 897, 757, 257, 199, 49, 378, 4, 218, 108, 759, 891, 566, 270, 120, 235]","[671, 285, 457, 894, 99, 456, 689, 293, 446, 750, 312, 815, 342, 664, 681, 299]"
547,"[327, 315, 353, 346, 257, 311, 332, 339, 344, 314, 312, 318, 301, 320, 750]","[300, 310, 331, 337, 302, 288, 293, 268]"
548,"[272, 635, 321, 263, 247, 1050, 117, 886, 254, 146, 1072, 656, 221, 297, 322, 648, 280, 257, 30, 269, 602, 306, 503, 6, 11, 116, 531, 22, 301, 653, 120, 442, 332, 1024, 459, 38, 233, 1013, 1277, 716, 291, 312, 1015, 465, 99, 281, 236, 184, 881, 580, 641, 1243, 325, 244, 330, 677, 750, 294, 228, 904, 155, 594, 342, 345, 256, 202, 78, 524, 741, 225, 180, 55, 695, 54, 232, 761, 49, 949, 658, 545, 315, 299, 749, 290, 596, 249, 430, 514, 404, 682, 97, 292, 126, 0, 163, 1046, 470, 175, 327, 474, 182, 217]","[689, 275, 457, 310, 1404, 234, 476, 759, 618, 990, 344, 314, 326, 13, 927, 590, 1088, 339, 343, 283, 747, 282, 2, 924, 1012, 276, 897, 357, 12, 627, 309, 977, 16, 285, 1010, 304, 14, 369, 274, 253, 346, 471, 538, 270, 251, 8, 271, 293, 412, 923, 150, 287, 24]"
549,"[865, 49, 287, 514, 99, 126, 117, 236, 180, 0, 120, 747, 257, 404]","[251, 224, 677, 1046, 471, 410, 619, 281, 23, 322, 150]"
550,"[404, 322, 992, 299, 537, 309, 124, 49, 747, 287, 120, 327, 1619, 876, 923, 180, 312, 221, 270, 14, 248, 681, 257, 274, 256]","[258, 891, 254, 253, 845, 303, 300, 687, 251, 293, 0, 595, 236, 1088, 242]"
551,"[683, 577, 689, 364, 863, 285, 30, 259, 222, 580, 21, 131, 560, 317, 236, 581, 315, 565, 120, 160, 134, 615, 14, 958, 306, 741, 237, 184, 354, 202, 745, 339, 61, 1266, 342, 240, 1517, 192, 754, 126, 691, 470, 272, 747, 549, 697, 316, 650, 446, 78, 41, 779, 333, 55, 290, 657, 824, 267, 526, 97, 233, 221, 173, 182, 11, 826, 974, 155, 874, 117, 590, 504, 1168, 420, 401, 475, 229, 430, 692, 978, 2, 4, 331, 156, 312, 175, 179, 75, 942, 69, 543, 143, 553, 327, 271, 330, 23, 10, 215, 848, 116, 709, 187, 54, 281, 43, 194, 314, 94, 226, 1046, 734, 181, 185, 355, 197, 203, 761, 1138, 1442, 923, 773, 447, 738, 71, 1134, 731, 87, 345, 27, 146, 163, 750, 231, 287, 201, 204, 808, 409, 602, 762, 176, 91, 778, 801, 1010, 517, 25, 186, 1038, 467, 70, 6, 469, 795, 596, 569, 595, 356, 280, 167, 158, 68, 635, 293, 362, 1027, 225, 127, 507, 33, 110, 99, 414, 672, 66, 654, 530, 208, 96, 586, 432, 392, 124, 309, 283, 639, 63, 508, 1135, 195, 1438, 558, 1219, 325, 8, 161, 384, 154, 81, 217, 218, 227, 519, 209, 199, 332, 720, 299, 1050, 264, 1117, 210, 142, 32, 726, 16, 275, 567, 50, 228, 627, 940, 474, 88, 95, 214, 365, 232, 57, 191, 257]","[755, 404, 551, 12, 457, 949, 575, 291, 180, 273, 90, 49, 990, 42, 422, 943, 954, 24, 718, 1066, 1086, 1, 383, 1206, 807, 1313, 714, 353, 845, 1034, 1078, 911, 239, 1375, 478, 79, 716, 171, 37, 454, 916, 727, 684, 594, 695, 216, 1216, 89, 1418, 234, 746, 626, 571, 67, 410, 149, 707, 76, 323, 65, 72, 1620, 350, 760, 1058, 460, 459, 83, 450, 823, 385, 39, 1303, 1252, 1043, 719, 769, 279, 379, 53, 263, 764, 183, 152, 1302, 671, 759, 398, 48, 659, 3, 84, 244, 789, 685, 301, 545, 894, 832, 582, 402, 925]"
552,"[300, 13, 741, 221, 49, 1013, 285, 247, 747, 293, 126, 236, 99, 120, 125, 257, 299]","[12, 150, 251, 224, 335, 321, 1276, 716, 828, 117, 759, 470, 863, 454, 248, 619, 122, 865, 14, 1314, 1619, 6, 273, 1151, 116, 411, 410, 290, 925, 987, 146, 124, 256, 242, 239, 281, 1047, 933, 24, 1050, 249, 825, 931, 590, 287, 814, 404, 514, 409, 1046, 283, 279, 872, 1277, 180, 1094, 322, 755, 976, 627, 1361, 618, 110, 844, 0, 147, 280]"
553,"[504, 510, 522, 21, 1450, 477, 481, 426, 130, 603, 645, 97, 306, 198, 264, 88, 150, 473, 176, 647, 489, 98, 204, 478, 640, 602, 110, 173, 217, 483, 434, 616, 514, 134, 614, 135, 190, 660, 1123, 237, 512, 99, 519, 189, 22, 518, 1008, 55, 196, 152, 366, 610, 274, 479, 1125, 131, 44, 180, 496, 505, 497, 524, 608, 630, 1193, 49, 486, 212, 186, 482, 169, 656, 588, 604, 523, 606, 177, 133, 654]","[181, 433, 495, 484, 491, 480, 1020, 85, 1199, 422, 185, 7, 637, 377, 558, 527, 80, 513, 0, 506, 526]"
554,"[27, 7, 285, 86, 97, 68, 227, 81, 8, 431, 575, 117, 85, 78, 251, 173, 13, 317, 208, 691, 938, 10, 57, 863, 221, 422, 264, 150, 217, 131, 110, 731, 120, 404, 274, 70, 214, 683, 377, 30, 21, 229, 203, 288, 530, 201, 596, 526, 327, 1045, 14, 132, 94, 525, 49, 76, 69, 55, 116, 190, 180, 171]","[581, 228, 695, 545, 541, 66, 844, 410, 741, 950, 273, 226, 222, 42, 677, 172, 219, 237, 819, 65, 99, 124, 293, 20, 215, 818, 594, 595, 281, 0, 12, 1041, 236, 755, 1011, 272, 769, 3, 244, 178, 734, 727, 716, 283, 6, 275, 287, 865, 1283, 1027, 67, 1040]"
555,"[167, 86, 479, 248, 235, 488, 6, 284, 325, 146, 268, 116, 356, 168, 119, 409, 761, 747, 149, 180, 194, 247, 20, 24, 339, 128, 317, 504, 110, 318, 49, 327, 88, 1012, 251, 300, 12, 243, 273, 117, 99, 404]","[1053, 545, 270, 301, 287, 120, 257, 46, 234, 264]"
556,"[326, 495, 191, 169, 519, 478, 47, 131, 506, 63, 287, 1064, 602, 11, 512, 480, 186, 133, 126, 492, 177, 603, 317, 171, 339, 208, 267, 323, 285, 426, 301, 132, 522, 481, 320]","[324, 293, 322, 987, 318, 706, 172, 134, 242]"
557,"[165, 7, 507, 342, 253, 270, 126, 871, 298, 57, 333, 179, 95, 49, 299, 197, 749, 11, 297, 528, 531, 267, 336, 196, 291, 288, 874, 245, 175, 164, 306, 1175]","[261, 293, 256, 1069, 891, 287, 149, 268, 326, 886, 321, 324, 252, 681, 251, 345, 1243, 864, 269, 304, 738]"
558,"[115, 935, 123, 507, 18, 846, 13, 252, 19, 285, 743, 274, 8, 99, 136, 284, 268]","[1067, 14, 282]"
559,"[901, 187, 72, 513, 3, 314, 190, 264, 126, 1100, 209, 526, 527, 426, 198, 522, 317, 215, 162, 518, 196, 501, 321, 68, 181, 54, 384, 225, 195, 549, 514, 143, 179, 586, 519, 173, 86, 204, 565, 862, 512, 299, 651]","[523, 203, 293, 434, 686, 237, 186, 1140, 510, 152, 392, 232, 193, 256, 507, 397, 11, 194, 659, 69, 660, 1555, 258, 260, 21, 93, 201, 520, 55, 1400, 346, 166, 310]"
560,"[202, 318, 422, 477, 287, 0, 257, 812, 249, 245, 133, 653, 1013, 88, 182, 136, 99, 269, 11, 846, 317, 254, 1404, 652, 126, 180, 1020, 267, 482, 210, 248, 404, 167, 497, 270, 301, 1018, 274, 196, 49, 605, 10, 221]","[6, 122, 107, 1159, 117, 755, 863, 259, 12, 24, 280, 234, 479, 1162, 135, 1170, 1007, 974, 1332, 596, 410, 357, 110, 428, 488, 239, 495, 276, 320, 1264, 1072, 844, 131, 121, 277, 475, 616, 283, 457, 300, 927, 471, 150, 263, 23, 92, 108, 120, 1214, 545, 200, 57, 1133, 21, 1015, 507, 256, 514]"
561,"[22, 6, 342, 581, 468, 488, 1008, 210, 1523, 517, 529, 496, 153, 457, 1119, 639, 345, 660, 536, 435, 1068, 31, 381, 169, 301, 97, 134, 92, 272, 284, 178, 99, 519, 51, 1448, 46, 173, 187, 129, 11, 222, 1102, 424, 179, 709, 174, 1511, 431, 656, 182, 955, 442, 156, 606, 130, 90, 47, 522, 655, 344, 45, 167, 275, 202, 195, 651, 1148, 55, 502, 426, 493, 479, 483, 115, 285, 427, 473, 208, 199, 1130, 69, 85, 510, 237, 478, 1069, 170, 482, 172, 602, 193, 771, 523, 511, 959, 177, 155, 614, 506, 487, 10, 477, 1020, 175, 513, 184, 616, 491, 88, 54, 8, 663, 196, 198, 504, 610]","[50, 163, 142, 804, 1100, 150, 203, 583, 500, 52, 108, 14, 18, 1138, 677, 467, 123, 221, 505, 1219, 0, 61, 238, 512, 63, 615, 1118, 1023, 162, 670, 64, 1073, 317, 41, 140, 217, 204, 392, 91, 596, 1528, 12, 303, 192, 409, 734, 79, 707, 644, 201, 1152, 44, 13, 1109, 714, 240, 958, 257, 227, 460, 218, 889, 316, 731, 7, 228, 230, 80, 641, 1229, 171, 723, 683, 215, 239, 242, 233, 894, 810, 678, 701, 577, 211, 613, 404, 664, 131, 318, 446, 190, 429, 430, 120, 567, 743, 276, 355, 9, 370, 361, 979, 558, 750, 970, 213, 588, 57, 945, 607, 94, 789, 514, 745, 643, 630, 216, 718, 96, 197, 549, 379, 692, 194, 154, 1014, 954, 366, 1, 1034, 21, 66, 27, 704, 30, 180, 450, 920, 402, 672, 214, 70, 951, 425, 474, 49, 1017, 538, 674, 86, 1477, 779, 1169, 675, 732, 231, 509, 2, 454, 267, 3, 541, 1043, 1009, 1038, 95, 1058, 378, 654, 848, 659, 71, 548, 209, 161, 761, 469, 78, 472, 801, 545, 152, 422, 1228, 1266, 495, 543, 39, 229, 234, 232, 87, 461, 942, 185, 183, 76, 793, 432, 747, 700, 738, 23, 116, 635, 434, 638, 1293, 181, 283, 595, 525, 736, 691, 200, 1114, 206, 628, 24, 924, 708, 927, 587, 384, 650, 530, 356, 205, 68, 132, 143, 159, 158, 98, 565, 1209, 16, 941, 225, 503, 416, 48]"
562,"[442, 461, 190, 719, 479, 417, 500, 196, 426, 726, 476, 4, 415, 401, 1038, 683, 97, 217, 72, 285, 142, 78, 140, 503, 434, 143, 126, 131, 152, 134, 173, 590, 193, 184, 172, 49, 581, 189, 482, 1125, 87, 549, 147, 565, 431, 233, 484, 81]","[55, 635, 113, 65, 88, 805, 229, 117, 230, 0, 180, 160, 132, 3, 457, 384, 228, 317, 392, 203, 356, 510, 322, 513]"
563,"[1034, 691, 232, 400, 366, 49, 236, 209, 117, 152, 180, 780, 402, 69, 254, 256, 320, 300, 171, 166, 219, 565]","[253, 411, 861, 677, 475, 303, 293, 870]"
564,"[120, 344, 256, 343, 471, 299, 596, 288, 49, 291, 180, 312, 244, 116, 117, 126, 257]","[1398, 332, 749, 826, 311, 830, 322, 929, 1033, 1015, 1024, 297, 271, 684, 280, 301, 923]"
565,"[51, 178, 211, 639, 729, 169, 854, 9, 1017, 69, 29, 637, 712, 969, 165, 651, 638, 82, 1395, 381, 212, 461, 164, 514, 1621, 970, 706, 189, 508, 170, 206, 85, 922]","[511, 380]"
566,"[176, 7, 1192, 82, 479, 88, 241, 650, 6, 76, 726, 195, 81, 206, 116, 706, 771, 511, 704, 391, 478, 156, 855, 97, 404, 212, 217, 460, 126, 482, 672, 528, 191, 958, 1004, 11, 162, 160, 201, 510, 581, 202, 317, 181, 99, 762, 69, 164, 683, 272, 169, 190, 735, 386, 1, 442, 522, 68, 209, 630, 155, 85, 133, 1064, 410, 132, 377, 19, 495, 692, 63, 134, 55, 167, 507, 136, 135, 659, 22, 165, 520, 264, 461]","[394, 32, 1231, 422, 70, 153, 234, 754, 484, 87, 14, 94, 1043, 24, 185, 95, 326, 383, 96, 79, 239, 392, 53, 574, 229, 214, 287, 1436, 30, 203, 464, 402, 218, 227, 418, 121, 109, 154, 385, 180, 120, 10, 172, 878, 741, 230, 575, 48, 233, 143, 21, 789, 171, 49, 259, 684, 77, 384, 1027, 107, 142, 387, 466, 93, 152, 288]"
567,"[1018, 635, 481, 614, 612, 301, 6, 1130, 1203, 220, 479, 482, 605, 516, 918, 297, 272, 495, 610, 477, 616, 175, 503, 505, 496, 645, 640, 155, 132, 647, 59, 267, 603, 167, 298, 208, 483, 292, 602, 429, 674, 810, 492, 474, 191, 468, 658, 123, 8, 652, 606, 174, 187, 478, 46, 182, 184, 202, 846, 486, 176, 172, 1021, 133, 11, 639, 31, 473, 22, 1020, 646, 178, 197, 135, 245, 678, 480, 270, 88, 497, 186, 222, 513, 491, 386, 656, 177, 126, 607, 247, 489, 95, 432, 433, 611, 198, 653, 189, 506, 181, 151, 1297, 196, 58, 82, 488, 55, 588, 428, 9, 704, 512, 493, 524, 649]","[251, 0, 317, 256, 1019, 190, 131, 180, 490, 305, 134, 169, 581, 356, 173, 835, 520, 510, 1450, 193, 204, 233, 211, 1251, 99, 194, 296, 108, 49, 1011, 630, 526, 672, 78, 422, 339, 426, 38, 522, 302]"
568,"[605, 834, 268, 184, 1049, 474, 473, 164, 1202, 614, 508, 477, 461, 602, 212, 493, 485, 241, 1285, 223, 478, 640, 134, 660, 55, 78, 29, 482, 177, 99, 302, 652, 630, 126, 426, 603, 1124, 422, 487, 1136, 190, 528, 481, 133]","[193, 922, 58, 953, 524, 490, 5, 285, 1004, 987, 434, 503, 658, 161, 637, 854, 300, 131, 771, 655, 611, 318, 492, 186, 529, 511, 233, 519, 198, 518, 178, 734, 522, 429, 523, 496, 610]"
569,"[0, 282, 24, 125, 49, 150, 247, 286, 301, 675, 339, 236, 275, 8, 472, 14, 235, 18, 285, 684, 320, 257, 1196, 283, 256, 6, 99, 13, 123, 300, 273, 117, 290, 327]","[110, 221, 2, 923, 116, 251, 474, 457, 120, 124, 507, 825, 978, 15, 747, 224, 1013, 267, 280, 404, 1283, 755, 12, 299, 293, 272, 297, 324, 761, 287, 470, 454, 276, 332, 545, 294]"
570,"[302, 301, 304, 285, 270, 326]","[244, 325, 287, 323, 689, 300, 242, 747, 257, 288, 878, 885, 357, 267, 320, 339]"
571,"[123, 63, 173, 963, 461, 656, 356, 44, 113, 483, 190, 180]","[495, 603, 46, 193, 1038, 68, 31, 143]"
572,"[299, 475, 12, 123, 318, 8, 13, 285, 300, 812]","[1009, 1136, 1170, 288, 276, 120, 221, 923, 99, 283]"
573,"[193, 191, 126, 660, 426, 210, 477, 68, 479, 491, 631, 161, 274, 712, 478, 177, 143, 9, 173, 282, 512, 49, 656, 181, 506, 257, 346, 21, 179, 156, 215, 178, 653, 134, 518, 236, 133, 522, 527]","[142, 204, 175, 182, 1011, 184, 684, 275, 285, 422, 835, 494]"
574,"[299, 257, 271, 244, 301, 1312, 288, 309, 268, 1061, 899, 318, 261, 882, 212, 315, 343, 345, 99, 287, 241, 886, 267, 311, 310, 753]","[314, 320, 689, 330, 909, 344, 332, 346, 331, 269, 326, 302, 339, 895, 1021, 304, 285, 749, 357, 327]"
575,"[172, 193, 426, 97, 95, 78, 175, 356, 317, 602, 167]","[214, 321, 505, 180, 506, 482, 49, 303, 126, 293, 320, 110, 962, 181, 530]"
576,"[279, 824, 434, 180, 69, 236, 513, 256, 14, 247, 49, 124, 209, 123, 470, 203, 0, 6, 99]","[8, 380, 258, 55, 274, 318, 322, 136, 814, 474, 275, 293, 254, 207, 762, 323, 677]"
577,"[228, 283, 203, 661, 116, 683, 94, 185, 392, 719, 109, 442, 39, 364, 844, 726, 11, 384, 622, 560, 594, 224, 654, 1530, 167, 240, 422, 57, 865, 1208, 3, 24, 86, 650, 131, 1032, 938, 62, 406, 0, 207, 530, 264, 581, 99, 68, 216, 139, 7, 190, 193, 70, 146, 548, 64, 565, 27, 664, 150, 225, 110, 578, 435, 30, 398, 53, 81, 172, 63, 78, 160, 626, 734, 662, 297, 741, 236, 171, 312, 101, 1043, 469, 95, 195, 173, 471, 47, 464, 408, 214, 201, 316, 402, 48, 495, 182, 317, 1041, 132, 49, 97, 426, 587, 1146, 21, 293, 215, 940, 120, 355, 401, 769, 1027, 731, 96, 67, 4, 124, 825, 1045, 180, 175]","[470, 995, 187, 14, 37, 217, 1290, 379, 931, 794, 1031, 280, 229, 807, 10, 202, 337, 544, 559, 1270, 98, 43, 828, 55, 446, 672, 209, 948, 84, 227, 727, 117, 738, 76, 54, 424, 28, 467, 306, 142, 6, 1516, 404, 567, 61, 239, 409, 692, 707, 767, 545, 178, 1053, 549, 1218, 558, 233, 822, 762, 1335, 1034, 818, 451, 199, 659, 87]"
578,"[221, 297, 312, 299, 1015]","[293, 379, 322, 1263, 354, 342, 1097, 677, 257, 249, 323, 271, 287, 244, 245, 345, 267, 750, 324]"
579,"[0, 844, 82, 527, 167, 97, 110, 99, 287, 182, 215, 602, 427, 172, 285, 708, 208, 65, 257, 332, 193, 581, 87, 168, 731, 434, 519, 201, 691, 392, 49, 152, 24, 293]","[178, 1073, 88, 327, 654, 407, 1046, 48, 237, 302, 268, 55, 432, 64, 675, 1445, 81, 210, 325, 380, 513, 747, 244, 876, 185, 203, 1109, 68, 6, 381, 288, 233, 209, 69, 326, 267, 522, 3, 330, 227]"
580,"[824, 147, 357, 293, 122, 180, 288, 251, 454, 249, 248, 257, 870, 342, 270, 865, 285, 49, 120, 281, 287, 2, 256]","[6, 299, 328, 1027, 280, 470, 404, 545, 99, 686, 1013, 322, 221, 747, 14, 347, 0, 146, 596, 124, 618, 150, 24, 828]"
581,"[49, 918, 99, 812, 8, 223, 1374, 284, 126, 252, 514, 474, 1096, 6, 843, 136, 1352, 1366, 921]","[846, 180, 282, 220, 268, 274, 275, 221, 935]"
582,"[245, 749, 257, 221, 92, 123, 180, 6, 1214, 49, 267, 471, 476, 474, 292, 150, 1013, 268, 546, 918, 99, 270, 507, 312, 457, 0, 239]","[947, 249, 825, 287, 759, 236, 409, 120, 2, 454, 762, 14, 410, 368, 256, 299, 1032, 234, 747, 596, 404, 931, 840, 124, 741, 675, 472, 293, 987, 116, 320, 327, 24, 830, 117]"
583,"[82, 662, 208, 264, 11, 267, 197, 275, 174, 6, 257, 356, 54, 529, 512, 707, 424, 518, 482, 285, 654, 99, 194, 601, 199, 523]",[238]
584,"[113, 257, 171, 39, 312, 108, 422, 160, 229, 248, 226, 221, 227, 180, 49]","[81, 228, 448, 164, 430, 24, 449, 540, 107]"
585,"[1487, 462, 1511, 862, 211, 706, 165, 189, 44, 638, 637, 1157, 1534, 206, 1120, 69, 1008, 1192, 922, 509, 60, 1622, 212, 1004, 735, 1448, 58, 712, 1557, 739, 633, 164, 169, 85, 1154, 19, 59, 1148, 508, 1500, 556, 274, 285, 13, 197, 651, 29, 282]","[1346, 581, 112, 729, 1265, 1523, 115, 223, 1017, 970, 1322, 1343, 1484, 1020, 1318, 969, 170, 583, 339, 9, 528, 18, 17, 82, 51, 918, 1474, 854, 542, 639, 461, 312]"
586,"[38, 558, 186, 173, 925, 402, 225, 469, 209, 160, 155, 199, 232, 143, 357, 32, 719, 30, 378, 253, 236, 272, 159, 180, 201, 28, 1041, 1272, 466, 75, 50, 404, 126, 68, 819, 214, 120, 654, 450, 549, 194, 95, 171, 182, 287, 2, 117, 158, 216, 49, 264, 1217, 116, 779, 16, 52, 240, 355, 762, 55, 78, 805, 66, 938, 67]","[627, 664, 147, 755, 202, 280, 218, 1406, 927, 27, 567, 175, 234, 185, 275, 577, 228, 81, 248, 650, 495, 238, 154, 741, 848, 1046, 239, 26, 590, 396, 671, 435, 237, 249, 760, 467, 540, 10, 451, 585, 227, 789, 152, 675, 426, 317, 799, 840, 384, 172, 22, 76, 184, 91, 229, 187, 203, 294, 808, 565, 84, 82, 53, 1248, 929, 778, 580, 568, 1206, 230, 410, 21, 79, 217, 183, 233, 1089, 392, 176, 122, 283, 807, 163, 575, 734, 181, 1045, 678, 409, 43, 422, 71, 695, 692, 550, 231, 430, 221, 977, 226, 256]"
587,"[302, 271, 342, 299, 258, 287, 324, 337, 1482, 339, 690, 270, 315, 269, 936, 285, 303, 331, 894, 322, 312, 267, 263, 913, 332, 314, 257, 1264, 306, 261, 259, 304, 1624]","[994, 747, 326, 880, 874, 348, 878, 346, 260, 687, 872, 311, 681, 1623, 325, 886, 748, 891, 341, 937, 901, 686, 338, 349, 268, 904, 689, 265, 352, 309, 877, 885, 354, 749, 988, 350, 307, 677, 879, 242, 876, 329, 293, 917, 333, 357, 688, 679, 887, 875, 288, 330, 889, 300, 318, 680, 915, 327, 321, 301, 320, 987, 291, 244, 538]"
588,"[720, 364, 203, 431, 70, 39, 782, 98, 142, 257, 24, 346, 1038, 14, 332, 698, 315, 277, 287, 450, 427, 219, 214, 281, 271, 171, 317, 933, 596, 216, 163, 418, 130, 84, 71, 153, 558, 809, 132, 738, 394, 141, 1427, 416, 314, 845, 482, 432, 131, 82, 587, 637, 958, 657, 644, 0, 392, 577, 484, 120, 420, 41, 183, 683, 746, 470, 27, 401, 353, 78, 1043, 230, 741, 366, 160, 50, 172, 940, 67, 161, 180, 62, 81, 116, 1239, 1073, 569, 205, 1060, 7, 365, 814, 552, 1090, 238, 106, 761, 325, 209, 154, 968, 267, 224, 11, 177, 87, 167, 306, 21, 696, 927, 567, 94, 731, 1077, 312, 820, 462, 715, 369, 20, 691, 285, 215, 150, 49, 719, 233, 1097, 185, 734, 282, 471, 300, 355, 659, 55, 293, 90, 264]","[30, 206, 226, 1046, 143, 259, 72, 422, 622, 1040, 288, 651, 495, 1507, 750, 722, 831, 96, 109, 530, 117, 173, 93, 207, 124, 780, 398, 727, 601, 385, 872, 1052, 229, 68, 474, 403, 730, 274, 565, 723, 777, 164, 677, 361, 553, 654, 879, 61, 1057, 1468, 442, 383, 1179, 549, 1218, 560, 384, 841, 1410, 97, 221, 754, 379, 467, 201, 541, 728, 23, 624, 712, 28, 65, 66, 583, 551, 158, 402, 99, 110, 236, 1310, 446, 381, 377, 6]"
589,"[312, 287, 677, 258, 894, 293, 537, 891, 299, 271, 681, 872, 688, 878, 332, 687, 338, 309, 303, 750, 689, 331, 876, 327]","[267, 339, 288, 994, 326, 306, 270, 285, 748, 257, 242, 322, 300, 321, 337, 333, 335, 325, 323]"
590,"[284, 220, 149, 275, 1016, 125, 99, 743, 474, 13, 286, 126, 12, 285, 115, 5, 739, 247, 274, 1330, 136, 18, 546, 123, 675]","[753, 863, 243, 1128, 254, 14, 129, 281, 8, 514, 124, 236, 545, 1013, 1060, 273, 283, 590, 110, 475, 297, 292, 1008]"
591,"[1098, 190, 381, 739, 203, 285, 55, 274, 920, 1110, 513, 237, 85, 47, 115, 99, 126, 486, 392, 356, 516, 380, 791, 614, 507, 654, 210, 427, 922, 24, 195, 78, 284, 12, 305, 44, 215, 708, 63, 955, 434, 69, 1119, 602, 282, 3, 193, 855, 522]","[786, 1016, 321, 933, 87, 71, 234, 579, 366, 93, 515, 465, 46, 661, 171, 299, 450, 1027, 209, 731, 201, 865, 1040, 167, 181, 65, 236, 709, 84, 711, 109, 510, 953, 7, 25]"
592,"[417, 123, 49, 203, 296, 78, 968, 19, 432, 323, 201, 1622, 741, 287, 1133, 407, 454, 1186, 200, 183, 805, 254, 846, 156, 353, 1007, 346, 250, 317, 186, 146, 424, 194, 196, 270, 41, 302, 55, 257, 951, 237, 272, 0, 261, 271, 60, 31, 167, 318, 178, 344, 27, 168, 651, 532, 136, 832, 58, 63, 681, 305, 214, 249, 483, 507, 704, 1038, 173, 918, 520, 545, 312, 282, 962, 10, 215, 99, 80, 460, 256, 319, 366, 701, 143, 13, 3, 853, 172, 11, 304, 533, 306, 1513, 404, 1096, 120, 191, 247, 420, 482, 220, 149, 1013, 478, 192, 843, 751, 222, 899, 852, 7, 264, 844, 588, 121, 1016, 656, 762, 521, 233, 190, 1198, 1072, 1225, 343, 97, 874, 326, 465, 187, 288, 292, 935, 241, 280, 1128, 193, 729, 131, 1183, 468, 654, 148, 685, 47, 92, 177, 1142, 543, 546, 1009, 88, 332, 345, 171, 1066, 1069, 442, 59, 466, 746, 481, 175, 223, 22, 381, 115, 91, 86, 68, 1355, 54, 70, 301, 339, 513, 356, 188, 267, 1015, 409, 14, 57, 1021, 195, 116, 284, 122, 479, 245, 275, 69, 21, 1010, 8, 567, 1070, 95, 474, 94, 886, 128, 46, 96, 525, 297, 470, 970, 426, 422, 248, 974, 285, 268, 325, 526, 653, 181, 23, 179, 1263, 150, 314, 462, 511, 197, 761, 812, 734, 236, 984, 1141, 517, 281, 590, 98, 557, 788, 349, 184, 169, 182, 6, 500, 2, 202, 133, 530, 134, 259, 602, 294, 749, 12, 108, 126, 1011]","[322, 335, 1314, 987, 1008, 124, 1376, 263, 1024, 875, 262, 410, 459, 1059, 456, 290, 265, 1318, 688, 329, 333, 431, 822, 781, 819, 235, 618, 1608, 1264, 1046, 341, 252, 630, 338, 330, 750, 117, 1280, 921, 293, 321, 1084, 180, 337, 897, 824, 260, 242, 300, 1022, 258, 924, 311, 677, 327, 743, 880, 331, 251, 938, 596, 291, 1047, 884, 889, 357, 471, 324, 894, 342, 430, 1257, 234, 244, 221, 1274, 679, 753, 892, 298, 682, 876, 1058, 139, 814, 930, 891, 885, 1275, 408, 286, 457, 684, 687, 1165, 747, 680, 627, 1619, 147, 1081, 983, 1078]"
593,"[632, 78, 210, 4, 171, 195, 401, 215, 69, 65, 99, 70, 124, 82, 76, 116, 806, 182, 192, 68, 161, 158, 658, 865, 240, 3, 139, 567, 173, 422, 14, 25, 172, 49, 356, 722, 659, 160, 285, 965, 142, 154, 97, 117, 384, 163, 55, 738, 1118, 746, 698, 365, 10, 590, 96, 199, 254, 132, 287, 281, 152, 236, 130, 317, 300, 734, 203, 416, 237, 741, 120, 110, 761, 282, 477, 143, 1015, 283, 87, 495, 178, 392, 162, 312, 271, 125, 180, 57, 222]","[391, 209, 654, 1034, 233, 608, 244, 64, 500, 596, 723, 181, 583, 1027, 691, 157, 450, 8, 814, 219, 274, 469, 780, 279, 845, 475, 660, 321, 618, 630, 760, 579, 277, 370, 105, 1011, 275, 156, 470, 545, 762, 24, 743, 232, 731, 1220, 50, 121, 948, 404, 976, 844, 7, 684, 48, 1013, 973, 467, 284, 72, 552, 774, 534, 39, 273, 292, 0]"
594,"[221, 13, 356, 241, 14, 220, 268, 99, 126, 198, 519, 514]","[236, 743, 285, 125, 987, 180, 49, 318, 482, 18, 244, 291, 275]"
595,"[1066, 1133, 288, 1058, 1008, 14, 281, 993, 590, 761, 507, 267, 150, 921, 329, 843, 180, 8, 474, 951, 245, 345, 297, 545, 292, 863, 13, 257, 2, 274, 1141, 409, 110, 49, 459, 126, 1009, 289, 99, 546]","[1263, 824, 1093, 927, 741, 762, 128, 596, 367, 290, 368, 929, 925, 1258, 254, 236, 677, 1311, 1060, 928, 323, 410, 293, 823, 879, 819, 108, 1022, 357, 747, 234, 303, 1164, 543, 324, 947, 221, 335, 287, 825, 814, 743, 239, 272, 844, 716, 120, 471, 273, 1027, 978, 870, 675, 985, 1046, 107]"
596,"[287, 293, 312, 180, 681, 322, 294, 299, 327, 49, 285]","[677, 122, 257, 12, 275, 148, 894, 288, 221]"
597,"[327, 299, 1151, 241, 297, 292, 14, 224, 49, 263, 762, 234, 282, 249, 126, 180, 150, 687, 476, 1015, 288, 293, 274, 741, 824, 747]","[823, 987, 935, 712, 1533, 294, 677, 322, 110, 23, 0, 117, 325, 989, 285]"
598,"[322, 348, 349, 312, 749, 291, 897, 307, 257, 311, 285, 747, 21, 299, 537]","[342, 690, 346, 268, 689, 894, 750, 259, 242, 258]"
599,"[681, 281, 872, 470, 1151, 1094, 927, 987, 236, 110, 594, 534, 755, 1314, 974, 887, 947, 1276, 254, 1013, 273, 762, 844, 747, 287, 475, 1277, 283, 845, 0, 219, 545, 279, 293]","[119, 933, 814, 507, 318, 259, 275, 871, 277, 1356, 244, 1047, 865]"
600,"[126, 226, 553, 525, 434, 549, 175, 225, 209, 49, 10, 650, 760, 61, 88, 509, 529, 449, 240, 187, 21, 268, 171, 514, 398, 176, 448, 683, 95, 160, 180, 55, 229, 194, 569, 3, 664, 181, 510, 186, 173, 182, 946, 1003, 517, 52, 567, 81, 78]","[91, 228, 1109, 1227, 1, 582, 1406, 37, 1230, 26, 227, 264, 402, 232, 585, 539, 561, 809, 1187, 540, 183, 28, 778, 230, 575, 384, 678, 770, 231, 430, 372, 1238, 719, 577, 565, 390, 758, 1418, 1273, 801]"
601,"[323, 180, 418, 173, 275, 495, 163, 249, 108, 178, 739, 481, 583, 1614, 126, 670, 185, 132, 190, 184, 171, 409, 90, 442, 762, 63, 21, 153, 200, 152, 86, 106, 426, 503, 162, 155, 221, 130, 240, 131, 182, 257, 209, 1083, 507, 229, 454, 140, 435, 356, 134, 317, 172, 324, 167, 482, 177, 478, 49, 428, 920, 259, 474, 99, 1038, 64, 381, 227, 1115, 283, 8, 430, 207, 197]","[1072, 833, 698, 622, 175, 256, 195, 183, 410, 38, 289, 139, 417, 20, 587, 1078, 70, 475, 948, 471, 286, 156, 57, 841, 11, 97, 224, 46, 377, 1134, 1046, 124, 150, 819, 672, 839, 927, 122, 142, 388, 1027, 1295, 203, 68, 1539, 287, 55, 1062, 237, 590, 404, 98, 258, 7, 863, 117, 95, 742, 293, 420, 147, 233, 120, 238, 415, 81, 364, 933, 386, 194, 405, 14, 472, 659]"
602,"[677, 303, 124, 49, 987, 126, 180, 147, 256, 8, 120, 0, 236, 537, 357, 116, 879, 293, 258]","[870, 747, 894, 456, 342, 260, 507, 242, 117, 299]"
603,"[229, 172, 10, 171, 99, 180, 747, 428, 379, 922, 182, 228, 1239, 384, 1482, 11, 293, 448, 215, 750, 179, 221, 312, 987, 21, 325, 209, 249, 49, 88, 473, 6, 55]","[20, 173, 930, 156, 270, 61, 418, 175, 746, 449, 227, 272, 226, 287]"
604,"[233, 669, 163, 47, 447, 636, 126, 557, 99, 6, 566, 446]","[443, 182, 184, 412, 200, 4, 199, 55, 183, 442, 217, 440, 97, 671, 287]"
605,"[126, 526, 530, 600, 136, 179, 581, 14, 132, 8, 97, 317, 482, 461, 190, 339, 251, 520, 281, 1225, 259, 175, 275, 287, 99, 21, 294, 495, 527, 285, 222, 131, 293, 356, 152, 125, 13, 68, 948, 268, 618, 370, 301, 11, 78, 407, 134, 0, 507, 522, 525, 332, 933, 186, 63, 274]","[283, 173, 753, 1039, 826, 236, 878, 254, 474, 324, 299, 292, 830, 120, 117, 872, 596, 300, 123, 142, 677, 116, 404, 470, 69, 237, 214, 209, 337, 244, 545, 929, 273, 110]"
606,"[417, 14, 185, 146, 472, 619, 95, 762, 94, 10, 227, 965, 286, 257, 63, 745, 32, 287, 21, 6, 420, 529, 264, 422, 548, 30, 659, 482, 143, 27, 1517, 1038, 213, 431, 927, 708, 131, 67, 171, 149, 82, 88, 202, 124, 160, 992, 173, 55, 561, 190, 238, 627, 156, 70, 24, 924, 134, 325, 193, 312, 728, 175, 215, 748, 90, 199, 182, 297, 68, 476, 247, 426, 418, 116, 506, 194, 47, 150, 938, 174, 98, 530, 746, 249, 236, 923, 661, 497, 99, 120, 490, 844, 434, 92, 654, 470, 23, 306, 195, 734, 167, 2, 384, 178, 507, 968, 404, 1054, 54, 962, 172, 205, 805, 233, 87, 186, 237, 332, 584, 110, 280, 292, 567, 208, 595, 155, 618, 500, 824, 180, 49, 203, 256, 201, 474, 467, 210, 515, 958, 281, 843, 941, 117, 126, 283, 97, 650, 322, 254, 200, 214, 37, 81, 272, 832, 0, 403, 712, 471, 526, 179, 545, 183, 440, 197, 187, 1064, 587, 1148, 392, 86, 691, 177, 96]","[122, 240, 1109, 209, 123, 196, 1276, 755, 759, 409, 454, 224, 152, 41, 1279, 207, 747, 1189, 427, 815, 646, 840, 1198, 221, 651, 1046, 1009, 1150, 102, 137, 684, 11, 128, 536, 259, 677, 293, 107, 683, 248, 147, 716, 918, 1015, 826, 590, 450, 80, 229, 7, 636, 78, 1010, 62, 950, 153, 235, 57, 184, 234, 925, 575]"
607,"[486, 528, 106, 85, 527, 846, 179, 44, 497, 474, 510, 482, 29, 473, 212, 310, 210, 706, 274, 493, 461, 136, 854, 99, 481, 237, 55]","[381, 120, 484, 221, 211, 886, 434, 173, 949, 18]"
608,"[1171, 489, 1114, 64, 8, 68, 418, 488, 608, 694, 192, 728, 1118, 1123, 672, 331, 237, 336, 960, 505, 567, 97, 143, 75, 606, 132, 184, 422, 752, 317, 195, 968, 274, 327, 212, 654, 24, 486, 659, 60, 426, 698, 498, 318, 332, 43, 99, 447, 27, 1008, 356, 460, 548, 1038, 938, 63, 55, 1100, 461, 10, 741, 206, 282, 605, 507, 1261, 847, 864, 602, 85, 130, 482, 69, 21, 316, 203, 181, 516, 217, 189, 442, 302, 22, 285, 734, 82, 1062, 305, 478, 504, 126, 78, 689, 58, 287, 735, 420, 267, 196, 233, 513, 339, 41, 186, 215, 1280, 92]","[660, 149, 1152, 275, 161, 96, 264, 788, 1112, 885, 57, 477, 3, 300, 214, 198, 657, 692, 131, 701, 165, 49, 15, 1182, 135, 320, 299, 173, 171, 309, 479, 7, 304, 474, 955, 1203, 693, 417, 125, 268, 261, 1220, 326, 194, 110, 506, 156, 468, 162, 167, 610, 293, 133, 508, 286, 91]"
609,"[286, 303, 124, 407, 876, 284, 312, 749, 14]","[537, 877, 900, 313, 907, 257, 287, 318, 293, 889, 1011, 474, 242, 258, 893, 0, 947, 146, 351]"
610,"[314, 10, 750, 482, 215, 526, 567, 401, 488, 142, 426, 11, 274, 116, 312, 152, 418, 27, 49, 275, 271, 182, 0, 581, 317, 7, 126, 184, 171, 186, 749, 504, 161, 69, 50, 754, 97, 132, 202, 479, 606, 672, 377, 422, 70, 484, 175, 605]","[1557, 96, 293, 330, 287, 55, 6, 590, 78, 698, 270, 476, 704, 734, 94, 209, 282, 8, 351, 507, 483, 515, 203, 194, 65, 134, 316]"
611,"[299, 349, 332, 343, 750, 285, 267, 268, 261, 333, 345, 335, 346, 751, 300, 306, 679, 881, 310, 339, 271, 304, 885, 749, 301, 314, 305]","[302, 895, 298, 312, 872, 886, 354, 323, 287, 352, 341, 1242, 905, 353, 689]"
612,"[1062, 923, 14, 603, 299, 274, 0, 116, 1059, 146, 863, 99, 479]","[925, 877, 8, 321, 236, 117, 258, 6, 476, 201, 242, 475, 24, 126]"
613,"[257, 302, 63, 126, 125, 0, 508, 193, 606, 513, 1314, 271, 434, 477, 49, 317, 296, 175, 529, 602, 88, 11, 278]","[470, 27, 631, 575, 1156]"
614,"[125, 99, 8, 254, 716, 293, 457, 755, 0, 146, 275, 507, 234, 120]","[286, 24, 116, 410, 280, 287, 545, 1008, 409, 475, 278, 121, 404, 471, 1133, 870, 840, 13, 292, 288, 6, 285, 236, 1141, 534]"
615,"[516, 169, 1020, 86, 1191, 643, 178, 659, 68, 198, 126, 526, 193, 21, 528, 631, 302, 517, 461, 274, 305, 210, 525, 177, 174, 630, 318, 522, 186, 22, 236, 854, 427, 731, 12, 208, 791, 207, 735, 422, 637, 215, 508, 356, 426, 25, 527, 179, 134, 167, 96, 190, 191, 212, 301, 513, 47, 69, 214, 1064, 268, 434, 474, 261, 82, 152, 520, 27, 285, 13, 518, 282, 85, 267, 628, 299, 196]","[734, 885, 258, 288, 293, 639, 706, 987, 159, 948, 677, 936, 99, 386, 324, 270, 698, 237, 189, 665, 682, 71, 581, 1127, 707, 331]"
616,"[268, 299, 354, 688, 749, 314, 271, 1312, 346, 321, 330, 322, 285, 302, 312, 288, 342, 287, 348, 878, 257, 936, 315, 291, 301]","[298, 677, 259, 347, 332, 872, 327, 328, 345, 338, 325, 747, 894, 244, 306, 361, 300, 326]"
617,"[564, 487, 88, 99, 184, 606, 174, 572, 643, 1018, 443, 479, 218, 182, 674, 446, 178, 645, 1020, 439, 634, 356, 655, 442, 652, 610, 667, 73, 301, 199, 670, 191, 426, 867, 319, 581]","[636, 6, 859, 395, 293, 131, 52, 97, 605, 133, 216, 241, 589, 435, 646, 766, 518, 183, 568, 428, 135, 496, 666, 773, 630, 144, 287, 562, 647, 474, 1072, 312, 668, 200, 237, 603, 614, 669, 169, 858, 344, 268, 173, 566, 447, 671, 452, 530, 55, 422, 233, 854, 412, 423, 495, 445, 451, 1611, 217, 673, 1186, 1315, 853, 16, 163, 440, 514, 546, 557, 558, 815, 497]"
618,"[99, 184, 181, 27, 236, 130, 495, 272, 11, 195, 78, 49, 377, 142, 160, 167, 240, 958, 596, 189, 131, 70, 191, 654, 317, 65, 384, 422, 575, 96, 595, 214, 965, 90, 43, 116, 691, 10, 624, 190, 81, 418, 426, 175, 21, 500, 403, 0, 506, 814, 68, 525, 22, 97, 233, 186, 608, 581, 442, 126, 923, 182, 1038, 63, 431, 192, 402, 180, 6, 567, 120, 650, 132, 171, 55, 486, 312, 143, 87, 415, 264, 173, 482, 185, 712, 134, 30, 505, 199, 587, 530]","[203, 780, 366, 92, 95, 1, 777, 696, 1070, 723, 943, 76, 281, 391, 209, 704, 548, 149, 8, 476, 172, 761, 1467, 432, 1057, 215, 558, 719, 238, 3, 122, 672, 355, 370, 1031, 675, 968, 954, 275, 762, 194, 123, 196, 683, 496, 461, 1065, 484, 124, 1184, 745, 728, 67, 202, 69, 201, 1047, 941, 789, 420, 784, 282, 470, 150, 117, 734, 108, 961, 64, 163, 135, 924, 698, 53, 51, 217, 158, 419, 769, 1224, 287, 659, 730, 457, 61, 274, 24, 7, 98, 469, 894, 153, 1211, 72, 89, 678, 708, 692, 549, 110, 754, 722, 237, 467, 417, 938, 86, 632, 565, 1220, 23, 232, 94, 1162, 213, 54, 32, 147, 48, 1062, 775, 520, 381, 14, 627]"
619,"[244, 116, 402, 240, 331, 225, 650, 312, 719, 49, 1015, 257, 299, 330, 117, 567, 878, 126, 280, 187, 272, 301, 173, 182, 21, 81, 384, 664, 143, 186, 549, 575, 294, 565, 180, 194, 175, 95, 26, 297, 232, 120, 160, 230, 596, 683, 181, 78, 577]","[38, 808, 327, 61, 1313, 287, 824, 514, 349, 404, 256, 54, 251, 306, 1230, 345, 293, 28, 16, 52, 362, 322, 807, 826, 684, 749, 553, 561, 325, 390, 405, 32, 332, 10, 848, 292, 545, 67, 326, 55]"
620,"[70, 1042, 267, 564, 464, 767, 293, 120, 378, 1034, 562, 280, 500, 239, 287, 353, 794, 992, 245, 0, 739, 403, 117, 422, 14, 415, 927, 945, 97, 819, 968, 408, 768, 139, 144, 622, 858, 163, 62, 1035, 312, 173, 27, 1065, 322, 1502, 137, 236, 180, 754, 81, 171, 77, 594, 405, 93, 741, 431, 172, 111, 94, 626, 49, 1090, 587, 150, 698, 259, 559, 392, 6]","[443, 929, 100, 677, 624, 147, 681, 98, 682, 894, 299, 34, 673, 974, 224, 7, 90, 124, 950, 146, 705, 122, 759, 833, 923, 242, 99, 675, 595, 930, 233, 419, 757, 1218, 421, 1479, 417, 418, 451]"
621,"[106, 747, 134, 540, 553, 180, 32, 422, 196, 3, 558, 230, 66, 207, 300, 116, 1011, 150, 248, 16, 99, 943, 40, 171, 221, 256, 721, 560, 249, 179, 240, 267, 745, 95, 272, 419, 623, 332, 762, 108, 52, 127, 297, 583, 122, 384, 124, 23, 86, 418, 1027, 270, 27, 409, 734, 577, 269, 79, 685, 182, 394, 239, 454, 431, 6, 1092, 878, 94, 624, 779, 172, 67, 49, 312, 567, 1034, 691, 24, 153, 54, 720, 1015, 275, 789, 2, 81, 61, 7, 750, 72, 199, 78, 803, 584, 147, 404, 808]","[403, 566, 541, 832, 262, 146, 450, 363, 875, 71, 292, 575, 299, 1117, 768, 62, 382, 880, 754, 416, 392, 397, 173, 70, 400, 390, 121, 175, 538, 824, 471, 809, 893, 1012, 1028, 870, 778, 545, 1046, 120, 939, 539, 0, 142, 675, 366, 160, 93, 500, 87, 64, 1227, 576, 587, 1, 782, 232, 39, 1035, 1184, 417, 298, 183, 141, 90, 889, 117, 107, 385, 794, 925, 234, 37, 383]"
622,"[1, 992, 729, 754, 478, 11, 282, 10, 29, 520, 193, 692, 167, 366, 779, 131, 431, 14, 164, 567, 143, 55, 49, 297, 45, 165, 736, 379, 156, 1038, 407, 495, 402, 142, 596, 88, 249, 232, 216, 384, 63, 432, 549, 183, 213, 85, 89, 832, 155, 168, 276, 82, 221, 1180, 100, 99, 404, 208, 110, 510, 580, 587, 212, 201, 206, 98, 134, 182, 173, 720, 247, 7, 97, 95, 194, 433, 418, 28, 450, 21, 172, 479, 78, 1215, 362, 762, 94, 152, 23, 577, 174, 3, 8, 126, 116, 68, 189, 153, 1410, 6, 230, 197, 430, 225, 171, 426, 175, 248, 108, 227, 177, 61, 275, 180, 198]","[844, 796, 105, 755, 283, 239, 518, 195, 119, 104, 71, 65, 363, 372, 251, 721, 1302, 0, 1551, 541, 81, 1206, 854, 471, 46, 704, 557, 576, 551, 684, 808, 141, 448, 211, 117, 214, 30, 948, 66, 293, 678, 27, 93, 794, 394, 1078, 552, 1073, 395, 401, 865, 205, 40, 422, 1077, 203, 673, 69, 481, 1407, 120, 48, 279, 1202, 161, 209, 483, 252, 124, 158, 780, 1406, 664, 1059, 585, 403, 531, 374, 226, 933, 505, 624, 1015, 807, 79, 385, 229, 256, 540, 449, 228, 738, 87, 417, 1418, 1229, 1227, 724, 217, 718, 976, 2, 390, 160, 500, 1148, 741, 768, 977, 1405, 184, 1230, 473]"
623,"[49, 274, 522, 203, 482, 87, 233, 65, 434, 658, 647, 282, 180, 78, 226, 221, 193, 126, 120, 209, 215, 524, 14, 602, 450, 257, 69, 184, 273]","[814, 641, 691, 628, 503, 182, 297, 290, 162, 210, 185, 285, 201, 227, 152, 287]"
624,"[470, 277, 49, 261, 741, 271, 885, 136, 326, 241, 474, 346, 257, 284, 923, 236, 627, 918, 332, 740, 287, 285, 327, 146, 272, 1047, 123, 180, 1119, 904, 149, 6, 304, 268, 275, 249, 247, 267, 13, 14, 0, 299, 24, 126, 312, 99, 979, 292, 320, 543, 689, 315, 1066, 978, 92, 245, 992, 1011, 301, 297, 234, 1009, 311, 410, 695, 761, 507, 404, 409, 125, 281, 869, 749, 309, 274, 832, 1113]","[863, 345, 270, 747, 951, 814, 107, 533, 1046, 880, 1016, 248, 686, 341, 875, 1027, 322, 1094, 677, 259, 1015, 590, 122, 110, 269, 1088, 124, 357, 293, 239, 294, 596, 830, 256, 23, 472, 244, 762, 454, 121, 927, 318, 897, 823, 235, 116, 306, 844, 476, 618, 545, 1288, 328, 120, 339, 2, 1058, 688, 254, 878, 594, 300, 325, 865]"
625,"[171, 95, 257, 427, 168, 187, 212, 247, 194, 221, 178, 213, 646, 482, 479, 133, 587, 249, 256, 392, 180, 22, 497, 143, 602, 285, 237, 407, 483, 215, 3, 422, 173, 750, 90, 175, 384, 854, 478, 134, 49, 96, 196, 651, 514, 197, 960]","[747, 738, 150, 691, 601, 165, 208, 545, 264, 182, 583, 527, 190, 432, 944, 254, 201, 189, 172, 356, 153, 402, 516, 515, 207, 379, 639, 404, 167, 654, 253, 1019, 513, 211, 234, 209, 677, 99, 21, 203, 282, 293, 1015, 521, 191, 518, 120, 475, 24, 94, 653, 199, 299, 704, 596, 164, 485, 731, 69]"
626,"[323, 285, 312, 922, 267, 257, 271, 301, 326]","[287, 681, 293, 327, 242, 987, 947, 288, 331, 263, 747, 329, 357, 322, 265, 332, 680, 677, 335, 269, 878, 291, 679]"
627,"[178, 1003, 1193, 466, 299, 156, 648, 703, 181, 272, 1135, 257, 183, 433, 176, 91, 190, 10, 38, 57, 509, 195, 317, 182, 796, 650, 54, 635, 61, 696, 69, 50, 11, 204, 175, 99, 229, 67, 848, 196, 327, 21, 430, 227, 179, 6, 194, 791, 522, 734, 519, 186, 198, 627, 654, 270, 8, 134, 510, 527, 236, 244, 187, 52, 81, 22, 689, 88, 316, 192, 434, 525, 659, 683, 240, 540, 517, 1266, 63]","[25, 698, 280, 209, 143, 402, 955, 96, 174, 161, 580, 548, 719, 739, 723, 171, 684, 398, 214, 585, 457, 731, 116, 85, 213, 1133, 938, 82, 68, 1073, 545, 283, 120, 460, 3, 225, 238, 728, 948, 553, 596, 404, 75, 630, 581, 807, 567, 561, 809, 672, 95, 577, 26, 422, 226, 552, 160, 801, 520, 1134, 287, 46, 712, 470, 122, 1, 32, 357, 549, 173, 678, 27, 1477, 288, 664, 590, 232, 467, 941, 946, 76, 401, 386, 51, 124, 1043, 575, 78, 565, 529, 940, 55, 16, 147, 275, 692, 657, 228, 281, 469, 384, 231]"
628,"[269, 329, 167, 301, 937, 873, 304, 299, 844, 360, 339, 287, 332, 291, 241, 325, 337, 1024, 1295, 257, 689, 331, 293, 983, 300]","[172, 7]"
629,"[283, 57, 8, 527, 1108, 186, 161, 331, 203, 462, 879, 194, 206, 116, 316, 196, 508, 1118, 565, 49, 134, 659, 264, 181, 63, 146, 14, 422, 291, 201, 86, 171, 332, 21, 198, 683, 257, 466, 380, 728, 318, 306, 285, 97, 11, 110, 650, 503, 654, 474, 192, 131, 299, 54, 22, 173, 172, 136, 415, 209, 222, 68, 356, 143, 195, 233, 99, 287, 276, 91, 692, 657, 391, 85, 237, 267, 152, 275, 731, 55, 434, 199, 270, 240, 159, 193, 126, 274]","[268, 885, 10, 990, 6, 708, 339, 983, 300, 190, 80, 522, 321, 326, 689, 3, 330, 327, 293, 244, 308, 272, 269, 1037, 424, 631, 323, 41, 325, 698, 880, 38, 875]"
630,"[293, 475, 116, 277, 1039, 221, 11, 476, 1046, 410, 254, 594, 294, 894, 1022, 95, 271, 125, 297, 287, 619, 117, 974, 299, 928, 6, 596, 755, 236, 215, 322, 97, 741, 0, 122, 534, 120, 10, 238, 272, 863, 110, 819, 119, 567, 194, 731, 63, 470]","[933, 844, 716, 126, 870, 24, 257, 242, 70, 411, 249, 190, 256, 171, 831, 69, 929, 321, 99, 275, 1054, 173, 279, 982, 408, 49, 30, 987, 251, 309, 239, 734, 686, 495, 639, 192, 324, 549, 931, 152, 68, 356, 212, 464, 818, 14, 124, 180, 8, 281, 1196, 21, 865, 263, 471, 1078, 545, 1060, 814]"
631,"[271, 345, 288, 312, 300, 306, 309, 314, 885]","[285, 337, 333, 1526, 681, 287, 293, 322, 876, 331, 872]"
632,"[187, 621, 163, 70, 201, 418, 95, 171, 78, 96, 469, 479, 130, 183, 281, 185, 482, 80, 356, 403, 422, 214, 180, 143, 734, 704, 97, 509, 203, 182, 683, 173, 167, 49, 590, 384, 81, 10, 131, 142, 98, 194, 94, 844, 450, 526, 678, 63, 355, 132, 172, 200, 68, 484, 317, 1, 257, 209, 21, 193, 190, 632, 650, 11, 50, 565, 133]","[287, 24, 27, 57, 158, 236, 67, 745, 149, 654, 401, 233, 16, 55, 274, 587, 431, 762, 275, 155, 160, 90, 232, 0, 507, 54, 719, 226, 738, 692, 195, 1182, 608, 548, 567, 876, 522, 72, 53, 227, 99, 684, 549, 6, 181, 474, 1027, 202, 467, 366, 175]"
633,"[27, 525, 142, 78, 233, 182, 384, 404, 1018, 938, 1045, 327, 97, 317, 146, 49, 236, 422, 81, 93, 95, 194, 299, 225, 158]","[1131, 175, 287, 777, 409, 171, 321, 275, 316, 650, 251, 565, 109, 120, 116, 664, 176, 127, 4, 288, 332, 497, 920, 957, 55, 76, 96, 870, 44, 70, 580, 147, 653]"
634,"[457, 236, 404, 301, 285, 596, 128, 470, 99, 257, 6, 507, 410, 312, 339, 281, 923, 49, 12, 741, 120, 984, 314, 716, 124, 627, 921, 126, 330, 594, 474, 117, 8, 271, 675, 514, 14, 284, 108, 24, 590, 1066, 322, 280, 116, 275, 247, 545, 293, 546, 949, 409, 743, 92, 1196, 695, 1010, 283, 684, 110, 268, 332]","[475, 272, 976, 1007, 918, 123, 220, 149, 595, 822, 978, 459, 1198, 274, 1047, 340, 292, 13, 234, 747, 20, 125, 818, 273, 286, 324, 755, 761, 931, 863, 1141, 105, 839, 1283, 1008, 762, 121, 136, 0, 239, 990, 740, 476, 1334, 282, 1046, 221, 543, 287, 321, 115, 472, 677, 928, 739, 932, 1048, 689, 1083, 289, 146, 865, 224, 844, 244, 1161, 759, 987, 291, 299, 933, 407, 1027]"
635,"[268, 261, 885, 0, 254, 326, 306, 330, 245, 332, 267, 301]","[872, 293, 299, 747, 12, 300, 874, 275, 1024, 322, 236, 116, 878, 14, 327, 681, 873, 357, 876, 741, 149, 687]"
636,"[221, 595, 739, 257, 312, 120, 99, 812, 117, 9, 14, 105, 271, 24, 759, 234]","[0, 8, 274, 282]"
637,"[99, 689, 331, 514, 1343, 407, 49, 743, 1232, 0, 337, 273, 935, 285, 290, 120, 150, 24, 180, 741, 327, 14]","[828, 830, 594, 279, 362, 1373, 110, 984, 470, 409, 832, 543, 293, 254, 716, 147, 410, 474, 1225, 272, 149, 1101, 404, 545, 534, 288, 1050, 925, 324, 332, 322, 117, 148, 123, 872, 292, 1010, 933, 740, 921, 274, 865, 23, 1243, 224, 595, 6, 300, 8, 243, 1032, 846, 244, 282, 124, 930, 739, 675, 684, 1027, 12, 245, 267, 256, 321, 236, 281, 459, 814, 146, 590, 234, 284, 1257, 299, 1283, 618, 1059, 92, 126, 116, 507]"
638,"[182, 49, 409, 160, 171, 180, 143, 514, 229, 88, 429, 237, 264, 233, 549, 120, 185, 203, 430, 173, 684, 194, 167, 95, 221, 384, 522, 116, 210, 21, 3, 225, 184, 174, 209]","[193, 471, 126, 553, 513, 240, 99, 117, 227, 448, 635, 503, 226, 678, 402, 509, 61, 97, 175, 81, 434, 228, 449, 127, 187, 201, 454, 510, 186, 404, 28, 152]"
639,"[241, 487, 305, 169, 486, 461, 1019, 1193, 526, 211, 970, 97, 706, 637, 512, 274, 426, 777, 177, 957, 614, 650, 82, 527, 134, 922, 212, 173, 450, 518, 47, 482, 660, 525, 603, 285, 510, 1192, 193, 739, 693, 282, 85, 27, 13, 834, 515, 862, 672, 18, 513]","[87, 57, 658, 708, 552, 165, 516, 209, 197, 961, 1120, 1162, 50, 69, 691, 511, 663, 386, 167, 201, 196, 304, 723, 136, 65, 198, 268, 190, 273, 795, 154, 312, 413, 470, 1194, 583, 299, 659, 647, 370, 110, 509, 749, 96, 726, 152, 715, 58, 178, 236, 215, 86, 56, 356, 11, 746, 701, 1464, 115, 581, 548, 380, 51, 791, 310, 654, 161, 785, 646, 195, 738, 381, 172, 203, 579, 1004, 730, 661, 279, 192, 422, 214, 1064, 989, 713, 322, 948, 508, 952, 164, 355, 284, 864, 59, 60, 99, 1100]"
640,"[10, 52, 940, 172, 37, 384, 203, 731, 238, 1072, 662, 565, 951, 473, 194, 356, 11, 200, 749, 3, 185, 167, 63, 381, 125, 248, 683, 55, 317, 918, 750, 84, 341, 789, 13, 209, 301, 78, 549, 150, 133, 1227, 567, 230, 201, 67, 777, 65, 232, 21, 179, 427, 169, 69, 353, 337, 303, 495, 46, 345, 312, 760, 188, 460, 173, 1066, 90, 692, 268, 183, 54, 213, 168, 41, 314, 690, 181, 590, 1, 579, 95, 80, 91, 225, 149, 208, 160, 174, 769, 688]","[719, 577, 1015, 335, 1243, 1053, 346, 368, 826, 390, 925, 539, 61, 32, 1257, 372, 300, 1009, 801]"
641,"[58, 513, 82, 123, 191, 483, 433, 864, 267, 88, 426, 284, 241, 304, 208, 1038, 510, 512, 63, 29, 133, 968, 22, 656, 557, 202, 197, 482, 300, 431, 527, 496]","[302, 495, 49, 1193, 337, 269, 335, 257]"
642,"[1038, 37, 920, 719, 727, 1468, 104, 1414, 767, 209, 96, 132, 49, 71, 965, 595, 551, 64, 258, 1078, 622, 21, 293, 825, 79, 141, 1027, 461, 526, 87, 363, 147, 768, 789, 698, 14, 248, 70, 958, 1472, 540, 249, 28, 596, 390, 558, 1284, 1218, 0, 55, 584, 232, 564, 578, 7, 81, 1139, 1035, 402, 484, 814, 391, 394, 124, 730, 844, 1013, 366, 450, 541, 142, 137, 173, 861, 89, 312, 417, 253, 722, 82, 167, 576, 203, 48, 408, 364, 464, 365, 224, 382, 65, 469, 95, 164, 553, 12, 165, 1029, 941, 1135, 66, 943, 355, 140, 559, 731, 738, 385, 101, 650, 1, 782, 236, 741, 779, 471, 930, 621, 400, 27, 992, 50, 172, 1238, 587, 1077, 53, 410, 415, 931, 185, 406, 116, 794, 495, 1223, 20, 774, 583, 367, 724, 418, 244, 90, 1184, 146, 383, 795, 384, 1090, 120, 925, 219, 392, 190, 811, 927, 207, 39, 171, 1031, 793, 63, 419, 68, 446, 1151, 94, 251, 567, 401, 256, 1054, 399, 685, 180, 747, 476, 552, 755, 72]","[69, 950, 745, 131, 1032, 134, 442, 1022, 150, 374, 257, 467, 500, 1010, 1180, 1177, 52, 239, 995, 1028, 43, 569, 62, 1075, 138, 67, 194, 624, 234, 411, 1412, 728, 217, 1479, 88, 443, 574, 626, 416, 973, 1062, 623, 119, 98, 1530, 721, 1508, 1502, 1310, 375, 215, 462, 863, 754, 233, 152, 1048, 1094, 945, 377, 40, 1125, 376, 403, 230, 725, 291, 870, 764, 422, 948, 842, 93, 77, 1065, 831, 421, 201, 1046, 1145, 999, 1208, 121, 472, 678, 155, 1178, 800, 570, 426, 627, 34, 440, 216, 135, 317, 1052, 404, 139, 397, 398, 770, 287, 672, 568, 733, 968, 368, 1132, 608, 1335, 409, 974, 117, 109, 1053, 1424, 778, 580, 1036, 3, 431, 659, 1057, 939, 57, 154, 933, 758, 451, 826, 356, 130, 1286, 1181, 997, 954]"
643,"[418, 670, 153, 188, 55, 142, 483, 202, 927, 442, 86, 151, 215, 222, 207, 227, 52, 287, 149, 110, 23, 366, 234, 99, 507, 172, 419, 93, 500, 409, 518, 194, 254, 176, 422, 162, 0, 22, 167, 232, 481, 467, 208, 520, 417, 204, 98, 31, 789, 11, 968, 714, 662, 1011, 210, 403, 91, 267, 482, 49, 469, 128, 275, 64, 638, 27, 355, 504, 113, 41, 515, 184, 1064, 218, 480, 672, 152, 168, 131, 71, 658, 239, 120, 434, 126, 495, 155, 143, 446, 473, 178, 196, 245, 185, 431, 503, 514, 173, 655, 567, 66, 6, 54, 491, 602, 779, 175, 10, 95, 429, 209, 186, 955, 356, 233, 171, 57, 407, 435, 392, 193, 3, 427, 182, 1097, 78, 46, 654, 38]","[228, 1100, 545, 1148, 819, 116, 596, 711, 793, 281, 88, 69, 261, 248, 180, 76, 68, 154, 48, 1073, 549, 731, 65, 199, 398, 161, 823, 1138, 738, 513, 230, 203, 565, 97, 678, 32, 673, 272, 28, 630, 384, 447, 628, 158, 237, 844, 87, 67, 404, 127, 402, 324, 684, 664, 1015, 508, 160, 1, 214, 1220, 715, 146, 1027, 958, 225, 526, 81, 201, 217, 117, 570, 1214, 4, 571, 629, 720, 450]"
644,"[99, 747, 299, 822, 293, 256, 49, 242, 120, 325, 306, 596, 257, 292, 290, 1619, 327, 260, 126, 236, 322, 321, 1024, 987, 180, 329, 297, 456, 116, 249, 870, 258, 976, 275, 545, 124, 872, 307, 254]","[1609, 288, 332]"
645,"[68, 178, 674, 196, 174, 511, 522, 657, 199, 80, 433, 285, 58, 86, 955, 202, 517, 167, 182, 208, 639, 187, 69, 473, 27, 432, 962, 3, 487, 429, 210, 10, 482, 215, 426, 133, 267, 663, 512, 64, 211, 185, 172, 557, 88, 31, 513, 468, 21, 317, 339, 190, 171, 959, 207, 46, 655, 213, 173, 434, 97, 179, 60, 59, 481, 640, 1158, 653, 29, 505, 954, 184, 49, 652, 181, 176, 22, 745, 520, 47, 45, 134, 193, 180, 194, 356, 427, 958, 649]","[747, 1017, 54, 402, 90, 626, 227, 72, 446, 659, 672, 238, 771, 615, 242, 318, 708, 257, 707, 495, 366, 95, 63, 71, 300, 91, 55, 287, 38, 673, 197, 201, 183]"
646,"[312, 314, 1021, 1175, 271]","[689, 303, 681, 345, 682, 318, 257, 346, 1236, 299, 891, 309, 892, 331, 348, 677, 907, 750, 293, 876, 747, 258, 322, 879, 1312, 351, 894, 285, 287, 306, 353, 327, 749]"
647,"[553, 747, 603, 587, 630, 489, 221, 704, 133, 426, 741, 254, 992, 71, 21, 402, 230, 87, 120, 567, 1046, 14, 356, 172, 70, 78, 72, 404, 495, 28, 76, 176, 196, 299, 81, 1015, 195, 201, 135, 401, 146, 173]","[325, 116, 327, 249, 290, 256, 212, 830, 69, 1013, 236, 202, 1262, 1062, 293, 297]"
648,"[95, 287, 303, 187, 153, 193, 132, 1049, 553, 97, 251, 177, 496, 190, 106, 684, 117, 428, 27, 183, 215, 173, 78, 4, 470, 398, 194, 384, 635, 225, 433, 392, 478, 577, 264, 614, 567, 176, 406, 172, 142, 66, 180, 504, 402, 446, 429, 1002, 928, 519, 229, 322, 151, 501, 65, 549, 518, 509, 171, 168, 201, 824, 0, 499, 93, 110, 198, 122, 192, 927, 221, 482, 431, 39, 167, 144, 545, 21, 178, 562, 184, 422, 483, 274, 182, 430, 218, 88, 565, 203, 233, 294, 228, 249, 1270, 152, 809, 207, 82, 1, 61, 120, 71, 435, 166, 745, 37, 209, 62, 780, 716, 383, 628, 404, 683, 163, 385, 434, 227, 691, 185, 473, 739, 526, 575, 741, 363, 87, 108, 143, 495, 602, 234, 81, 210, 175, 49]","[472, 297, 673, 585, 104, 68, 410, 1243, 796, 1071, 202, 32, 674, 506, 747, 563, 121, 522, 239, 877, 675, 174, 67, 289, 826, 721, 3, 686, 442, 861, 102, 923, 1046, 217, 55, 1091, 372, 23, 366, 116, 237, 69, 996, 405, 678, 1375, 124, 70, 409, 224, 661, 1175, 48, 815, 558, 230, 253, 16, 497, 214, 413, 819, 186, 126, 839, 755, 1109, 727, 929, 412, 454, 367, 443, 14, 8, 930, 677, 378, 1227, 199, 356, 476, 830, 111, 618, 226, 12, 1027, 1028, 779, 103, 24, 22, 925, 13, 636, 160, 290, 757, 1029, 664, 453, 725, 411, 179, 28, 560, 1040, 196, 6, 1032, 204, 448, 451, 825, 471, 634, 1257, 568, 20, 564, 712, 89, 768, 46, 574, 742, 863, 584, 94, 595, 216, 808, 662, 474, 525, 427, 390, 293, 513, 1059, 762, 285, 150, 219, 632, 1625, 440, 670, 1336, 248, 903, 376, 447, 457, 109, 38, 280, 455, 317]"
649,"[0, 1015, 14, 290, 146, 253, 23, 297, 281, 49, 470, 180, 116, 251, 256, 126]","[274, 1243, 1282, 322, 249, 120, 677, 814]"
650,"[629, 551, 196, 49, 6, 479, 428, 444, 203, 497, 434, 673, 483, 506, 195, 237, 54, 1064, 174, 142, 967, 312, 268, 662, 193, 194, 1125, 221, 197, 233, 97, 182, 607, 514, 98, 90, 163, 171, 215, 495, 433, 1148, 611, 95, 525, 529, 133, 1109, 198, 140, 704, 180, 227, 199, 429, 204, 602, 426, 185, 271, 482, 418, 477, 117, 167, 431, 492, 132, 135, 632, 229, 116, 134, 99, 356, 205, 131, 518, 210, 207, 190, 519, 175, 264, 172, 442, 173, 473, 510, 384, 656, 601, 152, 88, 269, 478]","[516, 513, 842, 746, 1473, 308, 520, 216, 736, 398, 707, 750, 664, 1118, 94, 242, 65, 181, 139, 484, 201, 126, 580, 636, 76, 628, 226, 218, 448, 691, 649, 670, 285, 3, 366, 222, 209, 968, 647, 658, 232, 678, 779, 738, 545, 741, 178, 280, 553, 179, 1246, 162, 153, 81, 62, 500, 672, 754, 509, 231, 443, 71, 187, 228, 402, 451, 522, 494, 626, 1030, 403, 848, 653, 415, 714, 570, 630, 154, 524, 372, 734, 211, 575, 370, 526, 96, 475, 160, 287, 1117, 450, 1059, 1038, 78, 68, 501, 635, 643, 0, 186, 508, 660, 208, 21, 156, 53, 1034, 401, 419, 315, 136, 379, 567, 213, 661, 422, 293, 14, 471, 565, 577, 184, 214, 392, 79, 621, 217, 151, 549, 481, 120, 238, 37, 20, 560, 159, 731, 108, 619, 1214, 390, 505, 300, 657, 493, 55, 925, 416, 430, 718, 87, 808, 527, 192, 927, 234, 1134, 28, 388, 587, 1626, 176, 446, 550, 562, 230, 449, 354, 314, 498, 624, 490, 822, 270, 322, 578, 72, 596, 669, 627, 603, 1418, 584, 362, 1049, 503, 897, 24, 202, 600, 641, 257, 638, 256, 289, 144, 613, 70, 558, 158, 161, 488, 225, 150, 1, 130, 143, 377, 67, 61, 634, 157, 22, 564, 26]"
651,"[305, 241, 285, 326, 284, 126, 514, 268, 301, 275]","[291, 267, 293, 115, 682, 300, 994, 689, 331, 321, 308]"
652,"[698, 244, 281, 537, 95, 306, 299, 332, 274, 327]","[322, 258, 300, 394, 287, 293, 256, 983, 285, 124, 747, 878]"
653,"[49, 271, 565, 82, 156, 309, 179, 180, 86, 1011, 473, 447, 508, 238, 747, 21, 63, 203, 312, 81, 491, 479, 522, 126, 384, 929, 194, 227, 299, 510, 120, 745, 596, 192, 356, 162, 290, 327, 656, 178, 55, 199, 88, 27, 116, 306, 185, 983, 173, 160, 155, 530, 244, 285, 683, 627, 190, 520, 95, 198, 68, 0, 99, 78, 197, 317, 332, 839, 187, 264, 430, 209, 186, 134]","[163, 572, 401, 443, 1043, 256, 225, 575, 152, 1209, 435, 621, 1013, 1139, 210, 731, 526, 1227, 501, 1619, 408, 736, 387, 394, 1205, 97, 684, 6, 195, 229, 1022, 966, 215, 404, 377, 1, 100, 764, 281, 475, 457, 415, 76, 448, 516, 213, 505, 233, 450, 789, 519, 695, 87, 54, 135, 571, 1187, 549, 741, 422, 196, 577, 176, 201, 222, 104, 818, 755, 721, 380, 562, 127, 454, 151, 673, 214, 10, 193, 762, 1027, 232, 138, 653, 940, 574, 96, 379, 861, 221, 509, 385, 93, 943, 80, 257, 424, 365, 69, 657, 293, 52, 637, 3, 517, 1443, 972, 402, 1134, 167, 525, 224, 228, 507, 801, 718, 1015, 427, 212, 428, 1266, 778, 226, 796, 175, 711, 184, 808, 247, 1182, 580, 166, 1206, 142, 153, 630, 495, 779, 289, 658, 218, 678, 292, 1477, 641, 61, 727, 701, 207, 1138, 204, 131, 174, 14, 692, 124, 669, 62, 754, 470, 406, 822, 1132, 545, 685, 53, 37, 355, 770, 691, 182, 110, 366, 738, 141, 144, 584, 117, 618, 236, 171, 481, 231, 1135, 619, 1034, 392, 1086, 446, 237, 143, 1100, 570, 1243, 1045, 440, 41, 409, 1230, 75, 471, 707, 1041, 181, 370, 1064, 1131, 159, 150, 410]"
654,"[3, 422, 257, 317, 545, 221, 65, 68, 256, 1034, 1284, 312, 127, 677, 49, 968, 755, 110, 316, 167, 55, 283, 467, 21, 962, 115, 27, 215, 78, 203, 172, 123, 171, 173, 168, 430, 264, 116, 659, 282, 738, 384, 590, 299, 143, 1019, 735, 925, 1015, 274, 237, 734, 0, 194, 209, 331, 248, 238, 214, 136, 741, 113, 152, 150, 142, 195, 407, 7, 97, 637, 94, 10, 69, 290, 268, 596, 120, 86, 461, 567, 844, 273, 587, 82, 301, 23, 236, 366, 222, 11, 417, 784, 747, 188, 81, 719, 495, 404]","[249, 557, 820, 277, 745, 1008, 824, 293, 180, 12, 267, 287, 245, 108, 70, 80, 53, 472, 275, 251, 99, 217, 96, 335, 380, 1164, 1282, 153, 534, 2, 475, 688, 146, 117, 1047, 24, 254, 145, 595, 1013, 13, 507, 1114, 281, 750, 14, 247, 454, 369]"
655,"[197, 343, 178, 97, 184, 302, 1650, 272, 516, 1417, 133, 31, 961, 1584, 697, 212, 866, 148, 182, 1193, 171, 1641, 186, 609, 738, 1130, 63, 85, 528, 292, 166, 345, 319, 903, 49, 546, 1638, 215, 1649, 603, 1191, 1210, 1367, 47, 301, 274, 88, 296, 630, 650, 482, 1552, 1004, 442, 132, 284, 530, 295, 134, 269, 1622, 45, 78, 177, 1069, 314, 275, 895, 241, 941, 5, 1379, 1106, 873, 513, 126, 261, 181, 312, 199, 637, 479, 503, 843, 317, 606, 29, 1175, 315, 506, 190, 501, 1630, 58, 426, 478, 447, 514, 446, 356, 602, 136, 297, 914, 1635, 864, 1644, 527, 1642, 154, 557, 142, 304, 912]","[273, 125, 692, 1402, 669, 522, 735, 52, 65, 280, 51, 223, 917, 13, 934, 725, 944, 346, 1157, 204, 549, 804, 57, 161, 99, 50, 726, 743, 1096, 508, 958, 684, 1369, 475, 1231, 1604, 507, 532, 26, 627, 282, 35, 504, 706, 279, 949, 610, 209, 575, 1318, 251, 1207, 1006, 1350, 1045, 1168, 1394, 1044, 524, 781, 158, 1015, 1028, 526, 1378, 207, 1133, 908, 1007, 1606, 76, 499, 1537, 791, 283, 618, 732, 935, 1084, 480, 1648, 671, 1016, 727, 96, 116, 270, 1066, 571, 1196, 1251, 165, 1474, 392, 957, 320, 1102, 290, 285, 1225, 1107, 922, 24, 1127, 401, 19, 874, 128, 959, 1254, 1343, 655, 174, 329, 515, 37, 59, 227, 1628, 628, 716, 149, 777, 41, 1461, 1531, 521, 805, 879, 1489, 752, 1534, 1599, 1559, 699, 1643, 432, 497, 69, 902, 905, 739, 238, 91, 353, 43, 646, 233, 536, 293, 1220, 1139, 1601, 653, 474, 1287, 1060, 318, 771, 18, 309, 325, 611, 1435, 978, 123, 1465, 693, 287, 830, 473, 23, 894, 288, 520, 160, 1280, 220, 1061, 731, 1195, 201, 517, 683, 799, 416, 189, 344, 384, 535, 80, 305, 1068, 707, 86, 323, 248, 1098, 749, 164, 256, 631, 386, 593, 465, 1170, 1008, 214, 264, 206, 1500, 151, 918, 1222, 769, 1420, 920, 954, 187, 1377, 1052, 1166, 404, 886, 973, 1321, 424, 1631, 448, 247, 0, 25, 1073, 395, 1646, 194, 173, 701, 115, 64, 331, 95, 1505, 1169, 661, 1374, 124, 1405, 1272, 257, 1212, 812, 370, 745, 763, 336, 854, 1146, 310, 581, 881, 511, 1197, 844, 327, 1070, 281, 402, 180, 604, 859, 255, 772, 202, 467, 211, 1399, 590, 723, 267, 728, 232, 324, 1256, 729, 788, 1264, 54, 785, 652, 48, 208, 268, 1277, 519, 654, 286, 1633, 1295, 1213, 374, 1255, 237, 898, 250, 1267, 1266, 643, 300, 1099, 170, 355, 1040, 708, 7, 249, 780, 192, 765, 1192, 27, 641, 213, 938, 8, 203, 1478, 1513, 1528, 1632, 4, 1472, 1128, 169, 1110, 299, 457, 10, 466, 979, 1185, 460, 239, 635, 1021, 458, 1515, 427, 235, 1159, 1140, 1634, 577, 1013, 1498, 1120, 17, 734, 422, 1067, 1, 510, 155, 210, 750, 795, 362, 143, 580, 81, 185, 339, 868, 127, 254, 22, 899, 1647, 46, 380, 311, 1062, 644, 901, 117, 565, 657, 1160, 911, 30, 1112, 1355, 656, 1645, 1083, 410, 862, 741, 11, 1425, 639, 159, 784, 760, 722, 130, 468, 271, 1100, 291, 659, 952, 1134, 55, 316, 1023, 1406, 463, 1148, 120, 909, 913, 245, 929, 962, 222, 219, 740, 217, 1173, 649, 6, 218, 502, 994, 1105, 390, 567, 1265, 583, 236, 1232, 453, 1085, 685, 926, 730, 721, 793, 12, 675, 1237, 965, 461, 450, 533, 358, 75, 42, 14, 802, 1097, 175, 121, 822, 774, 824, 1444, 1111, 673, 294, 112, 552, 303, 573, 156, 694, 1017, 698, 131, 434, 1009, 1081, 792, 1577, 1041, 1194, 225, 971, 1152, 326, 87, 711, 1043, 332, 974, 377, 163, 1089, 1247, 196, 1135, 638, 1548, 943, 1143, 470, 371, 60, 110, 1447, 1310, 92, 1387, 888, 1117, 278, 195, 558, 1627, 1637, 715, 1136, 1283, 21, 761, 56, 542, 221, 1010, 512, 672, 846, 960, 714, 953, 955, 1172, 152, 53, 1011, 44, 381, 366, 534, 689, 915, 1141, 1244, 1261, 814, 1154, 306, 409, 1639, 733, 1165, 191, 1553, 1464, 3, 1636, 1142, 910, 1629, 1640, 20, 68, 648, 691, 871]"
656,"[346, 343, 302, 895]","[688, 326, 244, 749, 285, 315, 874, 345, 268, 321, 271, 337, 300, 269, 325, 902, 301, 311, 299, 339]"
657,"[689, 1008, 150, 921, 285, 474, 345, 8, 293, 110, 268, 116, 743, 339, 507]","[299, 0, 627, 108, 117, 281, 272, 301, 300, 6, 326, 454, 872, 257]"
658,"[275, 7, 256, 0, 432, 95, 97, 510, 181, 514, 317, 44, 150, 55, 526, 428, 116, 602, 177, 653, 8, 517, 49, 407, 487, 1100, 168, 6, 85, 99, 41, 272, 466, 470, 474, 68, 529, 170, 959, 191, 54, 197, 126, 21]","[136, 457, 771, 723, 509, 30, 69, 717, 942, 128, 843, 167, 1078, 951, 31, 180, 729, 211, 194, 734, 476, 23, 200, 918, 922, 627, 234]"
659,"[65, 506, 645, 606, 271, 601, 257, 95, 418, 76, 143, 126, 653, 88, 201, 316, 674, 384, 804, 660, 1118, 142, 156, 268, 176, 191, 22, 195, 152, 312, 447, 194, 75, 181, 738, 663, 628, 135, 172, 605, 315, 603, 480, 495, 175, 130, 523, 203, 57, 214, 1202, 12, 133, 97, 791, 489, 96, 173, 184, 1137, 1171, 468, 61, 174, 430, 567, 692, 493, 196, 442, 251, 1167, 233, 69, 478, 158, 602, 211, 422, 177, 42, 85, 704, 450, 182, 55, 293, 63, 217, 1063, 488, 501, 190, 81, 610, 516, 72, 513, 527, 482, 344, 386, 835, 225, 120, 356, 209, 608, 78, 654, 1043, 1020, 481, 186, 520, 163, 498, 179, 518, 615, 504, 525, 672, 485, 198, 215, 656]","[600, 568, 854, 160, 178, 658, 180, 734, 401, 565, 669, 491, 836, 519, 698, 761, 392, 635, 941, 171, 647, 793, 497, 646, 648, 355, 6, 210, 49, 366, 577, 3, 48, 68, 87, 1296, 166, 318, 641, 473, 240, 314, 707, 659, 134, 1266, 89, 256, 719, 609, 475, 505, 213, 446, 511, 466, 185, 558, 169, 161, 154, 711, 187, 254]"
660,"[312, 431, 97, 430, 49, 602, 152, 315, 482, 210, 194, 21, 897, 207, 1019, 67, 190, 249, 206, 271, 167, 289, 490, 150, 134, 429, 133, 1049, 173, 745, 258, 172, 171, 434, 746, 427, 209, 651, 428, 180, 208, 256, 178, 90, 314, 195, 153]","[81, 391, 166, 95, 844, 509, 251, 925, 183, 472, 96, 361, 1180, 461, 796, 545, 16, 62, 825, 248, 100, 1177, 6, 401, 709, 23, 845, 1, 995, 196, 624, 526, 20, 201, 1077, 160, 70, 929, 568, 1034, 403, 124, 131, 433, 356, 79, 558, 163, 227, 215, 66, 809, 754, 119, 1182, 1073, 200, 541, 495, 824, 264, 138, 385, 55, 662, 514, 889, 242, 214, 176, 116, 185, 144, 1410, 773, 32, 679, 105, 63, 1418, 747, 61, 379, 175, 348, 738, 346, 770, 221, 98, 37, 99, 28, 143, 639, 365, 238, 404, 384, 1109, 229, 253, 82, 306, 1482, 40, 721, 471, 89, 226, 182, 473, 317, 567, 327, 293, 484, 2, 94, 808, 1134, 402, 469, 230, 656, 265, 0, 741, 237, 218, 455, 121, 785, 39, 657, 203, 390, 448, 1064, 799, 280, 392, 216, 71, 357, 158, 117, 234, 674, 174, 7, 46, 1614, 422, 162, 522, 181, 297, 86, 678, 120, 78, 122, 1132, 418, 443, 549, 270, 300, 1138, 635, 93, 1239, 83, 945, 88, 228]"
661,"[182, 131, 479, 96, 117, 526, 312, 177, 442, 435, 726, 424, 675, 94, 51, 356, 530, 407, 215, 236, 167, 427, 422, 500, 708, 237, 47, 116, 497, 68, 271, 27, 172, 646, 426, 614, 78, 160, 69, 165, 190, 750, 193, 208, 188, 143, 567, 432, 70, 229, 7, 171, 164, 180, 173, 134, 191, 196, 706, 317, 417, 273, 656, 169, 257, 63, 209, 88, 0, 514, 184, 227, 163, 85, 95, 293, 203, 198, 178, 495, 565, 194, 179, 470, 57, 49, 168]","[130, 1044, 309, 221, 199, 602, 513, 195, 505, 683, 214, 299, 971, 218, 537, 748, 1034, 139, 174, 248, 303, 279, 755, 572, 630, 651, 297, 30, 120, 664, 217, 254, 144, 761]"
662,"[514, 590, 5, 92, 284, 984, 1380, 9, 274, 12, 1341, 245, 99, 267, 1510]","[290, 49, 285, 812, 318, 1379, 1651, 275]"
663,"[587, 180, 1046, 244, 657, 955, 6, 116, 10, 602, 543, 46, 331, 272, 740, 283, 271, 22, 24, 286, 320, 315, 95, 761, 356, 1047, 49, 618, 30, 126, 329, 1244, 332, 68, 133, 287, 741, 0, 321, 182, 654, 179, 147, 507, 191, 88, 692, 186, 306, 149, 814, 14, 236, 312, 317, 55, 762, 474, 99, 977, 11, 120, 2, 627, 41, 894, 97, 327, 299, 314, 264, 325, 175, 974, 63, 684, 947, 1326, 508, 173, 651, 832, 181]","[410, 273, 470, 285, 1072, 923, 984, 924, 404, 279, 242, 927, 267, 257, 124, 1323, 1275, 875, 362, 677, 350, 472, 259, 709, 843, 454, 1085, 871, 1008, 122, 681, 1050, 918, 288, 747, 1016, 150, 123, 107, 322, 1118, 826, 1010, 275, 695, 172, 8, 234, 409, 209, 146, 590, 128, 520, 675, 465, 844, 280, 110, 293, 323, 545, 1160, 281, 863, 12, 1066, 983, 1058, 318, 596, 298, 748, 258, 239]"
664,"[178, 88, 186, 658, 477, 513, 465, 167, 78, 196, 662, 80, 209, 168, 734, 222, 804, 512, 171, 480, 63, 126, 91, 211, 478, 461, 46, 707, 648, 483, 602, 51, 769, 208, 179, 202, 285, 503, 426, 131, 174, 44, 683, 479, 11, 195, 191, 153, 70, 318, 152, 161, 630, 275, 527, 49, 193, 301, 55, 701, 155, 150, 214, 284, 407, 663, 13, 1108, 482, 517, 528, 56, 610, 82, 181, 493, 653, 185, 172, 97, 656, 30, 641, 565, 481, 227, 704, 94, 305, 413, 0, 3, 495, 173, 524, 133, 317, 791, 175, 508, 99, 515, 763, 57, 201]","[72, 432, 228, 117, 1089, 6, 731, 468, 449, 672, 677, 267, 327, 777, 69, 233, 635, 76, 151, 424, 221, 148, 159, 226, 716, 587, 1100, 325, 21, 190, 530, 714, 626, 158, 366, 654, 136, 691, 1097, 320, 52, 844, 581, 496, 355, 448, 430, 236, 156, 95, 521, 182, 723, 316, 457, 68, 53, 120, 229, 96, 659]"
665,"[761, 286, 1039, 475, 64, 327, 587, 6, 155, 14, 171, 110, 426, 70, 215, 368, 126, 747, 116, 844, 248, 356, 314, 184, 537, 281, 142, 318, 180, 213, 814, 762, 1008, 124, 292, 108, 8, 1060, 698, 146, 182, 431, 422, 11, 410, 185, 659, 49, 472, 68, 239, 482, 420, 195, 237, 133, 187, 125, 417, 97, 0, 55, 285, 134, 418, 1314, 88, 254, 91, 455, 923, 312, 1027, 247, 534, 300, 1047, 199, 209, 741]","[526, 342, 176, 683, 345, 1282, 23, 297, 507, 306, 233, 96, 132, 193, 392, 194, 1224, 474, 832, 190, 30, 865, 596, 78, 104, 404, 619, 1131, 214, 684, 925, 99, 293, 256, 471, 201, 630, 273, 409, 686, 720, 565, 156, 153, 238, 150, 87, 755, 545, 95, 32, 470, 930, 236, 120, 264, 221, 270, 495, 416, 1046, 377]"
666,"[55, 172, 1169, 202, 181, 182, 3, 491, 205, 178, 201, 791, 300, 1097, 257, 198, 1265, 528, 131, 428, 473, 1044, 655, 517, 466, 660, 301, 514, 190, 208, 1010, 635, 186, 522, 683, 426, 237, 338, 505, 495, 429, 10, 167, 330, 12, 854, 516, 602, 196, 488, 728, 31, 509, 524, 113, 944, 184, 470, 958, 69, 133, 317, 175, 518, 503, 631, 254, 855, 581, 199, 268, 612, 504, 708, 136, 318, 285, 543, 88, 1020, 606, 479, 481, 493, 646, 168, 174, 45, 477, 804, 47, 434, 134, 513, 662, 152, 115, 126, 639, 498, 309, 212, 97, 6, 161, 187, 526, 179, 483, 656, 545, 478, 653, 63, 510, 65, 955, 80, 96, 497, 652, 810, 659, 649, 515, 973, 442, 22, 650, 492, 706, 99, 128, 11, 356, 512, 210, 654, 191, 235, 641, 482, 192, 959]","[1046, 121, 222, 637, 830, 173, 698, 244, 185, 24, 4, 78, 409, 863, 30, 501, 590, 603, 1131, 529, 256, 741, 180, 287, 176, 923, 95, 661, 81, 299, 269, 150, 332, 27, 233, 204, 422, 247, 1109, 263, 435, 615, 431, 283, 519, 105, 110, 221, 132, 865, 143, 162, 25, 209, 1070, 117, 146, 120, 506, 432, 384, 195, 194, 272, 404, 1012, 1153, 193, 215, 142, 962, 236, 91, 171, 759, 203, 153, 1473, 643, 292, 1450, 380, 695, 123, 293, 743, 645, 107, 68, 49, 565, 207, 281, 427, 290, 961, 691, 648, 90, 369, 264]"
667,"[284, 222, 650, 123, 315, 317, 185, 526, 130, 481, 460, 191, 271, 215, 195, 85, 97, 268, 27, 356, 659, 8, 282, 181, 314, 693, 486, 474, 426, 274, 196]","[233, 300, 434, 1100, 167, 312, 136, 503, 879, 237, 78, 22, 961, 68, 209, 267]"
668,"[306, 402, 285, 353, 209, 310, 322, 282, 270, 81, 299, 751, 271, 537, 268, 366, 49, 287, 327, 346, 992, 301, 12, 474, 339, 895]","[344, 230, 257, 553, 293, 28, 332, 96, 256, 357, 123, 251, 288, 881, 354, 136, 595, 68, 894, 901]"
669,"[461, 22, 520, 339, 522, 81, 126, 299, 426, 309, 113, 301, 489, 11, 49, 0, 132, 150, 663, 407, 646, 245, 521, 481, 131, 186, 180, 613, 510, 167, 191, 514, 356, 174, 648, 110, 653, 63, 312, 656, 204, 96, 247, 473, 602, 479, 478]","[504, 536, 168, 897, 256, 325, 507, 516, 116, 901, 526, 173, 117, 346, 275, 323, 748, 353, 347, 257, 171, 878, 193, 221, 328, 914, 354, 95, 190, 530, 268, 322, 215, 149, 189, 289, 207, 513, 267, 21, 182, 251, 234, 78, 482, 194, 195, 270, 120, 124, 6, 55, 474]"
670,"[481, 650, 944, 227, 14, 173, 479, 656, 478, 510, 658, 610, 605, 416, 198, 484, 7, 483, 602, 190, 704, 518, 221, 244, 194, 95, 143, 520, 1298, 418, 482, 185]","[614, 649, 231, 97, 167, 948, 134, 174, 968, 1098, 82, 473, 160, 514]"
671,"[249, 384, 203, 232, 22, 257, 684, 575, 181, 297, 240, 176, 553, 1216, 558, 596, 32, 3, 95, 143, 741, 160, 11, 567, 256, 233, 87, 21, 471, 49, 158, 565, 16, 180, 209, 454, 88, 173, 545, 287, 122, 61, 10, 65, 450, 37, 451, 120, 1, 6, 171, 236, 97, 561, 117, 254, 503, 552, 81, 272, 194]","[946, 580, 187, 747, 627, 52, 1221, 1238, 577, 404, 719, 1072, 326, 985, 924, 590, 355, 28, 509, 53, 1214, 230, 430, 4, 683, 863, 769, 146, 116, 30, 26, 200, 225, 78, 67, 221, 801, 55, 778, 264, 1596, 1108, 678, 175, 685, 202, 848, 1490, 549, 183, 809, 837, 378, 569, 510, 442, 582, 653, 525, 54, 218, 840, 1302]"
672,"[126, 1027, 475, 1060, 24, 814, 274, 108, 283, 873, 320, 514, 300]","[49, 280, 863, 930, 755, 224, 123, 14, 268, 279, 1022, 254, 180, 236, 219, 1189]"
673,"[293, 287, 268, 343, 302, 346, 310, 749, 327, 241, 271, 314, 326, 291, 344, 11, 527, 285, 309, 325, 339, 312, 895, 321, 78]","[267, 300, 257, 322, 299, 306, 320, 894, 897, 301]"
674,"[126, 404, 293, 281, 24, 116, 49, 0, 124, 762, 741, 256, 1619, 826, 312, 244, 14, 120, 254, 865, 110, 291, 180]","[117, 928, 287, 299, 684, 322, 303, 314, 150, 251, 221, 1196, 596, 538, 750, 288, 677, 409]"
675,"[305, 530, 508, 304, 1652, 1100, 649, 346, 873, 343, 1006, 317, 899, 462, 285, 1627, 895, 302, 85, 749, 426, 241, 268]","[1254, 257, 310, 311, 936, 890, 243, 320, 222, 234, 271]"
676,"[264, 519, 750, 180, 353, 747, 312, 343, 168, 116, 143, 961, 314, 171, 244, 481, 49, 0, 299, 256, 131, 317, 113, 844, 258, 915, 901, 172, 63, 21, 1482, 167, 327, 269, 192, 301, 302, 538, 173, 749, 221, 293, 891, 271, 479, 992, 254, 285, 482, 315, 249, 99, 537]","[270, 687, 947, 1526, 1653, 681, 507, 12, 287, 351, 894, 878, 257, 344, 8, 470, 889, 294, 268, 686, 545, 1233, 325, 911]"
677,"[236, 404, 147, 322, 306, 0, 1239, 470, 1244, 221, 747, 244, 267, 677, 686, 507, 299, 150, 741, 6, 90, 293, 128, 287, 454, 116, 100, 474, 907, 357, 321, 987, 239]","[285, 149, 125, 844, 456, 13, 979, 1048, 288, 242, 108, 538, 289, 739, 350, 1010]"
678,"[110, 6, 49, 146, 0, 741, 514, 275, 99, 116, 126, 331, 299]","[180, 923, 281, 24, 286, 1114, 274, 14, 236, 1128, 297, 221, 13, 276, 284]"
679,"[519, 287, 180, 326, 356, 63, 72, 131, 68, 290, 55, 709, 195, 69, 183, 483, 530, 267, 222, 27, 153, 747, 167, 726, 49, 221, 526, 41, 82, 431, 750, 172, 285, 482, 317, 171]","[173, 120, 168, 415, 7, 418, 203, 240, 142, 720, 152, 62, 0, 293, 321, 248, 214, 108, 99, 567, 110, 587, 422, 94, 289, 96]"
680,"[19, 275, 407, 247, 844, 8, 97, 168, 116, 284, 194, 285, 514, 24, 268, 317, 149, 241, 13, 49, 136, 6, 142, 293, 0, 516, 23, 150, 256]","[1011, 273, 120, 1088, 814, 14, 99, 272, 202]"
681,"[897, 538, 285, 689, 293, 1175, 989, 1393, 288, 749, 291]","[258, 287, 303, 257, 327, 309, 681, 1104, 537, 269, 893]"
682,"[923, 734, 214, 324, 67, 91, 350, 654, 332, 1073, 292, 49, 1219, 96, 272, 657, 68, 398, 50, 181, 762, 378, 156, 69, 187, 650, 221, 572, 696, 316, 74, 760, 126, 807, 14, 86, 571, 180, 271, 519, 239, 422, 149, 78, 281, 10, 20, 6, 63, 189, 653, 365, 517, 124, 11, 172, 723, 200, 55, 153, 771, 120, 719, 575, 958, 88, 454, 184, 1010, 95, 66, 216, 945, 273, 24, 97, 150, 392, 134, 245, 379, 155, 21, 54, 656, 267, 298, 178, 626, 185, 210, 270, 695, 228, 426, 627, 183, 558, 940, 209, 195, 194, 249, 186, 584, 87, 94, 1224, 297, 201, 227, 38, 685, 317, 1038, 173, 240, 127, 894, 467, 22, 751, 773, 81, 1018, 47, 720, 171, 287, 215, 331, 430, 41, 283, 764, 23, 53, 167, 116, 32, 175, 721, 469, 72, 0, 1011, 70]","[622, 264, 351, 1302, 1117, 779, 508, 1044, 163, 1106, 1088, 596, 356, 93, 442, 939, 540, 121, 1427, 190, 79, 1304, 1015, 741, 545, 580, 123, 1436, 28, 747, 355, 290, 736, 326, 411, 204, 553, 1090, 722, 861, 672, 1221, 8, 1654, 446, 82, 203, 1231, 941, 2, 801, 409, 808, 40, 1439, 303, 555, 65, 322, 833, 327, 1027, 805, 464, 1047, 251, 1409, 258, 686, 569, 166, 37, 548, 976, 99, 293, 475, 52, 418, 237, 30, 698, 280, 778, 709, 618, 581, 357, 567, 3, 338, 419, 233, 577, 16, 253, 217, 46, 565, 383, 385, 658, 990, 1089, 256, 254, 1034, 466, 71, 1230, 232, 57, 1083, 1187, 248, 947, 880, 25, 630, 470, 889, 551, 275, 432, 684, 230, 152, 761, 4, 257, 1078, 659, 942, 682, 107, 541, 550, 231, 1, 162, 474, 108, 450, 823, 848, 384, 242, 147, 174, 768, 222, 590, 238, 1216, 789, 561, 800, 1066, 1177, 677, 865, 404, 182, 110, 85, 819, 737, 712, 289, 832, 1092, 707, 718, 924, 1134, 362, 557, 780, 361, 822, 394, 582, 218, 225, 247, 262, 552, 191, 875, 715, 244, 931, 27, 236, 1046, 731, 683, 728, 671, 158, 75, 157, 160, 1131, 364, 48, 774, 624, 279, 796, 692, 299, 377, 921, 755, 76, 471, 366, 549, 142, 143, 345, 234, 1227, 179, 26, 1152, 526, 1266, 539, 402, 727, 208, 691, 1220, 943, 80, 585, 400, 146, 61, 64, 803, 1310, 1477, 7, 782, 998, 1045, 84, 745, 716]"
683,"[247, 267, 510, 320, 301, 186, 315, 55, 587, 886, 689, 61, 132, 339, 21, 905, 316, 304, 271, 131, 346, 326, 314, 126, 606, 345, 512, 288]","[1482, 894, 263, 285, 747, 312, 349, 899, 305, 298, 307, 357, 1279, 302, 331, 311, 681, 910, 914, 753, 310, 343, 879, 269, 471, 608, 299, 322, 306, 270, 268, 300, 321, 324, 244, 287, 878, 625, 353, 913, 677, 327, 330, 258, 257, 682, 293]"
684,"[63, 552, 47, 87, 519, 185, 110, 236, 238, 203, 180, 69, 691, 741, 0, 709, 251, 117, 201, 364, 116, 81, 167, 48, 177, 281, 99, 1027, 65, 264, 755, 7, 482, 14, 214, 49, 62, 392, 171, 407, 72, 731, 82, 476, 97]","[146, 37, 160, 217, 237, 120, 933, 370, 624, 93, 721, 401, 400, 1282, 385, 207, 727, 733, 780, 595, 394, 150, 434, 224, 375, 273, 157, 172, 762, 66, 1300, 216, 410, 715, 584, 380, 215, 209, 923, 408, 247]"
685,[],"[268, 285, 301, 990, 318, 339, 333, 324, 326, 872, 336, 298, 323, 871, 332, 881, 288, 874, 885, 287]"
686,"[27, 97, 473, 424, 186, 179, 171, 503, 356, 203, 184, 204, 78, 63, 233, 587, 169, 133, 326, 98, 650, 520, 207, 181, 197, 513, 527, 479, 126, 173, 134, 180, 11, 466, 47, 55, 450, 429, 316, 172, 191, 196, 434, 213, 208, 10, 264, 177, 968, 517, 298, 653, 426, 805, 190, 88, 49, 21, 602, 167, 22, 193, 25, 178, 317]","[1183, 175, 96, 526, 1, 541]"
687,"[748, 677, 339, 318, 287, 894, 312, 299, 320, 267, 268]","[244, 335, 263, 747, 987, 293, 322, 878, 323, 285]"
688,"[287, 681, 338, 677, 331, 325, 753, 258, 328, 1233, 337, 303, 358, 348, 340, 897, 306, 308, 1126, 876, 301, 878, 748]",[335]
689,"[470, 596, 6, 249, 221, 108, 14, 297, 747, 120, 762, 327, 49, 149, 117, 404, 474, 299, 256, 116, 180, 357, 257]","[272, 878, 150, 124, 110, 294, 409, 595, 259, 12, 236, 716, 0]"
690,"[217, 66, 173, 97, 63, 648, 193, 522, 78, 87, 662, 93, 11, 711, 215, 222, 236, 233, 1041, 683, 495, 7, 545, 1027, 434, 779, 450, 654, 762, 237, 207, 55, 196, 185, 356, 152, 392, 0, 231, 202, 157, 635, 126, 68, 117, 283]","[383, 363, 24, 209, 789, 79, 275, 84, 203, 238, 162, 1206, 793, 745, 89, 225, 715, 280, 375, 158, 738, 430, 741, 395, 232, 119, 167, 210, 50, 553, 580, 120, 1040, 1184, 584, 3, 1089, 721, 1272, 401, 8, 69, 72, 1117, 239, 293, 201, 166, 1209, 746, 628, 65, 704, 147, 780, 992, 62, 76, 88, 52, 641, 153, 71, 105, 513, 442, 46, 427, 273]"
691,"[602, 0, 293, 55, 169, 97, 49, 477, 523, 630, 603, 317, 184, 177, 649, 747, 181, 63, 691, 204, 78, 226, 734, 771, 1171, 495]","[7, 499, 671, 303, 321, 242]"
692,"[99, 411, 203, 237, 327, 24, 299, 207, 410, 865, 210, 193, 1131, 256, 409, 761, 0]","[55, 1022, 284, 691, 286, 1039, 755, 320, 126, 1053, 844, 248, 293, 762, 167, 1011, 325, 1046, 522, 475, 1027, 65, 507]"
693,"[498, 131, 479, 426, 142, 52, 22, 24, 431, 10, 567, 522, 672, 487, 513, 356, 281, 317, 6, 214, 97, 605, 192, 126, 78, 728, 312, 173, 156, 215, 143, 95, 11, 158, 47, 55, 257, 696, 96, 520, 194, 506, 938, 684, 271, 217, 631, 503, 381, 184, 610, 1089, 134, 177, 661, 627, 116, 133, 734]","[180, 272, 130, 288, 1521, 603, 471, 654, 38, 332, 68, 1231, 182, 161, 402, 1144, 630, 299, 427, 195, 422, 571, 507, 683, 418, 117, 1310, 649, 659, 508, 580, 941, 692, 526, 482, 63, 187, 198, 650, 707, 1134, 377, 221, 491, 1247, 854, 280, 120, 228, 297, 233, 976, 663, 176, 527, 575, 648, 590, 190, 741, 191, 448, 287, 505, 470, 519, 98, 581, 186, 160, 87, 129, 175, 290, 185, 210, 229, 227, 565, 653, 545, 401, 27, 635, 76, 8, 57, 49, 442, 171, 179, 196, 483, 209, 1135]"
694,"[431, 190, 195, 228, 418, 299, 683, 192, 194, 8, 609, 198, 49, 199, 120, 274, 47, 698, 21, 215, 196, 653, 97, 516, 640, 81, 1202, 173, 130, 616, 177, 180, 422, 202, 96, 131, 691, 30, 156, 644, 209, 519, 631, 152, 467, 479, 658, 613, 603, 1034, 175, 238, 355, 236, 583, 227, 488, 229, 495, 448, 428, 518, 126, 176, 522, 491, 510, 87, 672, 964, 160, 186, 647, 497, 662, 1268, 1019, 525, 581, 51, 605, 509, 88, 142, 68, 484, 469, 117, 450, 656, 835, 134, 602, 482, 162, 317, 526, 143, 1125, 664, 178, 193, 140, 489, 70, 498, 473, 434, 426, 481, 204, 494, 99, 604, 201, 660, 132, 529, 203, 480, 179, 171, 384, 505, 483, 71, 27, 433, 184, 14, 210, 356, 182, 187, 704]","[1049, 670, 503, 1262, 447, 1204, 490, 225, 1454, 392, 377, 527, 22, 520, 1220, 659, 1027, 214, 629, 137, 240, 237]"
695,"[306, 881, 318, 259, 1023, 994, 345, 269, 310, 287, 241, 990, 267, 902, 353, 301, 677, 342, 357, 339]","[299, 337, 300, 312, 304, 681, 894, 322, 323, 263, 327, 747, 288, 886, 311, 332, 285, 988]"
696,"[1175, 522, 311, 882, 304, 343, 314, 233, 309, 306, 1061, 244, 426, 301, 310, 8, 519, 123, 285, 326, 177, 284]","[688, 312, 905, 346, 747, 1125, 898]"
697,"[293, 712, 297, 300, 272, 149, 301, 122, 276, 595, 241, 627, 123, 221, 267, 0, 817, 750, 688, 282, 106, 128, 747, 281, 472, 299, 180, 978, 285, 120, 49, 454, 322, 594, 269, 590, 121, 6, 327, 126, 283, 256, 245, 1066, 324, 342, 234, 545, 368, 243, 286, 125, 325, 323, 304, 275, 306, 270, 8, 290, 762, 878, 236, 249, 885]","[330, 332, 682, 1058, 1244, 753, 124, 988, 335, 294, 681, 927, 1159, 24, 875, 287, 832, 117, 819, 1011, 1088, 974, 814, 1046, 455, 741, 309, 279, 1024, 338, 880, 253, 259, 251, 262, 894, 224, 985, 1021, 244]"
698,"[511, 82, 49, 528, 477, 209, 484, 602, 306, 274, 704, 189, 193, 221, 433, 204, 329, 506, 432, 293, 587, 647, 171, 175, 485, 95, 172, 130, 0, 708, 299, 88, 9, 126, 612, 194, 356, 131, 384, 497, 514]","[1062, 567, 496, 167, 94, 176, 750, 490, 658, 655, 254, 1148, 229, 512, 420, 488, 219, 283, 190, 152, 1298, 143, 504, 282, 967, 464, 653, 510, 624, 257, 481, 198, 479, 1020, 203, 422, 605, 661, 426, 524, 427, 1114, 174, 24, 142, 498, 256, 403, 486, 99, 180, 8, 478, 430, 482, 201, 197, 854, 489, 706, 1019, 434, 182, 480, 27, 186, 134, 21, 210, 515, 944, 639, 227, 525, 213, 418, 606, 173, 120, 132, 987, 65, 495, 662, 85, 133]"
699,"[99, 323, 543, 257, 324, 988, 284, 220, 267, 251, 249, 117, 297, 12, 22, 307, 128, 977, 1010, 339, 97, 115, 1186, 1032, 282, 136, 457, 9, 123, 303, 245, 1162, 1327, 184, 269, 19, 18, 268, 116, 1008, 322, 474, 69]","[747, 0, 320, 1059, 455, 759, 982, 15, 677, 748, 111, 234, 494, 223, 299, 478, 275, 824, 306, 318, 976, 233, 270, 1128, 150, 1142, 412, 990, 108, 276, 23, 932, 928, 243, 1614, 224, 596, 1283, 180, 454, 221, 13, 120, 210, 819, 716, 146, 404, 1067, 110, 1374, 879, 1012, 1027, 830, 190, 126, 20, 272, 321, 369, 308, 274, 522, 242, 1092, 761, 929, 219, 49, 8, 14, 287, 618, 481, 684, 1060, 827, 472, 1335, 885, 476, 595, 6, 470, 682, 877, 285, 984, 332, 545, 869, 1056, 94, 1009, 1642, 205, 201, 293, 105, 531, 327, 590, 290, 2, 763]"
700,"[180, 143, 95, 49, 530, 317, 422, 173, 172, 47, 650]","[78, 179, 167, 27, 221, 168, 72, 201, 55, 97]"
701,"[284, 315, 296, 303, 99, 314, 749, 256, 49, 271, 310, 302, 689, 327, 288, 274, 312, 325, 123, 268, 291, 18, 126, 750, 236, 0, 285]","[254, 332, 688, 299, 311, 343]"
702,"[227, 312, 228, 226, 537, 229, 221, 257, 750, 379]","[345, 293, 258, 287, 299, 1126, 686, 342, 682, 878, 448, 747, 349, 687, 351, 270, 288, 689, 894, 306, 449]"
703,"[292, 6, 116, 256, 274, 257, 49, 409, 470, 236, 221, 844, 627, 117, 992, 180, 122, 299, 0, 287, 14, 590, 120, 925, 1011, 126, 99]","[293, 457, 146, 1046, 863, 258, 234, 8, 595, 24, 1196, 507, 763, 321, 275, 747, 322, 327, 741, 818]"
704,"[204, 353, 315, 603, 210, 179, 428, 49, 177, 485, 1295, 513, 495, 130, 653, 301, 734, 135, 490, 479, 606, 656, 346, 602, 343, 660, 317, 647, 271, 492, 172, 268, 134, 186, 184, 434, 491, 487, 97, 431, 285, 505, 209, 196, 99, 381, 493, 88, 192, 480, 632, 522, 133]","[208, 380, 303, 460, 151, 288, 153, 190, 661, 654, 1453, 169, 258, 171, 496, 631, 174, 610, 21, 527, 678, 207, 68, 1298, 630, 13, 299, 213, 155, 221, 888, 57, 638, 605, 518, 321, 339]"
705,"[1042, 826, 399, 297, 621, 195, 264, 49, 384, 120, 63, 0, 299, 931, 274, 173, 281, 240, 37, 27, 567, 254, 110, 404, 117, 78, 317, 21, 719, 622, 825, 224, 398, 147, 28, 684, 93, 221, 94, 209, 402, 226, 698, 624, 61, 1034, 1543, 81, 596, 70, 82, 754, 95, 256, 565, 376, 116, 229, 392, 575, 282, 160, 180, 796, 470]","[577, 57, 426, 559, 171, 626, 232, 150, 7, 553, 1, 372, 190, 230, 225, 143, 285, 1227, 283, 549, 227, 848, 88, 98, 214, 194, 683, 142, 192, 654, 842, 182, 68, 545, 141, 251, 861, 418, 96, 362, 525, 422, 819, 172, 14, 814, 587, 415, 228]"
706,"[627, 49, 0, 24, 330, 755, 293, 470, 180, 147, 257, 409, 116, 236, 124, 322]","[244, 332, 99, 117, 6, 287, 741, 324, 681, 272, 8, 23, 686]"
707,"[662, 255, 675, 301, 477, 282, 1280, 530, 426, 466, 169, 1627, 994, 798, 285, 123, 44, 704, 1108, 734, 150, 268, 237, 693, 1006, 292, 161, 207, 630, 528, 190, 581, 85, 115, 220, 498, 791, 96, 99, 64, 955, 601, 646, 899, 901, 223, 1250, 7, 487, 472, 532, 211, 605, 310, 193, 952, 659, 1173, 1100, 1067, 810, 1641, 92, 1210, 1119, 735, 1162, 1478, 695, 136, 920, 304, 647, 346, 526, 637, 881, 247, 317, 484, 731, 702, 318, 424, 110, 482, 386, 366, 631, 14, 12, 196, 862, 717, 56, 706, 250, 9, 309, 274, 159, 935, 864, 846, 506, 461, 653, 133, 8, 241, 189, 922, 284, 286, 1023, 691, 344, 504, 863]","[13, 715, 525, 152, 865, 639, 486, 165, 153, 82, 1175, 139, 185, 495, 1396, 485, 1170, 162, 370, 524, 164, 902, 11, 714, 711, 491, 377, 1256, 1106, 777, 210, 729, 381, 722, 1529, 1112, 132, 308, 1017, 951, 629, 1380, 497, 1310, 418, 215, 949, 154, 868, 718, 57, 1007, 134, 535, 961, 516, 448, 302, 173, 296, 219, 948, 293, 602, 1400, 87, 489, 746, 1140, 63, 199, 3, 617, 380, 316, 457, 1167, 879, 167, 5, 765, 278, 1021, 781, 1544, 743, 80, 613, 479, 640, 442, 701, 1203, 1020, 105, 1060, 184, 198, 475, 738, 769, 69, 172, 171, 505, 481, 166, 503, 25, 1254, 312, 478, 419, 1141, 814, 51, 707]"
708,"[470, 1050, 279, 0, 325, 750, 933, 763, 689, 872, 49, 312, 762, 254, 747, 303, 147, 146, 1116, 865, 273, 283, 236, 125, 595, 149, 712, 124, 299, 507, 1151, 277, 257, 110, 117, 318, 844, 150, 992, 280, 404, 116, 288, 221, 456, 739, 180, 761]","[321, 267, 534, 937, 870, 1046, 327, 846, 537, 863, 357, 270, 20, 755, 596, 411, 845, 1060, 361, 282, 1279, 24, 8, 925, 472, 684, 148, 475, 346, 126, 545, 1022, 120, 268, 741, 686, 14, 298, 1053, 111, 275, 929, 335, 224, 627, 677, 818, 980, 1048, 675, 1027, 1039, 351, 293, 879, 886, 1078]"
709,"[218, 63, 194, 21, 27, 124, 264, 199, 186, 91, 81, 173, 384, 95, 1, 938, 292, 217, 55, 567, 126, 180, 160, 209, 281, 507, 216, 202, 172, 727, 10, 440, 191, 116, 171, 807, 577, 233, 430, 1217, 545, 231, 49, 1058, 426, 182, 317, 96, 471, 553, 848, 120, 272, 4, 181, 249, 68, 958, 175, 1187, 97, 650, 832, 287, 117, 596, 514, 696, 692, 16, 840, 67, 575, 0]","[563, 768, 226, 560, 28, 822, 815, 632, 163, 228, 3, 738, 635, 229, 446, 26, 859, 469, 636, 450, 780, 214, 402, 88, 128, 451, 293, 144, 726, 549, 627, 404, 362, 858, 227, 746, 52, 566, 213, 671, 78, 401, 208, 6, 422, 61, 412, 540, 143, 558, 230, 37, 664, 225, 824, 154, 539, 64, 294, 378, 232, 568, 761, 737]"
710,"[626, 115, 199, 264, 49, 196, 98, 1038, 602, 312, 22, 133, 317, 1100, 181, 186, 222, 191, 0, 653, 203, 88, 503, 267, 495, 173, 509, 179, 171, 233, 1018, 184, 418, 134, 197, 345, 431, 655, 339, 478, 209, 155, 55, 178, 63, 356, 11, 285, 99, 419, 276, 301, 482, 126, 302, 78]","[299, 21, 263, 750, 309, 141, 334, 268, 719, 329, 333, 873, 298, 332, 417, 94, 281, 342, 885, 201, 91, 326, 180, 270, 300, 172, 886, 500, 293, 257]"
711,"[420, 63, 651, 94, 268, 482, 1465, 698, 136, 24, 487, 706, 195, 1118, 462, 657, 475, 339, 282, 1220, 344, 1013, 777, 587, 740, 508, 693, 431, 64, 1116, 743, 1117, 715, 948, 39, 131, 731, 49, 734, 9, 285, 247, 730, 723, 908, 314, 965, 88, 276, 184, 401, 7, 192, 419, 142, 1159, 215, 190, 216, 57, 450, 254, 167, 161, 675, 1114, 844, 169, 240, 495, 51, 392, 746, 113, 15, 212, 134, 1162, 168, 312, 317, 424, 271, 958, 196, 133, 659, 85, 201, 300, 703, 994, 484, 920, 188, 115, 179, 237, 65, 380, 1167, 735, 654, 180, 78, 311, 1052, 426, 474, 171, 922, 432, 154, 960, 274, 650, 217, 402, 153, 97, 213, 87, 1023, 446, 407, 957, 69, 316, 581, 160, 305, 199, 386, 726, 377, 48, 621, 257, 82, 418, 722, 202, 132, 150, 315, 90, 548, 968, 50, 96, 709, 416, 21, 714, 47]","[683, 719, 203, 342, 1073, 228, 1151, 738, 691, 762, 1517, 229, 1284, 403, 214, 712, 400, 110, 1045, 231, 143, 98, 221, 256, 567, 172, 761, 239, 280, 1445, 218, 81, 828, 422, 76, 287, 68, 541, 1169, 120, 558, 41, 565, 264, 353, 754, 415, 249, 379, 954, 661, 119, 70, 185, 940, 166, 728, 904, 253, 227, 471, 1288, 93, 156, 364, 1189]"
712,"[730, 391, 1177, 384, 365, 96, 71, 733, 1118, 464, 398, 541, 727, 180, 789, 784, 81, 811, 745, 583, 795, 567, 109, 775, 731, 3, 621, 948, 78, 659, 691, 698, 72, 401, 738, 661, 98, 219, 420, 201, 622, 780, 1468, 242, 377, 101, 1052, 767, 754, 728, 968, 737, 139, 654, 584, 172, 195, 209, 397, 485, 87, 366, 70, 626, 65, 1220, 93, 37, 1502, 416, 587, 1036, 494, 715, 431, 394, 171, 793, 49, 943, 62, 995, 414, 761, 1054, 1035, 293, 940, 39, 141, 1219, 77, 450, 945, 552, 142, 94, 1039, 173, 82, 203, 95, 1479]","[746, 212, 782, 497, 430, 48, 419, 176, 1090, 841, 415, 1042, 214, 721, 135, 624, 231, 385, 786, 58, 574, 59, 25, 403, 954, 505, 432, 559, 387, 68, 60, 167, 461, 233, 400, 229, 364, 651, 723, 422, 66, 375, 194, 842, 190, 237, 417, 392, 50, 177, 509, 41, 227, 1073, 140, 89, 500, 418, 399]"
713,"[309, 346, 343, 301, 268, 314, 271]","[538, 1655, 1430, 1433, 1126, 1175, 306, 339, 688, 312, 897, 361, 344, 341, 326, 285, 310, 881, 749, 269, 751, 689, 299]"
714,"[281, 180, 120, 684, 49, 6, 299, 762, 404, 1015, 249, 2, 1027, 470, 116, 257, 747, 117, 322, 293]","[251, 254, 596, 476, 870, 236, 471, 288, 14, 290, 150, 283, 0, 409, 110, 1151, 99, 1013, 280, 275, 923, 8, 368, 256]"
715,"[201, 409, 180, 215, 283, 424, 72, 203, 173, 149, 1010, 57, 155, 425, 11, 238, 192, 81, 788, 925, 297, 82, 474, 86, 734, 317, 171, 264, 89, 954, 68, 654, 590, 287, 231, 178, 160, 545, 78, 156, 469, 0, 41, 247, 657, 167, 63, 27, 107, 195, 204, 80, 470, 3, 256, 95, 461, 587, 10, 233, 745, 172, 121, 175, 94, 272, 267, 479, 30, 194, 55, 248, 154, 97, 21, 67, 1015, 181, 712, 49, 120, 205, 236, 143, 938]","[227, 738, 230, 32, 755, 174, 216, 69, 251, 731, 249, 398, 446, 158, 626, 91, 52, 88, 975, 1044, 825, 454, 275, 116, 26, 379, 754, 110, 1046, 742, 127, 684, 39, 375, 1214, 696, 404, 23, 273, 134, 226, 6, 432, 38, 117, 157, 221, 87, 1, 563, 207, 70, 594, 253, 1216, 548, 760, 943, 96, 976, 84, 124, 366, 144, 628, 232, 1187, 691, 182, 940, 575, 1087, 16, 234, 100, 99, 1221, 281, 411, 105, 142, 777]"
716,"[317, 482, 90, 274, 142, 195, 158, 193, 152, 706, 835, 601, 498, 469, 162, 662, 96, 483, 380, 968, 1038, 190, 672, 85, 495, 22, 404, 132, 442, 587, 180, 81, 490, 0, 292, 506, 356, 24, 237, 94, 413, 130, 610, 1049, 210, 526, 836, 424, 489, 480, 247, 422, 110, 48, 955, 204, 503, 567, 126, 47, 525, 27, 704, 426, 487, 477, 650, 609, 214, 647, 63, 196, 80, 472, 264, 631, 600, 519, 98, 513, 479, 49, 87, 386, 613, 791, 492, 171, 417, 21, 478, 1019, 202, 722, 658, 256, 605, 473, 198, 481, 69, 419, 135, 659, 173, 221, 431, 207, 184, 215, 485, 201, 731, 10, 150, 403, 116, 505, 510, 68, 133, 120, 72, 691, 548, 484, 723, 55, 161, 57, 199, 212, 209, 293, 273, 236, 1112, 434, 497, 734, 227, 153, 78, 739, 632, 494, 629, 514, 299, 51, 282, 418, 493, 488, 167, 233, 707, 630, 366, 192, 429, 504, 450, 172, 500, 626, 602, 82, 1100, 177, 297, 97, 1268, 464, 189, 654, 486, 131, 140, 516, 203]","[234, 117, 159, 415, 502, 156, 627, 470, 186, 95, 339, 104, 143, 1046, 46, 660, 501, 416, 1202, 391, 185, 728, 865, 520, 175, 444, 191, 674, 3, 569, 471, 281, 411, 491, 101, 964, 945, 392, 545, 179, 621, 224, 496, 841, 614, 121, 174, 217, 661, 427, 398, 1015, 518, 240, 604, 1123, 619, 608, 558, 259, 635, 208, 229, 182, 283, 467, 649, 948, 30, 524, 141, 226, 825, 71, 384, 603, 565, 160, 107, 228, 134, 695, 1125, 194, 176, 1285, 822, 12]"
717,"[286, 24, 292, 267, 321, 327, 149, 99, 979, 300, 116, 234, 290, 221, 301, 110, 273, 750, 470, 474, 105, 245, 281, 339, 49, 845, 1136, 596, 279, 306, 280, 124, 236, 125, 299, 261, 887, 332, 684, 298, 342, 1281, 268, 471, 302, 741, 311, 312, 146, 288, 284, 6, 886, 627, 1010, 475, 126, 1046, 257, 244, 994, 590]","[747, 323, 293, 330, 289, 285, 270, 357, 404, 825, 974, 677, 889, 830, 249, 287, 297, 865, 326, 129, 824, 325, 147, 23, 454, 545, 814, 120, 239, 1050, 259]"
718,"[755, 840, 221, 299, 110, 590, 688, 283, 470, 741, 545, 981, 814, 117, 716, 404, 750, 684, 14, 254, 120, 596, 1027, 256, 281]","[974, 925, 239, 272, 1047, 1164, 819, 273, 878, 1046, 830, 749, 288, 743]"
719,"[658, 222, 659, 391, 741, 8, 281, 356, 317, 78, 377, 68, 619, 63, 284, 219, 215, 654, 184, 214, 161, 97, 401, 509, 426, 519, 734]","[672, 290, 125, 65, 49, 280, 6, 777, 120, 531, 22, 288, 236, 117, 292, 239, 57, 422, 581, 96, 455, 87, 213, 86, 70, 889, 297, 283, 126, 273, 467, 409, 508, 293, 299, 253, 381, 254, 136, 76]"
720,"[257, 303, 994, 905, 305, 314, 1061, 301, 332, 1175, 285, 897, 267, 261, 309, 315, 320, 895, 271, 901, 310, 886, 241]","[871, 344, 268, 748, 312, 346, 318]"
721,"[878, 402, 316, 631, 81, 49, 327, 356, 392, 214, 299, 526, 381, 754, 731, 317, 21, 195, 193, 989, 174, 401, 172, 178, 68, 470, 110, 215, 76, 180, 1038, 106, 171, 173, 719, 7, 734, 198, 144, 196, 238, 454, 27, 422, 659, 683, 50, 14, 285, 331, 96, 268, 941, 300, 63, 630, 281, 325, 1118, 267, 379, 203, 1441, 221, 321, 126, 434, 0, 283, 738, 227, 1064, 152, 228, 160]","[86, 983, 686, 288, 332, 680, 304, 689, 258, 190, 748, 134, 301, 257, 357, 1391, 156, 698, 654, 69, 293, 714, 880, 988, 876, 323, 1295, 263, 679, 874, 687, 287, 324, 329, 456, 302, 580, 937, 305, 259, 64, 872, 326, 242, 517, 298, 936, 260, 1264, 333, 322, 83, 581, 990, 677, 244, 405, 303, 55, 987, 80, 879, 291, 330, 358, 57, 320, 728, 161, 1024, 334, 808, 947, 318, 328, 124, 875, 236, 681, 871, 1392, 747, 208, 1220, 1294, 265, 1025, 877, 994, 241, 262, 873, 261]"
722,"[123, 117, 6, 236, 150, 290, 306, 457, 475, 470, 507, 99, 627, 332, 309, 285, 129, 24, 844, 327, 695, 865, 116, 747, 120]","[545, 299, 121, 411, 146, 677, 12, 755, 321, 110, 293, 404, 822, 147, 870, 596, 927]"
723,"[173, 168, 257, 171, 167, 163, 49, 747]","[27, 136, 0, 288, 190, 188, 321, 88, 987, 177, 149, 432, 285, 8]"
724,"[303, 309, 287, 325, 271, 300, 326, 346, 332, 327, 312, 257, 267, 268, 328, 293, 894, 748, 331]","[304, 341, 310, 936, 876, 265, 689, 908, 298, 299, 1175, 345, 244, 679, 1616, 879, 907, 871, 343, 360, 270, 881, 537, 357, 988, 681, 677, 335, 348, 875, 1061, 878, 307, 306, 285, 747, 749, 1233, 682, 892, 258, 1126, 342, 288, 994, 947, 937, 987, 872, 750, 337, 1590, 241, 301, 1431, 1433, 263, 905, 350, 322, 897, 330, 1104, 886, 321, 351]"
725,"[244, 257, 299, 99, 14, 180, 285, 8, 332, 321, 18, 300, 880, 872, 747, 878, 327, 275]","[1196, 263, 357, 320, 287, 110, 293]"
726,"[273, 1058, 309, 832, 0, 293, 24, 831]","[354, 844, 818, 256, 1013, 1027, 248, 247, 534, 116, 322, 897, 762, 254, 408, 1037]"
727,"[67, 124, 207, 691, 745, 258, 72, 432, 176, 152, 540, 808, 202, 194, 200, 270, 293, 186, 68, 281, 1217, 41, 94, 201, 90, 992, 120, 247, 683, 264, 49, 774, 657, 402, 155, 1, 177, 482, 433, 26, 430, 173, 238, 245, 78, 126, 195, 509, 525, 87, 198, 232, 206, 69, 79, 86, 549, 290, 160, 227, 420, 267, 226, 510, 117, 168, 175, 595, 469, 327, 210, 519, 88, 167, 163, 249, 113, 273, 407, 190, 738, 27, 66, 587, 93, 981, 185, 575, 162, 143, 678, 127, 97, 747, 450, 11, 21, 82, 95, 878, 172, 197, 490, 171, 391, 204]","[122, 677, 440, 116, 180, 104, 719, 1118, 366, 216, 932, 584, 627, 830, 32, 23, 131, 418, 1216, 1230, 568, 431, 948, 1656, 1046, 154, 342, 889, 825, 565, 561, 1410, 800, 311, 203, 400, 548, 789, 764, 746, 538, 53, 423, 283, 355, 1087, 71, 541, 130, 1272, 37, 62, 233, 209, 196, 379, 183, 153, 274, 506, 679, 108, 377, 385, 231, 158, 865, 782, 100, 728, 1075, 1228, 635, 1041, 927, 1138, 819, 0, 205, 28, 434, 925, 166, 368, 4, 410, 1302, 754, 256, 443, 1243, 1033, 156, 569, 844, 397, 454, 759, 259, 1436, 61, 1221, 1248, 357, 566, 147, 248, 1015, 634, 412, 807, 840, 282, 940, 38, 439, 65, 392, 545, 664, 404, 277, 684, 422, 257, 81, 187, 6, 470, 1034, 70, 54, 976, 1223, 230, 596, 1214, 778, 396, 239, 89, 218, 551, 182, 99, 179, 773, 750, 770, 157, 721, 64, 178, 1164, 409, 1024, 555, 608, 221, 383, 134, 1048, 42, 394, 225, 237, 626, 567, 401, 814, 107, 229, 543, 1187, 558, 52, 552, 16, 110, 809, 1205, 939, 473, 24, 146, 365, 398, 1184, 1249, 251, 1614, 615, 370, 537, 384, 929, 577, 1027, 801, 208, 826, 228, 471, 362, 378, 446, 839, 848, 234, 121, 650, 91, 464, 10, 55, 1445]"
728,"[507, 281, 116, 24, 321, 677, 99, 146, 284, 741, 303, 115, 1354, 236, 14, 286, 470]","[870, 545, 123, 288, 318, 242, 285, 322, 747]"
729,"[688, 332, 353, 747, 321, 361, 299, 271]","[327, 682, 878, 689, 287, 900, 312, 293, 750, 309, 337, 345, 893]"
730,"[297, 49, 747, 108, 124, 14, 257, 6, 99, 245, 268, 256, 293, 150, 0, 1011, 267, 120]","[331, 299, 116, 814, 741, 409, 275, 326, 272, 300, 874, 872, 236, 180, 321, 247, 327, 534, 339, 684]"
731,"[196, 191, 356, 486, 392, 215, 461, 418, 96, 944, 477, 479, 203, 68, 647, 195, 426, 704, 1502, 135, 169, 126, 14, 282, 65, 206, 142, 212, 526, 484, 63, 485, 27, 189, 693, 654, 602, 201, 214, 236, 1038, 607, 519, 495]","[377, 167, 509, 182, 204, 506, 94, 193, 503, 152, 0, 1268, 661, 7, 507, 55, 131, 319, 587, 433, 612, 520, 610, 139, 605, 481, 13, 480, 483, 124, 1085, 493, 719, 844, 132, 194, 1274, 1086, 590]"
732,"[299, 872, 881, 689, 285, 244, 936, 331, 287, 242, 303, 268]","[937, 323, 304, 874, 321, 288, 293, 320]"
733,"[675, 1128, 1141, 292, 18, 241, 13, 220, 1066, 223, 458, 136, 301, 148, 289, 106, 123, 323, 285, 743, 1084, 712, 284, 514, 1337, 272, 1010, 19, 150, 949, 761, 275, 115, 1131, 99, 923]","[9, 252, 146, 293, 1008, 287, 846, 1172, 278, 6, 120, 297, 247, 1170, 1657, 236, 145, 283, 124, 819, 286, 15, 321, 274, 295, 128, 281, 1022, 618, 984, 126, 545, 404, 1114, 116, 219, 1113, 533, 739, 125, 0, 149, 1225, 741, 1162, 695, 921, 282, 12, 257, 1046, 129, 590, 276, 457, 273, 147, 543, 470, 1374, 244, 243, 280, 249, 296, 1116, 932, 845, 8, 1379, 290]"
734,"[81, 203, 98, 418, 97, 606, 590, 173, 142, 750, 171, 698, 603, 82, 422, 317, 192, 190, 212, 274, 741, 96, 486, 602, 477, 312, 495, 478, 14, 273, 27, 464, 287, 482, 484, 201, 604, 94, 282, 281, 704, 120, 497, 49]","[165, 197, 661, 209, 481, 221, 110, 55, 581, 164, 131, 172, 143, 723, 21, 161, 163, 820, 229, 293]"
735,"[0, 257, 8, 332, 275, 689, 812, 24, 284, 474, 123, 285, 297, 241, 303, 180, 318, 514, 287, 49, 12, 274, 299, 236, 126]","[740, 743, 627, 146, 331, 292, 268, 125, 326, 99, 105, 6, 282, 244, 116, 276, 675, 747, 288, 92, 763, 320, 330, 122, 300, 1011, 755, 324]"
736,"[295, 531, 245, 247, 514, 1387, 292, 992, 285, 126, 252]","[180, 254, 49, 256, 1277, 1088, 677, 253, 322, 532, 293, 747, 323]"
737,"[427, 185, 88, 174, 179, 11, 126, 155, 172, 186, 57, 473, 63, 153, 168, 191, 474, 31, 170, 257, 159, 136, 356, 99, 21]","[221, 46, 426, 95, 195, 10, 500, 173]"
738,"[650, 195, 317, 150, 204, 179, 182, 198, 95, 177, 174, 264, 126, 209, 190, 94, 968, 356, 194, 55, 207, 171, 68, 495, 135, 152, 746, 185, 229, 602, 384, 173, 510, 143, 201, 208, 469, 176, 88, 213, 160, 473, 237, 180, 80, 661, 175, 454, 63, 422, 433, 192, 526, 407, 658, 168, 226, 188, 172, 221, 227, 163, 127, 251, 312, 49, 257, 27, 120, 3, 90, 81, 196, 0, 108, 527, 151, 233, 96, 97, 249, 918, 6, 203, 134]","[187, 366, 915, 21, 225, 62, 404, 379, 297, 41, 78, 38, 392, 256, 750, 232, 70, 402, 417, 649, 925, 228, 87, 696, 205, 202, 1046, 428, 230, 259, 199, 1, 516, 178, 731, 234, 46, 567, 167, 635, 146, 253, 117, 140, 549, 950, 270, 116, 268, 215, 929, 224, 210, 99, 153, 342, 664, 1015, 53, 654, 239, 754, 448]"
739,"[358, 68, 78, 99, 131, 95, 215, 1428, 525, 55, 326, 1430, 96, 186, 300, 171, 602, 317, 194, 497, 332, 748, 21, 49]","[968, 285, 660, 196, 175, 464, 54, 750, 97, 167, 287]"
740,"[288, 241, 287, 299, 285, 293, 268, 301, 339, 1037]","[318, 747, 321, 937, 327, 325, 872, 331, 270, 257]"
741,"[68, 434, 69, 650, 87, 240, 97, 233, 274, 47, 287, 214, 672, 495, 477, 402, 14, 565, 203, 426, 264, 193, 133, 741, 780, 698, 173, 273, 180, 179, 479, 21, 82, 55, 49, 195, 78, 731, 356, 130, 1040, 215, 177, 171, 185, 478, 282, 312, 217, 723, 944]","[94, 782, 398, 93, 1028, 1089, 53, 4, 30, 76, 1073, 279, 227, 784, 37, 721, 81, 814, 24, 201, 474, 272, 392, 400, 289, 422, 280, 117, 1151, 789, 120, 691, 238, 172, 6, 65, 581, 91, 659, 16, 681, 208, 1015, 225, 366, 450, 163, 27, 254, 209, 66, 150, 695]"
742,"[257, 507, 1011, 12, 14, 49, 236, 474, 0, 99, 13, 123, 126, 590]","[108, 320, 116, 180, 249, 221, 6, 545, 293, 23, 283, 281]"
743,"[223, 99, 296, 267, 310, 299, 297, 878, 221, 302, 268, 275, 301, 743, 300, 257, 747, 8, 407, 241]","[320, 287, 272, 14, 288, 337, 291, 307, 325, 293, 258, 339, 285, 180, 321]"
744,"[126, 602, 236, 507, 962, 427, 237, 22, 656, 0, 275, 301, 155, 478, 306, 173, 482]","[627, 481, 27, 1133, 49, 339, 8, 300, 187, 480]"
745,"[491, 189, 6, 424, 518, 7, 645, 514, 99, 97, 123, 257, 426, 124, 63, 95, 193, 11, 168, 301, 8, 9, 602]","[214, 519, 176, 284, 173, 526, 202, 285, 182, 221, 1125, 187, 479, 180, 530, 506, 150, 204, 203, 509, 206, 201, 229, 27, 78, 482, 181, 49, 13, 922, 167, 19, 275, 0, 274, 126, 935]"
746,"[95, 116, 183, 195, 565, 549, 156, 225, 180, 430, 78, 49, 23, 577, 143, 0, 201, 88, 683, 171, 7, 182, 402, 203, 567, 81, 63, 384, 21, 131, 596, 454, 264, 232, 175, 173, 67, 185, 207, 209, 82, 227]","[127, 230, 545, 55, 231, 37, 522, 398, 229, 448, 221, 126, 684, 61, 280, 160, 1, 422, 120, 505, 404, 228, 719, 134, 167]"
747,"[227, 107, 207, 22, 222, 431, 47, 485, 1374, 115, 302, 649, 179, 530, 278, 660, 131, 182, 291, 442, 653, 86, 466, 1193, 210, 499, 495, 315, 647, 843, 704, 473, 1202, 493, 326, 501, 496, 90, 134, 204, 152, 633, 1141, 27, 78, 460, 491, 418, 98, 407, 638, 162, 587, 579, 477, 500, 3, 301, 692, 1203, 508, 108, 595, 264, 81, 49, 429, 557, 426, 525, 14, 96, 480, 922, 70, 735, 346, 72, 479, 267, 507, 481, 286, 630, 29, 948, 671, 1097, 55, 650, 886, 312, 110, 132, 614, 233, 605, 482, 417, 97, 178, 30, 529, 389, 523, 944, 188, 10, 415, 484, 303, 602, 85, 38, 268, 662, 1133, 68, 11, 518, 92, 524, 189, 261, 422, 214, 474, 428, 187, 175, 7, 583, 356, 492, 317, 186, 958, 332, 461, 528, 1496, 161, 284, 841, 181, 167, 403, 174, 314, 503, 82, 287, 1019, 209, 135, 791, 603, 319, 285, 497, 478, 581, 63, 234, 1020, 69, 198, 734, 133, 95, 201, 184, 31, 93, 607, 1014, 273, 191, 6, 46, 1040, 643, 516, 173, 652, 128, 171, 168, 16, 275, 8, 402, 180, 510, 194, 520, 203, 658, 126, 99, 487, 714, 1044, 899, 304, 504, 177, 864, 0, 513, 123, 509]","[24, 1049, 782, 172, 43, 834, 1659, 151, 938, 155, 2, 590, 1027, 951, 738, 996, 966, 28, 928, 1066, 281, 300, 950, 1002, 674, 427, 215, 408, 1455, 1158, 391, 289, 1224, 39, 624, 988, 462, 208, 20, 13, 116, 392, 874, 84, 1630, 844, 506, 87, 221, 984, 1204, 694, 25, 12, 731, 654, 153, 810, 366, 237, 94, 465, 663, 432, 1169, 1426, 21, 230, 472, 62, 1245, 648, 554, 1178, 257, 1658, 725, 475, 195, 193, 57]"
748,"[747, 21, 47, 495, 7, 173, 143, 257, 134, 513, 172, 85, 473, 653, 182, 178, 187, 175, 49, 249, 68, 221, 236, 152, 55, 88, 185, 179, 424, 180, 188, 63, 514, 497, 327, 233, 168, 482, 193, 174, 186, 526, 708, 322, 207, 317, 113, 96, 602, 208, 420, 6, 656, 812, 215, 632, 846, 171, 407, 3, 78, 299, 426, 587, 57, 194, 731, 478, 181, 0, 95, 198]","[153, 527, 70, 227, 677, 195, 318, 709, 142, 192, 356, 698, 691, 516, 450, 199, 325, 494, 649, 131, 646, 136, 82, 209, 270, 167, 191, 401, 654, 285, 203, 212, 196, 117, 226, 132]"
749,"[1, 124, 662, 365, 48, 0, 141, 30, 734, 153, 405, 150, 72, 878, 143, 402, 10, 63, 520, 943, 836, 158, 144, 549, 85, 292, 198, 171, 14, 194, 68, 193, 950, 471, 731, 215, 780, 133, 227, 500, 1227, 594, 172, 279, 510, 602, 632, 167, 377, 116, 131, 658, 433, 244, 230, 754, 182, 175, 464, 430, 81, 479, 87, 483, 522, 132, 495, 86, 741, 196, 231, 95, 745, 321, 509, 685, 403, 210, 184, 88, 627, 619, 525, 413, 1614, 222, 209, 684, 1027, 24, 657, 97, 140, 356, 98, 290, 134, 152, 417, 526, 660, 434, 704, 214, 257, 401, 608, 67, 270, 299, 135, 126, 654, 238, 1040, 208, 100, 190, 1184, 530, 283, 585, 428, 226, 3, 422, 173, 325, 392, 70, 178, 497, 272, 195, 291, 494, 1135, 21, 327, 567, 201, 207, 199, 232, 142, 940, 179, 484, 297, 138, 225, 418, 968, 233, 78, 93, 728, 477, 976, 429, 1015, 482, 177, 355, 419, 202, 180, 469, 974, 84, 203, 185, 46, 442, 49, 204, 635]","[55, 398, 251, 187, 1336, 1088, 553, 22, 621, 120, 624, 221, 104, 237, 1046, 253, 577, 735, 186, 476, 77, 467, 147, 388, 294, 825, 249, 61, 842, 293, 174, 181, 615, 840, 626, 933, 384, 540, 357, 1273, 109, 1050, 256, 570, 807, 236, 23, 575, 159, 801, 156, 447, 79, 931, 641, 228, 99, 811, 157, 1087, 865, 166, 8, 1138, 583, 739, 163, 1022, 967, 1091, 985, 71, 1262, 57, 634, 649, 94, 397, 76, 539, 183, 110, 762, 47, 160, 37, 213, 747, 427, 677, 1187, 239, 1012, 1243, 1132, 139, 779, 1033, 620, 66, 808, 390, 929, 65, 820, 545, 161, 565, 379, 983, 636, 730, 229, 832, 400, 448, 432, 404, 1439, 154, 548, 117, 364, 738, 844, 443, 711, 822]"
750,"[285, 300, 330, 269, 293, 305, 270, 268, 287, 878, 304, 302, 327, 303, 326]","[329, 299, 687, 357, 880, 748, 682, 244, 875, 872, 321, 747, 324, 885, 337, 1279, 257, 322]"
751,"[300, 177, 247, 315, 417, 486, 734, 1010, 735, 479, 418, 87, 651, 658, 1006, 49, 99, 55, 271, 130, 69, 61, 180, 482, 435, 41, 754, 167, 268, 193, 431, 707, 433, 256, 784, 94, 192, 484, 537, 745, 269, 1, 489, 736, 301, 577, 86, 78, 238, 587, 141, 97, 90, 27, 82, 178, 214, 116, 143, 366, 215, 346, 95, 393, 708, 81, 493, 142, 173, 558, 750, 384, 54, 172, 430, 195, 171, 630, 427, 213, 496, 595, 100, 536, 24, 120, 20, 212, 480, 98, 737, 203, 152, 201, 226, 602, 209, 273, 659, 208]","[567, 304, 249, 471, 1660, 84, 777, 855, 733, 379, 404, 590, 290, 380, 385, 747, 2, 848, 1077, 225, 1100, 944, 755, 88, 741, 416, 1445, 299, 916, 709, 196, 703, 1139, 398, 381, 557, 110, 10, 0, 401, 371, 153, 432, 237, 309, 312, 160, 331, 915, 864, 6, 1034, 236, 117, 89, 485, 738, 654, 596, 51, 483, 808, 688, 322, 93, 657, 478, 314]"
752,"[271, 747, 270, 339, 287, 346, 689, 269, 300, 305, 326, 304, 345, 903, 538, 258, 357, 881, 301, 306, 343, 349, 899, 330, 750, 347, 268, 588, 331, 994, 1242, 1462, 682, 901]","[285, 299, 312, 309, 895, 325, 904, 1104, 288, 321, 310, 293, 257, 1293, 350, 344, 315, 1126, 324, 620, 1023, 353, 908, 332, 337, 1264, 749, 886, 322, 1175, 314, 1526, 259, 751, 677, 1278, 320, 354, 267]"
753,"[78, 897, 514, 358, 483, 482, 509, 461, 49, 198, 193, 214, 21, 210, 133, 434, 293, 526, 241, 70, 426, 356, 656, 522, 173, 271, 97, 63, 312, 303, 68, 172, 652, 315, 268, 192]","[672, 95, 181, 498, 321, 194, 503, 179, 22, 285, 346, 184, 180, 749, 186, 327, 182, 88, 299, 171, 178]"
754,"[936, 8, 618, 475, 275, 116, 476, 14, 458, 281, 1015, 290, 294, 292, 126]","[675, 283, 741, 818, 254, 743, 594, 358, 117, 327, 236, 291, 242, 921, 285, 1196, 339, 306, 272]"
755,"[689, 303, 268, 301, 747, 310, 299, 936, 879, 244, 257, 322, 327, 309, 537, 285, 878]","[318, 293, 874, 688, 258, 342, 326, 880, 263, 270, 288, 871, 886, 287, 321, 330, 687, 339, 298, 300, 937]"
756,"[366, 602, 116, 177, 1118, 99, 175, 54, 1008, 420, 565, 0, 110, 209, 180, 401, 88, 170, 78, 146, 182, 1073, 1059, 590, 158, 288, 95, 49, 738, 1148, 7, 142, 250, 29, 918, 431, 65, 150, 299, 587, 154, 1239, 255, 419]","[62, 526, 98, 549, 403, 397, 121, 641, 233, 752, 91, 553, 160, 422, 929, 134, 417, 137, 408, 398, 2, 1273, 324, 730, 434, 225, 122, 472, 273, 52, 70, 859, 257, 741, 120, 244, 172, 229, 234, 196, 90, 117, 754, 194, 140, 322, 21, 94, 418, 500, 224, 227, 96, 274, 982, 221, 87, 8, 621, 81, 1030, 1651, 402, 567, 382]"
757,"[195, 70, 6, 650, 194, 247, 49, 3, 692, 88, 548, 116, 21, 167, 202, 201, 143, 192, 23, 332, 178, 204, 683, 287, 172, 30, 209, 100, 67, 938, 808, 10, 221, 175, 90, 470, 55, 78, 275, 514, 256, 205, 97, 150, 741, 894, 257, 197, 229, 95, 182, 96, 678, 203, 171, 26, 558, 63, 226, 249, 147, 404, 567, 81, 173, 0, 1072, 432, 402, 297, 227, 94, 430]","[398, 160, 99, 568, 225, 770, 677, 1, 259, 27, 156, 742, 206, 1089, 216, 57, 587, 1209, 684, 264, 240, 1187, 1034, 128, 422, 37, 127, 325, 565, 473, 1272, 449, 180, 228, 231, 155, 431, 154, 657, 569, 120, 61, 121, 384, 545, 342, 750, 745, 270, 1239, 232, 349, 968, 174, 664, 152, 312, 230, 1015, 327, 549, 269, 52, 561, 575, 826, 322, 253, 124, 16, 142, 731, 234, 469, 471, 251, 824, 144, 1013, 187, 448, 930, 163, 117, 68, 425, 454, 560, 573, 553, 637, 28, 357]"
758,"[134, 297, 126, 257, 271, 234, 586, 6, 176, 1141, 247, 268, 287, 223, 107, 618, 57, 1084, 55, 49, 864, 152, 286, 302, 191, 80, 426, 171, 323, 63, 606, 683, 23, 162, 372, 285, 127, 68, 633, 655, 315, 1097, 411, 1110, 996, 301, 479, 526, 427, 741, 789, 13, 270, 511, 384, 304, 252, 836, 379, 3, 248, 684, 296, 190, 577, 99, 1158, 25, 482, 481, 528, 201, 731, 507, 410, 483, 256, 1051, 182, 121, 488, 546, 293, 212, 473, 272, 32, 779, 656, 19, 185, 1006, 863, 184, 566, 1018, 420, 413, 202, 1021, 1045, 602, 233, 532, 461, 1015, 237, 704, 525, 504, 628, 143, 151, 750, 183, 352, 97, 170, 7, 211, 199, 1038, 24, 226, 1000, 330, 363, 1142, 478, 967, 90, 1022, 429, 886, 153, 337, 513, 627, 653, 530, 150, 1011, 579, 217, 549, 480, 169, 140, 289, 249, 447, 133, 115, 570, 649, 172, 27, 123, 383, 424, 354, 351, 290, 178, 194, 22, 167, 895, 142, 312, 454, 146, 567, 92, 222, 174, 81, 310, 894, 215, 52, 651, 128, 474, 501, 745, 180, 291, 78, 261, 198, 229, 221, 361, 235, 284, 87, 404, 136, 208, 714, 921, 508, 209, 349, 639, 418, 615, 432, 446, 95, 11, 318, 195, 901, 575, 138, 565, 819, 331, 149, 519, 341, 540, 207, 434, 12, 210, 607, 175, 344, 236, 116, 203, 269, 392, 830, 319, 314, 173, 1033, 734, 918, 1282]","[346, 516, 596, 809, 430, 891, 94, 196, 154, 888, 825, 688, 751, 390, 1500, 386, 826, 764, 281, 976, 158, 715, 120, 220, 763, 685, 433, 1024, 440, 553, 604, 28, 419, 545, 122, 230, 108, 451, 958, 568, 124, 675, 495, 541, 75, 954, 801, 747, 889, 435, 300, 345, 539, 343, 117, 487, 37, 897, 1526, 686, 1243, 664, 652, 721, 227, 240, 38, 30, 1073, 535, 251, 509, 241, 216, 239, 104, 736, 130, 1134, 10, 342, 1087, 712, 61, 387, 1089, 67, 98, 749, 1291, 275, 228, 327, 505, 60, 42, 292, 65, 76, 385, 1046, 288, 238, 311, 840, 355, 339, 5, 299, 581, 306, 309, 470]"
759,"[1015, 331, 299, 257, 297, 0, 120, 116, 741, 256, 936, 327, 274, 221, 755, 404, 219, 470, 747, 49, 117, 293, 280, 180, 322]","[677, 983, 590, 244, 126, 23, 236]"
760,"[603, 277, 124, 1036, 203, 738, 287, 450, 364, 872, 110, 775, 70, 374, 194, 1134, 844, 747, 257]","[64, 182, 180, 722, 215, 818, 184, 201, 161, 49, 681, 171, 927, 840, 119, 65, 630, 299, 236, 254, 24, 97]"
761,"[277, 146, 923, 545, 147, 180, 49, 257, 287, 221, 294, 863, 1156, 292, 14, 274, 204, 839, 236, 747, 116, 124, 6, 282, 281, 627, 244]","[288, 293, 1196, 213, 677, 1276, 0, 260, 1013, 687, 126, 290, 234, 325, 470, 475, 425, 454, 987, 357, 1271, 122, 457, 1162, 876, 1286, 456, 1151, 1011, 262, 8, 401, 741, 150, 242, 1557, 476, 507, 200]"
762,"[301, 474, 874, 172, 514, 954, 273, 269, 420, 285]","[115, 236, 1661, 245, 814, 748, 933, 708, 331, 255, 110]"
763,"[587, 87, 199, 0, 959, 285, 237, 10, 212, 460, 150, 21, 274, 1267, 741, 195, 196, 163, 175, 628, 194, 506, 282, 126, 68, 417, 97, 468, 161, 4, 509, 960, 208, 156, 69, 504, 55, 15, 172, 60, 461, 1064, 173, 517, 38, 624, 474, 24, 606, 729, 221, 508, 54, 152, 167, 356, 1128, 381, 431, 99, 391, 49, 482, 58, 211, 223, 59, 134, 136, 193, 11, 3, 1038, 25, 514, 78, 189, 98, 190, 465, 844, 84, 197, 702, 608, 497]","[27, 366, 209, 374, 257, 878, 657, 95, 236, 626, 110, 96, 143, 72, 46, 233, 1100, 229, 701, 971, 940, 1005, 82, 170, 731, 279, 526, 737, 132, 691, 12, 316, 1179, 142, 818, 463, 124, 158, 86, 954, 1097, 736, 131]"
764,"[244, 142, 70, 30, 526, 76, 99, 596, 8, 495, 10, 175, 1220, 587, 1011, 13, 27, 865, 14, 431, 288, 98, 355, 173, 69, 120, 279, 1027, 226, 281, 945, 131, 217, 88, 672, 94, 116, 0, 404, 844, 283, 55, 236, 124, 254, 274, 63, 21, 110, 1045, 691, 150, 863, 594, 277, 201, 221, 417, 632, 6, 530, 938, 317, 285, 199, 68, 97, 215]","[85, 222, 117, 139, 741, 819, 320, 1151, 755, 322, 190, 695, 172, 742, 12, 273, 293, 275, 219, 590, 3, 1283, 746, 49, 24, 272, 370, 1, 692, 818, 471, 716, 1056, 230, 410, 251, 20, 731, 105, 280, 595]"
765,"[284, 126, 24, 241, 285, 521, 970, 136, 13, 274, 41, 1008, 506, 9, 846, 169, 150, 282]","[236, 14, 247, 221, 49]"
766,"[52, 356, 520, 134, 133, 653, 645, 126, 519, 187, 433, 317, 210, 558, 51, 492, 271, 191, 167, 377, 207, 211, 1125, 495, 216, 178, 88, 182, 601, 181, 704, 603, 7, 632, 172, 233, 746, 413, 204, 184, 186, 49, 473, 68, 27, 180, 480, 190, 526, 483, 22, 435, 428, 662, 179, 177, 513, 64, 197, 967, 529, 131, 518, 237, 497, 427, 90]","[450, 486, 1443, 228, 482, 81, 76, 89, 97, 201, 647, 509, 365, 227, 587, 422, 98, 493, 381, 173, 229, 446, 678, 418, 130, 481, 94, 674, 673, 950, 430, 208, 503, 1202, 230, 506, 638, 174, 567, 728, 661, 135, 525, 176, 395, 392, 385, 366, 71, 21, 484, 195, 612, 61, 964, 215, 434, 671, 401, 132, 576, 402, 213, 1020, 264, 629, 604, 431, 214, 185, 522, 175, 225, 193, 1297, 39, 196, 615, 971, 517, 658, 192, 218, 502, 605, 171, 496, 70, 1049, 374, 608, 738, 442, 464, 432, 549, 384, 836, 293, 379, 447, 583, 606, 160, 711, 809, 498, 663]"
767,"[1067, 485, 477, 206, 97, 186, 494, 99, 55, 140, 171, 505, 656, 162, 221, 27, 482, 504, 182, 723, 241, 299, 169, 523, 614, 21, 1120, 431, 480, 647, 343, 920, 0, 658, 176, 179]",[175]
768,"[172, 281, 64, 116, 256, 69, 49, 0, 274, 287, 331, 299, 590, 120, 965, 404, 309, 475, 24, 312, 13, 8, 126, 254, 236, 271, 99, 221, 300]","[277, 339, 1015, 755, 844, 1013, 110, 825, 251, 353, 627, 150, 814, 470, 247, 743, 15, 314, 741, 14, 474, 244, 762, 681, 1060, 619, 596, 273, 761, 234, 345, 283, 894, 534, 268]"
769,"[268, 545, 933, 120, 110, 221, 117, 0, 475, 12]","[14, 823, 257, 747, 830, 1027, 404, 283, 234, 1311, 1010, 410, 596, 472, 684, 236, 1092, 1321, 119]"
770,"[476, 300, 874, 507, 0, 254, 117, 918, 24, 545, 299, 294, 252, 243, 288, 281, 324, 287, 150, 6, 92, 741, 302, 14, 325, 1011, 257, 747, 297, 13, 812, 333, 928, 474, 274, 245, 332, 221, 249, 116, 935, 595, 99, 267, 409, 296, 472, 128, 322, 110, 256, 936, 923]","[180, 677, 330, 357, 327, 987, 49, 293, 239, 301, 122]"
771,"[689, 87, 82, 236, 257, 27, 241, 992, 90, 948, 706, 274, 288, 541, 70, 708, 1128, 0, 402, 293, 68, 407, 188, 215, 136, 303, 180, 767, 891, 7, 14, 273, 587, 133, 476, 85, 201, 168, 171, 172, 495, 94, 651, 113, 595, 282, 110, 250, 49]","[761, 202, 221, 153, 240, 3, 872, 312, 196, 78, 143, 242, 96, 461, 380, 285, 693, 163, 127, 97, 81]"
772,"[311, 878, 325, 320, 306, 677, 331, 303, 312, 326, 309, 299, 322, 321, 314, 343, 263, 327, 293, 257, 353, 330, 244, 301, 270, 271]","[897, 287, 258, 751, 747, 1024, 750]"
773,"[168, 63, 958, 238, 90, 638, 91, 1020, 237, 190, 59, 174, 1474, 267, 44, 170, 99, 13, 46, 508, 791, 530, 175, 1366, 546, 1096, 257, 178, 957, 197, 12, 182, 363, 60, 153, 184, 461, 151, 208, 431, 427, 97, 1068, 215, 186, 180, 171, 454, 918, 58, 356, 167, 169, 88, 89, 108, 674, 779, 1528, 49, 234, 407, 317, 1554, 188, 22, 31, 152, 199, 181, 195, 521, 126, 1251]","[71, 26, 228, 558, 36, 187, 55, 233, 383, 432, 52, 217, 664, 51, 1187, 768, 1186, 227, 203, 587, 216, 402, 1, 1239, 392, 353, 259, 381, 230, 0, 220, 654, 1017, 426, 566, 144, 209, 11, 923, 474, 709, 854, 183, 1070, 264, 120, 5, 430, 789, 232, 939, 95, 385, 736, 287, 41, 729, 92, 6, 808, 285, 886, 651, 1035, 342, 211, 731, 10, 719, 567, 1169, 250, 540, 323, 173, 263, 947, 239, 28, 366, 67, 23, 839, 69, 750, 894, 231]"
774,"[643, 126, 178, 237, 175, 527, 226, 430, 97, 204, 52, 518, 240, 227, 201, 525, 678, 177, 181, 182, 68, 179, 777, 529, 198, 176, 192, 49, 218]","[1090, 1418, 194, 738, 919, 510, 575, 526, 88, 293, 228, 402, 672, 53, 171, 1027, 562, 27, 184, 870, 51, 104, 519, 207, 671, 1181, 30, 1304, 536, 292, 833, 185, 513, 422, 239, 299, 467, 520, 648, 740, 21, 202, 257, 134, 848, 435, 356, 253, 3, 233, 649, 401, 653, 1109, 372, 558, 67, 711, 229, 76, 757, 1, 514, 576, 55, 773, 691, 825, 925, 199, 160, 232, 78, 794, 417, 946, 404, 683, 447, 1217, 22, 200, 117, 167, 410, 1016, 448, 174, 121, 366, 427, 500, 428, 209, 985, 1078, 214, 230, 392, 6, 43, 449, 807, 306, 411, 549, 203, 446, 195, 544, 225, 364, 57, 221, 568, 272, 193, 658, 509, 93, 28, 187, 553, 385, 1015, 400, 196, 11, 830, 7, 90, 584, 317, 405, 731, 409, 567, 186, 384, 120, 450, 234, 231, 443, 149, 547, 100, 507, 654, 379, 99, 572, 1117, 95, 1227, 71, 1089, 173, 180, 249, 213, 596, 673, 565, 742, 96, 1214, 517, 210, 61, 87, 707, 264, 566, 1273, 412, 524, 63, 560, 216, 420, 81, 217, 552, 398, 397, 545, 865, 452, 116, 522, 390, 839, 451, 188]"
775,"[285, 257, 263, 268, 271, 330, 342, 306, 299, 344, 326, 343, 749, 312, 886, 314, 332, 304]","[347, 309, 269, 311, 328, 301, 689, 899, 244, 346]"
776,"[233, 167, 126, 435, 485, 510, 275, 21, 660, 134, 473, 634, 191, 49, 183, 655, 176, 217, 193, 707, 186, 478, 27, 180, 4, 513, 97, 430, 90, 482, 94, 108, 22, 184, 508, 173, 199, 317, 587, 190, 88, 509, 678, 602, 523, 6, 606, 178, 237, 133, 558, 548, 522, 216]","[421, 768, 671, 484, 441, 495, 163, 20, 442, 647, 438, 568, 759, 705, 847, 195, 674, 815, 194, 563, 437, 440, 436, 144, 431, 865, 946, 354, 281, 617, 524, 439, 673, 550, 240, 1218, 666, 669, 181, 1171, 656, 443, 859, 566, 636, 192, 52, 218, 589, 426, 131]"
777,"[167, 356, 0, 215, 689, 55, 204, 116, 520, 41, 817, 526, 201, 203, 508, 14, 222, 237, 521, 272, 179, 8, 522, 691, 651, 211, 287, 195, 244]","[285, 152, 99, 156, 1078, 126, 134]"
778,"[6, 264, 238, 192, 615, 261, 194, 208, 203, 173, 196, 97, 179, 10, 366, 41, 185, 199, 27, 143, 153, 549, 225, 167]","[93, 77, 1272, 1034, 229, 581, 237, 779, 120, 737, 495, 160, 233, 55, 267, 567, 450, 149, 156, 280, 53, 131, 7, 78, 248, 81, 754, 68, 116, 142, 711, 34, 245, 404, 215, 218, 422, 195, 440, 622, 628]"
779,"[256, 470, 221, 242, 180, 14, 70, 20, 194, 1027, 327, 257, 925, 234, 0, 595, 110, 116, 274, 124, 293, 224, 117, 446, 254, 94, 49]","[283, 410, 299, 108, 6, 508, 120, 303, 878, 251]"
780,"[661, 490, 201, 198, 132, 356, 96, 886, 422, 509, 21, 171, 525, 186, 510, 495, 274, 78, 484, 163, 285, 338, 658, 384, 317, 185, 519, 418, 209, 704, 203, 497, 215, 27, 173, 312, 49]","[69, 432, 97, 466, 207, 507, 299, 656, 496, 659, 182, 602, 473, 293, 3, 426, 603, 514]"
781,"[482, 99, 473, 126, 323, 63, 222, 204, 203, 173, 179, 190, 402, 186, 86, 326, 180, 194, 134, 49, 171, 133, 301, 1499, 96, 522, 178, 209]","[287, 321, 257, 214, 267, 317, 288, 244, 285, 293, 68, 877, 55, 231]"
782,"[249, 321, 287, 309, 307, 263, 247, 689, 1393, 325, 749, 1037, 314, 257, 297, 291, 872, 1661, 243, 1390, 681, 1384, 747, 126, 357, 311, 269, 537, 303, 312, 299, 1663, 315, 886, 306, 244, 879, 751, 347, 1277, 894, 748, 349, 327, 329, 254, 271, 904, 331]","[1215, 1599, 1022, 937, 682, 248, 983, 328, 1537, 1389, 877, 1657, 345, 245, 293, 677, 1278, 686, 1240, 242, 688, 1236, 1476, 342, 901, 1388, 1642, 986, 1314, 990, 871, 351, 1243, 1643, 1608, 531, 1378, 514, 1668, 1510, 1257, 1385, 1382, 1024, 1662, 296, 1404, 989, 322, 532, 295, 679, 1006, 1651, 267, 947, 1225, 1104, 285, 988, 265, 1282, 680, 1250, 337, 1587, 259, 538, 992, 323, 1604, 343, 534, 1190, 1416, 1255, 899, 334, 1381, 897, 1379, 1533, 687, 875, 1301, 251, 1665, 1015, 1137, 1012, 353, 1295, 1527, 1299, 1159, 934, 258, 1141, 346, 338, 1398, 1526, 1095, 690, 246, 1513, 1011, 880, 298, 250, 1126, 301, 907, 1536, 991, 1143, 1251, 1614, 1254, 288, 354, 1081, 324, 1667, 348, 1392, 533, 1377, 878, 535, 887, 1387, 876, 750, 1610, 256, 180, 893, 1597, 1619, 294, 1512, 1589, 1189, 330, 1142, 332, 300, 339, 260, 1172, 1664, 1242, 320, 1013, 1291, 1253, 1087, 1669, 255, 1256, 889, 1666, 292, 935, 936, 884, 1588, 885, 49, 1383, 268, 993, 360, 253, 1607, 1386, 1088, 252, 1609, 270, 341, 350]"
783,"[345, 875, 332, 327, 344, 259, 263, 268, 886, 270, 257, 871, 749, 880, 306, 300, 299, 342, 298, 291, 879, 894]","[287, 333, 334, 330, 947, 285, 293, 329]"
784,"[268, 306, 677, 302, 291, 897, 312, 271, 309, 750, 332, 314, 322, 257, 325, 876, 303, 299, 749, 343, 331, 689, 259, 345, 301, 330, 326]","[1037, 327, 285, 270, 311, 269, 320, 753, 333, 298, 267, 339]"
785,"[194, 21, 300, 11, 167, 182, 0, 151, 317, 55, 68, 495, 268, 293, 78, 49, 173]","[208, 422, 1049, 287, 885, 747, 660, 136, 994, 272]"
786,"[404, 176, 632, 229, 470, 403, 85, 428, 186, 199, 179, 237, 698, 317, 69, 215, 81, 519, 160, 182, 142, 131, 190, 464, 198, 282, 587, 171, 6, 88, 417, 68, 98, 731, 723, 203, 707, 65, 422, 124, 221, 132, 101, 126, 8, 27, 236, 70, 185, 201, 356, 654, 194, 110, 175, 415, 500, 1043, 495, 202, 288, 180, 545, 197, 172, 178, 207, 96, 280, 209, 503, 97, 87, 384, 3, 285, 210, 274, 173, 125, 483, 49, 187, 418, 683, 691, 264, 99, 227, 527, 195, 496, 116, 94, 0]","[275, 448, 230, 239, 233, 380, 14, 708, 870, 120, 695, 865, 279, 321, 284, 848, 454, 450, 702, 196, 457, 375]"
787,"[309, 303, 347, 310, 328, 306, 258, 346, 689, 749, 325, 299, 257, 747, 878, 690, 312, 748, 750, 267]","[898, 360, 268, 291, 332, 879, 341, 244, 323, 270, 349, 330, 937, 1433, 897, 1023, 903, 301, 1432, 304, 876, 351, 318, 936, 680, 307, 305, 1670, 327, 361, 293, 358, 285, 350, 287, 344, 905]"
788,"[753, 184, 50, 69, 204, 503, 600, 53, 187, 193, 97, 301, 236, 520, 482, 182, 68, 450, 743, 9, 217, 120, 57, 199, 548, 518, 132, 257, 317, 613, 210, 660, 280, 222, 656, 192, 11, 63, 6, 281, 54, 186, 290, 962, 725, 99, 78, 502, 330, 143, 683, 198, 728, 131, 581, 1125, 404, 285, 325, 355, 588, 179, 43, 8, 878, 497, 481, 240, 626, 175, 288, 321, 88, 422, 522, 116, 519, 650, 565, 509, 527, 661, 21, 64, 202, 316, 225, 510, 530, 191, 444, 299, 442, 27, 356, 156, 327]","[567, 722, 22, 479, 228, 234, 691, 638, 70, 707, 569, 402, 738, 283, 1247, 300, 233, 446, 596, 72, 780, 434, 326, 797, 698, 539, 711, 81, 124, 52, 75, 1134, 982, 369, 203, 161, 578, 194, 428, 270, 55, 431, 822, 692, 0, 644, 227, 491, 473, 808, 1276, 1272, 470, 37, 221, 517, 408, 226, 84, 620, 119, 230, 619, 163, 1517, 645, 629, 173, 379, 561, 549, 176, 930, 443, 269, 362, 435, 96, 67, 426, 590, 553, 1111, 636, 545, 140, 117, 678, 1406, 754, 1477, 684, 635, 1302, 214, 432, 430, 181, 1138, 384, 585, 719, 1182, 111, 714, 654, 552, 560, 983, 150, 648, 185, 571, 42, 809, 1458, 129, 10, 390, 664, 469, 447, 3, 741, 28, 747, 657, 134, 735, 171, 229, 61, 398, 827, 401, 174, 622, 166, 628, 1106, 95, 669, 370, 322, 147, 158, 152, 293, 1041, 45, 695, 555]"
789,"[1011, 126, 474, 92, 292, 8, 49, 180, 1007, 507, 1006, 149, 275, 128, 99, 740, 123]","[1160, 285, 293, 0, 283, 1016, 136, 110, 741, 247, 248, 590, 150, 287, 761, 627]"
790,"[379, 153, 1062, 173, 283, 411, 231, 55, 400, 1043, 51, 770, 171, 264, 366, 1118, 229, 863, 210, 1281, 773, 848, 281, 97, 41, 287, 230, 435, 1445, 1047, 187, 780, 180, 761, 247, 216, 116, 14, 741, 64, 88, 272, 245, 6, 49, 297, 583, 715, 215, 549, 150, 249, 143, 72, 236, 160, 115, 240, 267, 78, 738, 684, 364, 948, 21, 426, 182, 202, 167, 274, 469, 316, 402, 209]","[1073, 156, 37, 1182, 138, 122, 448, 375, 28, 789, 108, 228, 377, 565, 183, 1131, 737, 940, 582, 608, 785, 0, 747, 571, 190, 90, 385, 707, 46, 659, 721, 110, 357, 825, 172, 16, 558, 495, 214, 976, 551, 775, 65, 95, 40, 939, 1090, 24, 227, 144, 157, 708, 207, 410, 234, 416, 273, 121, 208, 185, 930, 1038, 363, 471, 221, 225, 68, 824, 62, 67, 48, 677, 248, 430, 584, 925, 50, 762, 383, 107, 66, 142, 1243, 404, 401, 663, 1024, 861, 104, 484, 293, 213, 226, 82, 392, 943, 372, 390, 560, 1187, 686, 927, 664, 195, 71, 1164, 1, 158, 958, 1214, 69, 545, 3, 1229, 268, 576, 1470, 569, 134, 1184, 201, 84, 154, 1027, 1015, 9, 232, 258, 120, 1117, 79, 474, 282, 567, 257, 581, 720, 96, 1039, 327, 212, 89, 239, 1046, 1013, 175, 791, 596, 367, 61, 152, 450, 12, 130, 99, 754, 1076]"
791,"[288, 326, 327, 49, 268, 299, 321, 180, 8, 753, 244, 305, 303, 274, 301, 331]","[298, 285, 318, 287, 300, 258, 747, 330, 293]"
792,"[123, 1334, 843, 1014, 6, 470, 99, 1196, 128, 12, 146, 0, 543, 120, 761, 14]","[110, 594, 1131, 545, 20, 1010, 23, 475, 290, 281, 830, 695, 590, 8, 1046, 150, 596, 275, 925, 839, 595, 124, 362, 236, 117, 741, 24, 404, 1053, 507, 1163]"
793,"[1066, 297, 293, 1141, 843, 149, 108, 287, 249, 590, 256, 281, 292, 128, 507, 247, 147, 150, 99, 239, 180, 49, 2, 0, 126, 251, 116]","[275, 120, 823, 457, 814, 1186, 695, 455, 596, 822, 1364, 927, 234, 117, 272, 1013, 627, 405, 6, 121, 236, 221, 105, 8, 684, 404, 978, 741]"
794,"[241, 886, 474, 49, 237, 513, 220, 556, 23, 846, 0, 268, 247, 149, 419, 126, 274, 180, 13, 115, 108, 284, 472, 223, 454, 136, 272, 12, 1250, 18, 256, 186, 935, 514, 99]","[117, 750, 285, 248]"
795,"[116, 99, 3, 513, 7, 432, 183, 180, 172, 580, 181, 213, 208, 1100, 704, 24, 587, 167, 88, 173, 151, 230, 318, 57, 174, 233, 6, 381, 168, 90, 122, 200, 11, 190, 639, 80, 61, 430, 918, 94, 38, 0, 9, 582, 209, 143, 27, 207]","[171, 366, 1035, 635, 501, 234, 406, 185, 674, 796, 79, 218, 718, 163, 576, 380, 199, 770, 741, 239, 1109, 830, 755, 264, 1051, 553, 96, 385, 216, 2, 152, 149, 726, 237, 825, 1554, 575, 203, 41, 1198, 476, 464, 567, 402, 709, 117, 654, 927, 95, 428, 134, 431, 119, 120, 767, 256, 394, 166, 188, 551, 549, 142, 930, 471, 418, 1412, 558, 150, 819, 545, 715, 745, 108, 566, 424, 738, 401, 201, 1040, 997, 409, 131, 411, 563, 20, 1094, 49, 202, 404, 71, 16, 67, 746, 225, 925, 221, 754, 472, 78, 104, 657, 153, 107, 1, 422, 435, 1029, 46, 69, 433, 824]"
796,"[417, 678, 86, 1041, 269, 430, 398, 1118, 490, 931, 495, 167, 201, 173, 4, 1048, 366, 3, 1089, 116, 175, 1268, 750, 1227, 214, 418, 277, 780, 484, 97, 356, 120, 416, 545, 281, 325, 392, 426, 55, 614, 602, 216, 814, 290, 312, 314, 218, 447, 232, 1, 486, 197, 270, 1100, 195, 172, 182, 221, 402, 37, 683, 719, 1040, 279, 596, 180, 808, 184, 1284, 111, 401, 131, 190, 691, 754, 186, 820, 154, 274, 948, 88, 257, 627, 587, 271, 49, 565, 388, 738, 433, 610, 698, 793, 110, 150, 483, 315, 11, 482, 450, 515, 280, 306, 878, 68, 227, 784, 775, 65, 193, 1035, 499, 152, 297, 160, 746, 292, 21, 229, 249, 552, 731, 944, 85, 479, 117, 181, 567, 256, 143, 448, 355, 236, 428, 477, 390, 264, 53, 235, 478, 203, 317, 768, 142, 848, 171, 226, 14, 199, 577, 70, 632, 30, 404, 524, 384, 299, 78, 1038, 777, 684, 7, 215, 42, 63, 485, 341, 194, 124, 510, 146, 659, 332, 606, 795, 212, 422, 868, 370, 94, 87, 747, 782, 704, 572, 661, 61, 605, 76, 95, 126, 273, 377, 327]","[1073, 400, 183, 228, 158, 539, 526, 153, 163, 192, 516, 794, 741, 870, 764, 48, 575, 715, 487, 25, 635, 745, 854, 727, 1000, 202, 321, 28, 272, 519, 730, 1039, 380, 973, 248, 806, 217, 716, 541, 185, 432, 209, 563, 872, 809, 196, 8, 231, 927, 0, 473, 1036, 825, 210, 320, 734, 1216, 658, 395, 1406, 96, 708, 721, 509, 548, 622, 285, 569, 442, 187, 237, 44, 1302, 99, 1056, 723, 774, 300, 177, 553, 858, 1521, 1047, 760, 879, 413, 408, 1298, 585, 179, 105, 466, 830, 431, 38, 607, 1011, 77, 1075, 492, 933, 767, 796, 81, 1296, 446, 664, 268, 564, 225, 1045, 62, 133, 22, 27, 338, 513, 987, 761, 1162, 976, 125, 1054, 47, 778, 692, 151, 230, 1196, 293, 247, 1414, 35, 549, 208, 1510, 558, 244, 1031, 386, 654, 242, 476, 529, 283, 282, 671, 590, 52, 648, 98, 706, 90, 32, 449, 144, 233, 198, 322, 938, 57, 93, 1125, 735]"
797,"[49, 780, 126, 180, 256]","[306, 327, 987, 686, 947, 285, 747, 989, 1253, 268, 299, 339, 335, 308, 242, 719, 326, 297, 1022, 293, 258]"
798,"[0, 163, 273, 931, 20, 838, 1248, 686, 747, 256, 402, 689, 831, 464, 269, 1516, 28, 117, 61, 172, 282, 804, 1282, 78, 238, 258, 404, 820, 1424, 485, 224, 484, 1539, 767, 704, 708, 203, 719, 87, 193, 587, 490, 1238, 377, 691, 27, 274, 81, 94, 109, 142, 48, 257, 120, 190, 393, 209, 253, 173, 264, 877, 735, 62, 417, 567, 72, 431, 1034, 242, 171, 745, 139, 49, 180, 1445, 827, 943, 398, 37, 418, 727, 702, 814, 322, 167, 825, 131, 1101, 82, 1, 844, 14, 929, 280, 925, 826, 658]","[93, 997, 987, 1118, 150, 718, 137, 1223, 195, 115, 479, 585, 196, 1088, 992, 383, 1281, 562, 364, 366, 355, 221, 141, 661, 305, 1048, 939, 575, 51, 70, 154, 818, 809, 86, 492, 230, 1269, 443, 952, 65, 162, 794, 279, 861, 824, 320, 1543, 390, 1182, 227, 462, 1033, 157, 1538, 721, 559, 96, 622, 739, 602, 422, 288, 1022, 755, 97, 1410, 207, 706, 768, 379, 1296, 960, 948, 1163, 376, 780, 1065, 1468, 945, 219, 89, 13, 601, 450, 995, 399, 161, 950, 1138, 160, 416, 1075, 1284, 471, 576, 419, 584, 80, 497, 414, 1031, 481, 111, 124, 670, 647, 1434, 570, 1042, 1062, 784, 71, 1002, 475, 754, 583, 553, 800, 733, 1502, 693, 1283, 104, 1508, 472, 1336, 132, 394, 731, 940, 698, 401, 110, 609, 392, 730, 944, 659, 928, 923, 442, 201]"
799,"[478, 44, 49, 498, 257, 653, 318, 172, 173, 285, 291, 426, 126, 330, 320, 1544, 305, 1062]","[689, 483, 288, 747, 306, 190]"
800,"[741, 126, 863, 256, 596, 299, 750, 291, 288, 221, 24, 222, 120, 236, 180, 274, 49, 14, 404, 0]","[117, 456, 303, 1046, 124, 275, 293, 475]"
801,"[894, 306, 325, 293, 287, 299, 332, 353, 300, 327, 301, 751, 331, 681, 342, 357, 312, 267, 270]","[889, 258, 244, 354, 680, 880, 298]"
802,"[134, 293, 322, 451, 443, 299, 442, 6, 656, 233, 52, 566, 259, 257, 412, 298, 301, 378, 680, 325, 330, 677, 572, 218, 183, 768, 97, 878, 664, 263, 200, 199, 193, 435, 182, 645, 747, 175, 669, 332]","[285, 446, 326, 440, 558, 444, 1024, 55, 686, 671, 483, 759, 395, 262, 329, 217, 423, 260, 562, 673, 447, 195, 303, 184, 133, 357, 287, 216, 668, 258, 265, 568, 439, 564, 196]"
803,"[285, 689, 886, 310, 244, 241, 302, 268, 320, 305, 324, 339, 537, 304, 306]","[270, 242, 747, 753, 687, 987, 337, 338, 682, 260, 299, 303, 288, 258, 263, 259, 321, 989]"
804,"[10, 30, 203, 81, 317, 587, 398, 197, 432, 230, 84, 191, 549, 364, 80, 174, 253, 384, 662, 673, 404, 193, 1078, 185, 472, 120, 184, 444, 127, 209, 86, 163, 214, 32, 201, 204, 227, 202, 661, 156, 0, 567, 183, 677, 258, 738, 124, 924, 583, 221, 656, 362, 61, 195, 9, 413, 638, 527, 678, 187, 62, 510, 23, 180, 614, 322, 377, 1055, 3, 225, 983, 239, 182, 747, 226, 236, 210, 513, 22, 565, 509, 88, 133, 479, 467, 233, 143, 27, 194, 159, 731, 551, 691, 264, 172, 63, 179, 122, 167, 283, 497, 171, 473, 21, 1015, 321, 442, 24, 90, 190, 525, 175, 70, 281, 198, 6, 575, 69, 669, 987, 514, 365, 176, 93, 160, 968, 98, 152, 237, 215, 97, 741, 519, 981, 54, 68, 528, 49, 684, 428, 78, 306, 433, 327, 151, 238, 71, 1, 1024, 646, 654, 251, 289, 650, 796, 1614, 96, 158, 229, 95, 495, 424, 645, 181, 412, 927, 249, 117, 155, 244, 522, 430, 526, 443, 602, 256, 925, 379, 745, 356, 454, 228, 99, 207, 762, 192, 173, 186, 478, 482, 290, 819, 217, 234, 512, 840, 435, 309, 196, 293, 131, 232]","[545, 1075, 48, 1221, 212, 653, 608, 150, 1487, 663, 450, 140, 134, 395, 992, 1177, 94, 674, 521, 242, 402, 208, 104, 1187, 770, 55, 67, 931, 1284, 701, 1073, 1027, 718, 971, 825, 142, 557, 623, 132, 558, 418, 1046, 471, 405, 947, 1040, 199, 980, 928, 211, 755, 138, 410, 83, 205, 259, 767, 38, 754, 422, 366, 1169, 1227, 431, 162, 1209, 1410, 400, 455, 126, 1139, 830, 823, 414, 719, 1290, 1049, 357, 746, 1488, 635, 119, 446, 581, 636, 291, 1138, 372, 392, 1064, 596, 572, 107, 153, 378, 553, 670, 448, 31, 1243, 631, 628, 494, 401, 948, 1100, 615, 154, 736, 411, 929, 161, 641, 503, 950, 447, 166, 218, 630, 427, 1259, 475, 39, 144, 707, 287, 624, 1176, 434, 1059]"
805,"[714, 16, 175, 474, 575, 221, 472, 95, 446, 421, 469, 442, 167, 663, 88, 199, 247, 182, 826, 237, 32, 146, 136, 31, 11, 174, 602, 222, 153, 1169, 90, 82, 419, 855, 647, 660, 196, 536, 951, 381, 342, 454, 141, 85, 770, 150, 6, 4, 92, 734, 24, 395, 171, 44, 54, 500, 630, 105, 268, 46, 330, 468, 208, 805, 718, 0, 121, 524, 1013, 557, 49, 521, 708, 322, 189, 122, 55, 101, 134, 351, 1100, 1109, 57, 23, 450, 664, 508, 1628, 345, 677, 635, 997, 432, 1148, 427, 641, 1117, 97, 149, 424, 1064, 99, 233, 402, 431, 678, 644, 190, 168, 356, 418, 830, 400, 178, 366, 715, 921, 1156, 78, 1070, 476, 518, 316, 1007, 172, 152, 184, 127]","[318, 386, 320, 594, 754, 746, 526, 41, 89, 760, 580, 568, 107, 215, 239, 659, 385, 39, 1231, 147, 357, 160, 422, 581, 273, 471, 87, 549, 166, 173, 100, 211, 540, 724, 98, 258, 179, 94, 933, 116, 384, 411, 545, 654, 142, 768, 224, 104, 741, 1016, 382, 27, 1090, 771, 1053, 287, 93, 194, 567, 747, 417, 544, 553, 475, 336, 624, 117, 201, 163, 558, 228, 865, 1032, 234, 412, 216, 1097, 21, 392, 435, 707, 203, 20, 628, 12, 213, 3, 451, 1118, 723, 7, 225, 270, 767, 410, 927, 272, 889, 949, 1001, 240, 37, 587, 941, 195, 8, 67, 110, 64, 126, 139, 161, 728, 738, 945, 257, 809, 596, 140, 548, 81, 337, 144, 416, 154, 401, 230, 958, 404, 293, 227, 551, 180, 430, 70, 120, 370, 212, 1104, 143, 10, 658, 405, 209, 321]"
806,"[704, 181, 191, 653, 237, 482, 88, 120, 196, 203, 143, 149, 185, 484, 1070, 132, 432, 510, 474, 11, 94, 215, 81, 152, 227, 495, 175, 460, 587, 49, 16, 178, 55, 167, 209, 155, 221, 788, 256, 1017, 97, 402, 186, 1097, 46, 229, 44, 407, 855, 418, 130, 174, 28, 483, 142, 126, 301, 503, 173, 264, 1011, 272, 248, 0, 199, 195, 233, 179, 317, 95, 87, 80, 99, 169, 168, 89, 420]","[323, 404, 628, 176, 406, 2, 232, 253, 342, 521, 171, 156, 23, 922, 285, 13, 161, 194, 27, 154, 1073, 1513, 1, 121, 1015, 520, 180, 239, 257, 951, 356, 654, 157, 5, 270, 226, 1047, 75, 287, 1009, 110, 454, 127, 878, 674, 78, 160, 627, 552, 225, 230, 69, 689, 187, 1128, 701, 1058, 116, 236, 517, 251, 874, 208]"
807,"[398, 418, 116, 384, 464, 470, 249, 238, 635, 1049, 98, 841, 527, 192, 426, 575, 404, 526, 1033, 150, 497, 142, 583, 0, 264, 176, 449, 704, 494, 611, 21, 1482, 1137, 678, 629, 251, 1614, 70, 383, 1062, 632, 379, 484, 100, 230, 450, 656, 738, 20, 209, 7, 683, 120, 553, 510, 1088, 28, 596, 312, 417, 968, 160, 62, 967, 173, 525, 132, 256, 476, 490, 198, 193, 78, 226, 626, 134, 565, 180, 698, 549, 81, 569, 210, 545, 1083, 253, 540, 1065, 221, 171, 587, 385, 1038, 519, 830, 27, 469, 401, 541, 135, 297, 1077, 101, 1408, 67, 88, 131, 372, 143, 427, 421, 299, 167, 431, 402, 929, 756, 228, 719, 509, 207, 658, 514, 49, 392, 483, 317, 448, 94, 747, 601, 117, 185, 471, 577, 229, 227, 1015, 595, 495, 90, 1, 430, 68, 482, 288, 422, 203]","[1443, 270, 621, 419, 945, 1090, 126, 500, 357, 750, 504, 677, 72, 373, 139, 403, 61, 414, 819, 172, 434, 234, 623, 95, 415, 380, 1132, 604, 1410, 1412, 93, 194, 233, 609, 140, 153, 472, 825, 205, 502, 141, 522, 204, 842, 420, 397, 997, 542, 1273, 416, 407, 742, 624, 1075, 138, 257]"
808,"[332, 293, 244, 301, 749, 261, 312, 285, 299, 331, 339, 874, 263, 747, 871, 269, 326, 345]","[270, 324, 287, 311, 750]"
809,"[271, 327, 285, 306, 312, 301, 339, 314, 299, 298]","[677, 288, 257, 747, 244, 1024, 318, 332, 321, 330]"
810,"[300, 878, 325, 293, 332, 312, 330, 303, 320, 901, 268, 242, 299, 285, 337, 322, 327, 880, 677, 341, 338, 877, 288]","[287, 875, 872]"
811,"[300, 303, 293, 689, 257, 322, 891, 306, 285, 314, 299, 307, 894, 987, 677, 900]","[291, 747, 288, 320, 242]"
812,"[287, 325, 293, 747, 677, 880, 327, 872, 332, 331, 299, 681]","[1392, 357, 260, 285, 244, 288, 291, 301]"
813,"[288, 889, 309, 270, 306, 749, 269, 750, 299, 689]","[293, 334, 537, 341, 258, 876, 987, 357, 900, 897, 679, 891, 8, 265, 303, 262, 892, 325, 242]"
814,"[99, 199, 218, 664, 52, 287, 97, 6]","[564, 655, 184, 558, 673, 589, 447, 442, 674, 55, 217, 16, 671, 233, 440, 443, 412, 668, 666, 446, 634, 200, 183, 144, 357, 435, 4]"
815,"[195, 172, 482, 182, 356, 523, 152, 527, 404, 495, 464, 30, 95, 198, 214, 124, 131, 734, 201, 88, 98, 595, 403, 712, 392, 417, 6, 968, 192, 199, 49, 173, 180, 140, 171, 133, 431, 541, 190, 434, 64, 630, 162, 68, 646, 493, 85, 56, 135, 153, 422, 202, 416, 1038, 175, 76, 86, 484, 683, 221, 670, 401, 528, 194, 0, 70, 659, 944, 81, 257, 8, 522, 82, 628, 624, 78, 685, 229, 612, 96, 113, 520, 142, 1203, 426, 402, 836, 658, 189, 132, 203, 312, 731, 478, 704, 391, 526, 87, 264, 97, 143, 227, 587, 238, 317, 918, 27, 514, 483, 150, 213, 525]","[943, 385, 181, 215, 622, 602, 130, 450, 101, 249, 184, 134, 674, 470, 93, 1077, 500, 187, 435, 126, 583, 256, 664, 432, 649, 433, 615, 613, 251, 711, 992, 390, 94, 157, 418, 517, 581, 239, 116, 614, 448, 601, 216, 1298, 226, 1156, 638, 90, 225, 232, 870, 834, 178, 471, 120, 1132, 167, 442, 174, 654, 209, 166, 443, 228, 558, 158, 332, 1, 53, 513, 379]"
816,"[308, 342, 312, 287, 348, 325, 293, 330, 331, 327, 341, 242, 263, 270, 677, 299, 322, 321, 1024, 689]","[257, 258, 354, 686, 259]"
817,"[747, 123, 0, 357, 280, 128, 327, 545, 23, 326, 6, 328, 875, 293, 287, 221, 116, 272]","[117, 146, 14, 839, 362, 323, 244, 927, 288, 596, 257, 454, 299, 923, 8, 830, 120, 404]"
818,"[301, 315, 285, 327, 886, 750, 270, 345, 302, 244, 257, 287, 312]","[911, 1104, 321, 689, 299, 874, 268, 311]"
819,"[1536, 302, 247, 267, 1159, 339, 181, 320, 314, 318, 380, 345, 299, 69, 326, 301, 245, 344, 176, 532, 285, 303, 146, 743]","[861, 244, 257, 254]"
820,"[342, 287, 312, 332, 285, 301, 346]","[537, 288, 747, 314, 263, 300, 315, 270, 323, 327, 357, 257, 894, 750]"
821,"[741, 179, 96, 274, 180, 173, 63, 125, 1083, 404, 14, 131, 212, 356, 434, 317, 233, 0, 69, 426, 508, 78, 273, 1059, 475, 160, 55, 704, 27, 1196, 844, 236, 110, 124, 483, 470, 94, 388, 70, 706, 494, 458, 482, 21, 503, 992, 293, 13, 97, 150]","[117, 99, 105, 762, 559, 116, 120, 283, 472, 280, 147, 596]"
822,"[332, 407, 1109, 110, 70, 168, 0, 188, 94, 901]","[1090, 925, 1239, 271, 409, 431, 24, 357, 234, 587, 538, 90, 750, 100, 205]"
823,"[210, 80, 683, 501, 738, 30, 209, 190, 6, 96, 208, 47, 143, 474, 232, 273, 658, 403, 21, 731, 123, 236, 195, 86, 432, 52, 159, 641, 691, 285, 422, 54, 179, 91, 215, 196, 185, 171, 94, 152, 187, 181, 89, 1266, 12, 0, 110, 427, 238, 761, 149, 174, 418, 124, 565, 76, 400, 192, 458, 63, 746, 97, 134, 473, 317, 530, 7, 659, 217, 197, 172, 68, 150, 156, 769, 151, 720, 99, 477, 605, 194, 214, 55, 186, 653, 707, 424, 169, 624, 78, 88, 205, 233, 193, 426, 140, 3, 1069, 417, 237, 630, 57, 180, 173, 425, 201, 49, 654, 11, 65, 175, 409, 513, 734, 155, 1066, 142, 41, 502, 126, 101, 407, 650, 135, 182, 153, 203, 16, 25, 87, 714, 741, 918, 516, 167, 685, 709, 95, 133]","[93, 1216, 1117, 32, 228, 567, 332, 1106, 90, 373, 70, 272, 470, 221, 239, 139, 163, 1134, 158, 183, 154, 67, 281, 216, 227, 82, 449, 355, 27, 708, 791, 639, 1045, 160, 293, 100, 229, 587, 24, 865, 51, 230, 127, 218, 226, 472]"
824,"[267, 321, 324, 258]","[677, 285, 990, 320, 293, 291, 303, 288, 287, 686, 322, 988, 244, 318, 747, 242]"
825,"[422, 293, 985, 6, 840, 297, 49, 507, 740, 471, 741, 173, 285, 257, 514, 716, 925, 490, 175, 306, 11, 116, 1243, 242, 545, 983, 924, 256, 247, 384, 180, 244, 249, 590, 124, 618, 826, 686, 321, 362, 454, 978, 824, 1198, 981, 117, 677, 290, 627, 929, 120, 404, 684, 99, 147, 194, 822, 236, 324, 221, 565, 273, 105, 865, 24, 1050, 596, 839, 289, 747, 146, 1033, 251, 272, 325, 745, 97, 322, 832, 281]","[110, 19, 1046, 368, 543, 282, 275, 987, 863, 831, 1014, 1290, 923, 1116, 594, 274, 121, 119, 869, 1015, 280, 13, 1027, 412, 292, 1162, 115, 129, 234, 405, 288, 592, 927, 1086, 930, 248, 870, 739, 1253, 8, 126, 619, 123, 830, 406, 15, 455, 1007, 408, 843, 931, 1012, 369, 410, 287, 283, 695, 125, 284, 104, 1048, 320, 1010, 918, 136]"
826,"[335, 312, 1238, 430, 240, 171, 49, 91, 181, 1218, 187, 293, 54, 626, 10, 801, 100, 52, 173, 587, 402, 55, 228, 390, 342, 434, 509, 677, 569, 229, 448, 575, 126, 180, 194, 553, 175, 225, 90, 0, 232, 257, 623, 308, 21, 848, 1239, 577, 270, 264, 38, 585, 88, 664, 176, 1109, 78, 650, 209, 567, 95, 182, 384, 94, 226, 3, 398, 61, 70, 101, 186, 747]","[37, 160, 683, 183, 565, 1090, 819, 287, 231, 227, 431, 945, 230, 767, 372, 396, 331, 678, 1221, 500, 421, 98, 67, 419, 32, 1227, 539, 1408, 1230, 778, 28, 425, 719, 81, 510, 189, 624, 525, 1, 809, 770, 549, 259]"
827,"[267, 271, 300, 301, 268, 293, 747, 342]","[328, 346, 257, 312, 330, 689, 749, 688, 244, 287, 315, 288, 299, 937, 331, 311, 325, 285, 357, 332]"
828,"[1645, 886, 18, 970, 920, 268, 752, 1072, 902, 959, 301, 60, 285, 957, 339, 269, 197, 13, 59, 1465, 44, 326, 901, 1067, 23, 511, 58, 1061, 206, 895, 302, 178, 315, 330, 474, 115, 651, 530, 345]","[170, 56, 324, 1267, 300, 1195, 873, 922, 346, 729, 312, 245, 9, 1152, 82, 212, 51, 1596, 305, 1004, 223, 189, 894, 508, 1055, 1671, 381, 1621, 954, 701, 380, 903, 509, 274, 270, 282, 885, 321, 25, 693, 69, 327, 546, 5, 581, 1461, 85, 750, 354, 751, 905, 169, 747, 287, 461, 19, 960, 462, 984, 344, 556, 736, 557, 639, 899]"
829,"[188, 1066, 267, 191, 317, 511, 12, 152, 212, 854, 274, 221, 99, 197, 169, 123, 514, 508, 69, 461, 1192, 318, 426, 285, 189, 128, 407, 256, 275, 85, 115, 704, 528, 638, 150, 1120, 0, 581, 211, 474, 312]","[277, 249, 338, 1017, 236, 639, 13, 280, 732, 293, 258, 309, 1119, 457, 124, 409, 19, 257, 9, 104, 844, 283, 254]"
830,"[384, 738, 68, 99, 510, 193, 21, 176, 401, 632, 650, 182, 612, 125, 402, 204, 49, 96, 522, 312, 180, 201, 434, 240, 479, 611, 225, 14, 309, 0, 70, 210, 264, 209, 97, 171, 196, 160, 202, 967, 587, 497, 483, 473, 924, 78, 553, 192, 549, 173, 426, 172, 660, 731, 86, 450, 398, 48, 87, 509, 567, 486, 647, 126, 691, 836, 88]","[412, 81, 232, 287, 224, 94, 226, 695, 186, 789, 98, 819, 229, 431, 1, 55, 626, 28, 500, 448, 203, 95, 194, 678, 175, 228, 624, 750, 293, 565, 417, 423, 221, 133, 430, 227, 150, 230, 833]"
831,"[95, 590, 180, 332, 0, 1062, 339, 271, 99, 249, 173, 330, 325, 297, 49, 30, 6, 269, 316, 11, 63, 82, 1011, 712, 602, 353, 904, 312, 236, 143, 478, 209, 293, 155, 749, 203, 196, 21, 55, 689]","[876, 244, 272, 265, 149, 257, 327, 346, 748, 299, 315, 116, 314, 287, 686, 322, 306, 747, 27, 740, 357, 259, 283, 300, 741, 326, 207, 1118, 687, 270, 507, 128, 172]"
832,"[325, 470, 293, 306, 312]","[180, 333, 24, 244, 680, 327, 875, 872, 257, 322, 321, 285, 242, 263, 894, 287, 747, 677, 49, 259]"
833,"[339, 155, 672, 482, 186, 159, 204, 126, 853, 652, 153, 1213, 190, 150, 202, 656, 511, 487, 92, 674, 627, 1230, 557, 184, 646, 182, 324, 1596, 729, 503, 1153, 143, 932, 319, 942, 510, 431, 197, 1011, 1016, 205, 194, 653, 208, 615, 29, 239, 67, 95, 55, 176, 380, 922, 655, 217, 444, 670, 588, 99, 187, 167, 201, 234, 292, 88, 507, 174, 520, 1385, 134, 744, 23, 1142, 429, 181, 133, 191, 1018, 805, 270, 525, 199, 345, 222, 22, 31, 1186, 1148, 297, 46, 1069, 930, 356, 446, 178, 645, 200, 218, 179, 640, 11, 10, 343, 473]","[543, 545, 160, 120, 366, 128, 440, 830, 51, 203, 378, 613, 21, 156, 448, 127, 927, 207, 49, 327, 478, 714, 210, 549, 662, 158, 97, 110, 639, 52, 27, 517, 443, 918, 1015, 695, 426, 596, 433, 384, 664, 1070, 402, 551, 185, 450, 383, 635, 71, 669, 395, 91, 976, 6, 404, 301, 572, 32, 107, 641, 4, 825, 451, 648, 248, 1117, 442, 261, 68, 117, 427, 66, 121, 474, 430, 521, 683, 151, 514, 666, 434, 288, 237, 1028, 232, 323, 105, 290, 233, 193, 78, 459, 54, 226, 435, 505, 860, 171, 1427, 1209, 454, 163, 741, 225, 839, 432, 149, 216, 180, 162, 590, 1334, 428, 63, 678, 654, 859, 400, 575, 263, 183, 580, 663, 37, 272, 173, 577, 12, 75, 196, 644, 447, 979, 466, 229, 377, 516, 818, 1426, 576, 1273, 760, 823, 266, 522, 335, 249, 57, 3, 939, 346, 801, 283, 409, 25, 152, 1352, 1005, 1627, 175, 539, 287, 1180]"
834,"[268, 743, 281, 257, 99, 761, 312, 6, 291, 342, 150, 346, 116, 149, 287, 126, 49, 474, 245, 404, 314, 315, 306, 543, 332, 14, 275, 283, 627, 285, 147, 180, 885, 514, 236, 325, 271, 297, 244]","[292, 274, 254, 24, 293, 345, 322, 750, 286, 299, 12, 1016, 8, 267, 341]"
835,"[324, 142, 192, 707, 392, 659, 156, 653, 130, 49, 609, 1152, 608, 215, 672, 161, 457, 214, 196, 280, 178, 236, 312, 526, 498, 542, 734, 22, 356, 611, 179, 632, 184, 271, 96, 422, 195, 483, 182, 420, 209, 185, 132, 317, 426, 370, 24, 68, 649, 1062, 190, 14, 487, 233, 175, 508, 27, 485, 590, 131, 126, 1044, 605, 377, 684, 284, 199, 484, 134, 186, 238, 631, 615, 193, 309, 286, 1277, 503, 97, 173]","[0, 627, 525, 353, 1672, 293, 287, 285, 504, 987, 204, 256, 159, 927, 464, 404, 513, 224, 133, 203, 522, 587]"
836,"[164, 11, 179, 879, 506, 428, 215, 495, 658, 610, 656, 169, 237, 257, 653, 88, 191, 1064, 317, 55, 602, 268, 291, 530, 209, 162, 522, 323, 301, 186, 356, 184, 173, 662]","[267, 895, 874, 287, 418, 133, 792, 321, 326, 689, 41, 285, 288, 749, 899, 259]"
837,"[844, 219, 273, 18, 282, 288, 12, 19, 274, 285, 293, 257, 150, 327, 110, 124, 1008, 284, 739]","[475, 224, 534, 627, 595, 14, 236, 275, 279, 761, 24, 1046, 762, 249, 283, 221, 15, 277, 8, 1048, 471, 276, 925, 949, 716, 180, 933]"
838,"[172, 595, 731, 180, 317, 71, 496, 168, 310, 479, 1114, 23, 275, 248, 1004, 384, 178, 95, 142, 301, 110, 274, 205, 270, 99, 404, 6, 454, 11, 407, 167, 127, 285, 7, 227, 21, 288, 55, 86, 113, 273, 189, 171, 69, 209, 27, 918, 257, 704, 203, 712, 493, 0, 944, 81, 59, 717, 173, 123, 749, 567, 8, 82, 68, 254, 486, 256, 353, 44, 418, 190, 583, 126, 1038, 152, 49, 282, 221, 237, 312]","[297, 747, 222, 186, 299, 234, 133, 70, 174, 92, 120, 253, 992]"
839,"[824, 474, 128, 949, 284, 285, 325, 110, 1084, 49, 454, 92, 257, 812, 116, 126, 322, 234, 844, 0, 1244, 457, 332]","[236, 122, 259, 256, 243, 280, 275, 1663, 320, 219, 318, 291, 865, 695, 531, 409, 1008, 276, 507, 741, 712, 120, 254, 6, 1047, 117, 263, 99, 105, 863, 129, 180, 845, 1380]"
840,"[478, 151, 844, 422, 516, 646, 134, 464, 165, 1064, 1265, 251, 427, 97, 497, 662, 233, 736, 495, 168, 627, 190, 505, 704, 496, 528, 284, 78, 530, 506, 512, 746, 883, 212, 202, 237, 98, 654, 296, 169, 179, 7, 404, 473, 164, 55, 196, 514, 271, 142, 610, 565, 605, 442, 87, 630, 581, 366, 63, 749, 706, 167, 429, 511, 131, 6, 491, 302, 82, 504, 482, 162, 948, 525, 513, 658, 172, 194, 418, 49, 707, 185, 527, 518, 215, 515, 99, 44, 483, 660, 181, 615, 13, 472, 201, 214, 203, 1450, 655, 189, 22, 606, 492, 1638, 602, 502, 638, 524, 656, 413, 587, 498, 126, 519, 970, 211, 208, 643, 80, 653, 88, 755, 500, 174, 614, 608, 854, 462, 90, 156, 207, 649, 68, 195, 356, 136, 935, 674, 220, 182, 510, 434, 641, 520, 1673, 652, 198, 178, 173, 184, 479, 431]","[731, 477, 65, 116, 461, 944, 47, 96, 494, 637, 209, 152, 193, 508, 143, 256, 631, 488, 1017, 428, 299, 663, 120, 95, 670, 639, 133, 51, 69, 153, 579, 1213, 117, 21, 70, 81, 503, 644, 186, 180, 636, 10, 171, 175, 197]"
841,"[330, 747, 269, 285, 271, 753, 306, 299, 270, 872, 677, 332, 312, 305, 688, 325, 314, 1293, 257, 301, 315, 321, 887]","[891, 287, 352, 322, 357, 343, 324, 750]"
842,"[267, 268, 269, 885, 750, 312, 1394, 751, 305, 323, 748, 339, 873, 301, 302, 901, 271, 332]","[361, 343, 753, 1104, 314, 327, 257, 348, 287]"
843,"[447, 635, 194, 182, 204, 216, 287, 830, 428, 799, 678, 175, 674, 134, 140, 269, 270, 442, 249, 173, 433, 257, 6, 689, 178, 174, 560, 88, 61, 233, 227]","[185, 451, 297, 664, 237, 97, 614, 443, 144, 634, 151, 158, 402, 448, 226, 150, 412, 415, 264, 602, 654, 207, 577, 101, 78, 218, 587, 514, 473, 401, 192, 120, 96, 1410, 22, 624, 673, 541, 510, 671, 449, 141, 251, 431, 958, 95, 98, 20, 446, 190, 580, 581, 550, 562, 94, 27, 76, 589, 208, 203, 224, 132, 55, 565, 435, 274, 1479, 1117, 68, 184, 52, 549, 497, 24, 653, 392, 568, 51, 627, 70, 660, 859, 187, 666, 484, 378, 176, 81, 500, 738, 205, 156, 379, 181, 152, 626, 656, 434, 419, 472, 49, 163, 209, 1064, 615, 157, 143, 439, 171, 180, 503, 1134, 215, 649, 225, 100, 707, 153, 670, 636, 631, 161, 526, 229, 213, 445, 527, 299, 238, 391, 193, 494, 214, 650, 384, 228, 167, 196, 0, 142, 169, 73, 195, 520, 356, 595, 221, 210, 421, 529, 632, 179, 430, 160, 418, 198, 659, 199, 422, 481, 1156, 426, 172, 90, 217, 82, 440, 525, 377, 126, 1038, 464, 131]"
844,"[21, 552, 1473, 49, 317, 68, 215, 150, 430, 257, 777, 209, 55, 250, 180, 1038, 23, 167, 116, 69, 172, 567, 206, 82, 54, 920, 44, 431, 1, 173, 587, 420, 171, 240, 94, 99, 11, 256]","[402, 194, 89, 422, 178, 70, 626, 153, 227, 689, 108, 624, 325, 6, 510, 299, 1098, 143, 259, 88, 96, 183, 596, 120, 254, 98, 863, 293, 160, 929, 548, 81, 221, 918, 404, 945, 470, 175, 683, 174, 417, 124, 12]"
845,"[310, 902, 312, 1433, 268, 1393, 908, 689, 309, 1233, 307, 285, 241]","[876, 749, 1591, 271, 1462, 1021, 899, 267, 1398, 345, 750, 301, 1237, 339, 895, 903, 302, 305]"
846,"[93, 626, 59, 565, 204, 1410, 735, 1285, 602, 673, 671, 518, 600, 647, 192, 422, 482, 442, 32, 216, 432, 1043, 609, 621, 519, 54, 1049, 416, 7, 515, 215, 85, 658, 131, 185, 82, 91, 1167, 701, 179, 769, 227, 238, 1017, 45, 503, 836, 738, 171, 237, 605, 672, 21, 63, 481, 288, 268, 377, 479, 30, 450, 134, 527, 49, 485, 1472, 70, 551, 71, 779, 1247, 1117, 726, 189, 218, 1, 587, 653, 493, 553, 492, 720, 478, 167, 785, 190, 608, 498, 529, 611, 240, 517, 195, 201, 714, 662, 1068, 683, 132, 95, 487, 178, 142, 22, 504, 1034, 426, 68, 183, 41, 497, 569, 267, 90, 65, 1450, 413, 3, 75, 25, 58, 403, 731, 126, 400, 1106, 430, 208, 366, 184, 607, 524, 226, 641, 177, 750, 483, 558, 696, 467, 484, 207, 719, 55, 197, 512, 692, 264, 771, 440, 489, 10, 225, 561, 1123, 1217, 175, 435, 664, 473, 173, 233, 601, 51, 656, 202, 287, 791, 784, 526, 549, 447, 424, 199, 488, 87, 139, 140, 356, 477, 835, 88, 69, 46, 232, 11, 494, 579, 793, 172, 217, 133, 301, 418, 66, 160, 86, 214, 514, 777, 496, 98, 211, 180, 270, 181, 380, 637, 462, 96, 736, 47, 660, 575, 522, 767, 420, 727, 384, 786, 613, 580, 469, 193, 510, 57, 1477, 788, 567, 728, 603, 174, 72, 614, 27, 509, 182, 486, 548, 525, 194, 557, 508, 50, 1040, 186, 191, 196, 737, 79, 198, 434, 395, 78, 941, 649, 209, 317, 97, 100]","[1073, 56, 376, 381, 1517, 89, 257, 35, 135, 402, 584, 650, 795, 1109, 1054, 554, 230, 463, 523, 52, 707, 397, 316, 754, 1132, 1100, 399, 1181, 1238, 577, 231, 228, 1539, 722, 747, 539, 1266, 730, 674, 1147, 506, 392, 718, 745, 101, 678, 966, 468, 1310, 1178, 386, 229, 715, 425, 414, 564, 109, 448, 1028, 1187, 293, 491, 1044, 574, 1003, 1065, 451, 1208, 691, 541, 848, 948, 809, 28, 387, 187, 639, 1529, 43, 513, 629, 661, 372, 429, 704, 138, 390, 954, 60, 698, 1438, 1205, 40, 560, 505, 1296, 1077, 53, 654, 699, 943, 64, 94, 805, 176, 364, 375, 568, 379, 210, 212, 801, 431, 520, 62, 81, 1248, 1219, 67, 1220, 622, 269, 585, 495, 615, 203, 130, 38, 1209, 1478, 659, 940, 391, 141, 385, 427, 559, 746, 632, 490, 1108, 734, 1177, 428, 39]"
847,"[289, 287, 371, 1159, 182, 257, 167, 447, 473, 201, 143, 731, 1085, 70, 734, 475, 210, 152, 94, 197, 108, 81, 172, 1136, 238, 300, 95, 1006, 150, 498, 78, 219, 173, 288, 1166, 1399, 97, 261, 180, 739, 495, 190, 7, 218, 567, 134, 227, 651, 76, 203, 194, 171, 49, 221]","[184, 825, 404, 237, 1171, 762, 433, 1049, 107, 657, 224, 472, 925, 117, 179, 409, 175, 38, 233, 478, 366, 644, 484, 566, 403, 947, 443, 6, 217, 103, 755, 256, 10, 120, 410, 215, 455, 160, 98, 260, 427, 242, 1203, 92, 1011, 199, 526, 425, 24, 446, 55, 368, 124, 741, 46, 316, 0, 416, 662, 209, 234, 140, 116, 195, 479, 577, 12, 69, 481, 88, 418, 1030, 819, 602, 927, 506, 65, 454, 715, 704, 163, 156, 601, 500, 141, 132, 239, 87, 608, 684, 119, 595]"
848,"[163, 293, 1125, 31, 528, 151, 614, 479, 206, 203, 317, 195, 418, 422, 208, 150, 233, 1117, 754, 171, 124, 94, 164, 1100, 427, 489, 529, 153, 88, 1020, 134, 746, 602, 641, 178, 637, 731, 24, 132, 473, 81, 844, 356, 970, 213, 516, 649, 609, 264, 477, 180, 508, 201, 497, 662, 488, 392, 605, 214, 165, 804, 107, 169, 442, 581, 87, 513, 430, 461, 484, 108, 404, 738, 519, 237, 972, 185, 653, 402, 426, 173, 162, 120, 420, 140, 511, 49, 196, 152, 483, 133, 175, 646, 565, 944, 1062, 510, 96, 198, 482, 518, 478, 654, 450, 522, 429, 131, 854, 172, 70, 190, 240, 209, 71, 215, 707]","[480, 68, 583, 184, 898, 161, 194, 98, 639, 587, 117, 632, 475, 678, 64, 500, 199, 494, 495, 526, 432, 434, 660, 179, 182, 503, 688, 22, 126, 527, 431, 1064, 41, 811]"
849,"[927, 142, 171, 14, 287, 297, 587, 26, 426, 173, 632, 567, 120, 132, 233, 675, 196, 420, 117, 206, 405, 37, 624]",[]
850,"[203, 207, 489, 201, 565, 7, 172, 299, 209, 171, 968, 227, 14, 173, 120, 583, 741, 479, 180, 81, 293, 70, 96, 167, 27, 647, 518, 567, 21, 704, 49, 68, 658, 418, 434, 317, 152, 131, 495, 94, 78, 384, 95, 484, 87]","[55, 662, 493, 195, 97, 161]"
851,"[26, 1244, 692, 10, 271, 543, 759, 526, 171, 404, 239, 362, 741, 237, 191, 825, 49, 1015, 30, 108, 289, 587, 306, 272, 312, 131, 257, 122, 290, 684, 120, 270, 143, 181, 156, 146, 618, 124, 227, 345, 78, 914, 70, 128, 298, 354, 878, 249, 346, 335, 63, 1104, 472, 159, 339, 1279, 47, 55, 911, 230, 91, 301, 21, 750, 203, 126, 1142, 297, 261, 689, 326, 332, 482, 590, 874, 7, 830, 222, 179, 8, 302, 192, 247, 823, 409, 22, 434, 175, 309, 596, 479, 173, 285, 127, 294, 824, 233, 805, 317, 16, 923, 3, 338, 94, 11, 474, 552]","[1008, 986, 254, 337, 563, 67, 110, 679, 1131, 1313, 152, 303, 771, 9, 931, 973, 681, 342, 300, 1027, 891, 915, 351, 330, 1276, 1046, 695, 865, 1088, 352, 827, 980, 594, 1024, 880, 263, 976, 454, 405, 341, 747, 329, 840, 1093, 366, 1033, 121, 982, 411, 410, 530, 974, 839, 879, 1675, 1275, 832, 265, 1375, 753, 983, 822, 327, 158, 924, 680, 1286, 325, 471, 111, 1094, 455, 819, 894, 1058, 844, 675, 1013, 331, 688, 1050, 817, 348, 1022, 1290, 1674, 1257, 251, 283, 1597, 1253, 716, 1539, 160, 814, 260, 686, 1119, 929, 1012, 1336, 978]"
852,"[407, 117, 256, 150, 545, 126, 819, 840, 514, 180, 49, 680, 1051, 968, 258, 234, 0, 116, 120, 567, 99, 505, 249, 289]","[684, 472, 322, 596, 288, 929, 677, 6, 404, 259, 839, 273, 824, 24, 121, 826, 251, 357, 471, 825, 263, 108, 1614, 406, 925]"
853,"[1024, 301, 878, 291, 299, 677, 287, 298, 1279, 269, 303, 879, 681, 332]","[330, 244, 747, 325, 872, 300, 322, 886, 270, 327, 257, 258, 329, 687, 331, 326, 263, 293, 876, 357, 285, 333, 689, 339, 321, 260, 306]"
854,"[978, 474, 498, 86, 272, 78, 317, 31, 404, 381, 504, 222, 602, 249, 486, 126, 219, 190, 269, 6, 199, 603, 487, 284, 54, 482, 133, 615, 134, 92, 292, 921, 918, 287, 663, 169, 23, 237, 68, 7, 510, 48, 49, 11, 22, 99, 187, 8, 422, 923, 63, 491, 202, 123, 150, 1225, 712, 631, 55, 605, 172, 513, 152, 506, 97, 296, 257, 268, 270, 478, 13, 468, 179, 41, 492, 82, 356, 174, 167, 196, 10, 88, 221, 274, 131, 854, 508, 184, 708, 704, 170, 507, 527]","[185, 125, 408, 121, 1013, 280, 924, 254, 290, 286, 116, 215, 236, 14, 1076, 288, 1196, 267, 85, 1085, 927, 21, 146, 534, 332, 590, 618, 124, 536, 2, 175, 1676, 128, 3, 357, 822, 302, 828, 1060, 243, 256, 224, 845, 814, 462, 839, 293, 743, 596, 273, 734, 460, 143, 457, 95, 282, 323, 263, 245, 132, 194, 117, 1133, 483, 454, 234, 105, 301, 756, 149, 193, 1015, 327, 0, 619, 651, 1334, 521, 761, 24, 259, 511, 824, 57, 497, 465, 798, 543, 1280, 1046, 18, 12, 695, 825, 1010, 420, 470, 1027, 755, 248, 410, 120, 1283, 741, 471, 285, 122, 430, 481, 810, 627, 155, 342, 475, 321, 1282, 944, 19, 281, 1012, 173, 320, 110, 289]"
855,"[197, 164, 528, 854, 511, 474, 509, 461, 165, 637]","[282, 59, 1020, 530, 44, 85, 178, 169, 918, 508, 170, 58, 581]"
856,"[257, 749, 314, 312, 321, 689, 293, 285, 306, 299, 315, 326, 271]","[878, 677, 309, 748, 322, 687, 325, 288, 346, 311, 269, 327, 747]"
857,"[320, 897, 13, 18, 474, 258, 115, 282, 274, 257]","[293, 299, 324, 347, 686, 546, 987, 23, 891, 327, 19, 303]"
858,"[285, 268, 333, 332, 753, 8, 688, 1367, 126, 514]","[330, 291, 180, 288, 306, 689, 99, 677, 292, 322, 326]"
859,"[110, 24, 248, 275, 420, 1013, 761, 845, 1060, 954, 292, 1314, 534, 286, 14, 475, 1008, 380, 762, 287, 409, 1007, 1325, 474, 312, 2]","[1094, 293, 367, 927, 1131, 1280, 256, 1047, 281, 274, 457, 117, 150]"
860,"[3, 282, 714, 513, 152, 304, 299, 346, 284, 285, 310, 201, 312, 689, 55, 203, 301, 507, 864, 691, 215, 99, 516, 311, 309, 69, 261, 731]","[288, 302, 210, 293, 158, 1060, 300, 244, 1601, 715, 889, 845, 899, 315, 332, 948, 380, 1040, 271, 273, 48, 219, 1046, 515, 314, 256, 628, 25, 268, 1058, 306, 286, 711, 320, 331, 893, 392, 343, 662, 326, 780, 677, 338]"
861,"[169, 1226, 713, 948, 288, 51, 85, 274, 735, 546, 381, 82, 583, 300, 530, 13, 1008, 528, 318, 285, 739, 241, 291, 461, 44, 69, 115, 508, 380, 19, 212, 936, 304]","[293, 1147, 178, 581, 25, 320, 9, 462, 736, 474]"
862,"[49, 209, 504, 126, 287, 214, 192, 167, 1010, 473, 186, 197, 525, 215, 180, 146, 1092, 63, 477, 21, 432, 428, 120, 275, 10, 478, 174, 110, 198, 412, 23, 602, 918, 736, 819, 656, 182, 202, 483, 1116, 116, 981, 178, 1109, 140, 479, 430, 741, 59, 78, 227, 172, 461, 99, 976, 927, 270, 171, 181, 142, 433, 69, 475, 435, 199, 422, 518, 520, 95, 646, 237, 824, 519, 9, 649, 58, 495, 173, 96, 514, 281, 654, 471, 80, 766, 543, 210, 844, 822, 221, 256, 179, 259, 194, 6, 98, 929, 187, 249, 60, 134, 88, 466, 97, 497, 1008, 558, 677, 482, 195, 545, 978, 632, 968, 131, 184, 1049, 44, 494, 788, 434, 81, 657, 68, 257, 196, 150, 405, 175, 650, 431, 90, 264, 201, 91, 1108, 747, 865, 11, 176, 484, 204]","[406, 356, 973, 404, 213, 229, 490, 183, 977, 200, 104, 1198, 55, 596, 830, 415, 185, 567, 639, 565, 251, 207, 119]"
863,"[300, 1293, 881, 1061, 901, 332, 314, 325, 241, 360, 257, 293, 304, 331, 1236, 689, 312, 287, 750, 345, 267, 305, 1242, 751, 323, 320, 327, 326, 1430, 333, 299, 905, 330, 343, 1394, 306, 309, 301, 271, 285, 894, 342, 749, 315, 270, 288, 354, 1126]","[753, 263, 269, 351, 1023, 302, 1037, 1606, 348, 897, 1021, 872, 1678, 681, 871, 878, 748, 690, 899, 1233, 747, 1433, 338, 876, 339, 1677, 298, 902, 341, 261, 909, 1312, 329, 321, 900, 318, 1679, 349, 358, 682, 907, 875, 258, 884, 328, 908, 291, 303, 989, 361, 537, 885, 335, 347, 346, 886, 268, 353, 1295]"
864,"[407, 52, 49, 272, 167, 207, 565, 692, 226, 53, 69, 525, 10, 133, 218, 21, 965, 12, 162, 221, 172, 602, 122, 214, 244, 123, 348, 97, 293, 175, 6, 216, 355, 131, 63, 510, 482, 275, 55, 215, 86, 233, 160, 968, 1, 136, 183, 237, 43, 0, 217, 46, 209, 30, 495, 143, 93, 90, 11, 101, 418, 177, 228, 99, 627, 465, 470, 1015, 180, 190, 66, 788, 47, 561, 522, 85, 390, 595, 113, 1100, 61, 201, 28, 316, 285, 567, 135, 71, 404, 400, 560, 422, 662, 236, 734, 8, 24, 274, 471, 54, 195, 238, 4, 398, 95, 196, 754, 659, 714, 731, 117, 173, 654, 108, 94, 938, 545, 992, 442, 541, 683, 804, 469, 650, 27, 202, 132, 81, 51, 72, 127, 115, 68, 282, 185, 735, 144, 332, 366, 156, 402, 158, 222, 590, 317, 168, 473, 403, 126, 558, 193, 677, 163, 624, 231, 257, 234, 57, 508, 23, 76, 287, 199, 596, 472, 194, 96, 14, 256, 728, 142, 116, 171, 450, 227, 342, 166, 356, 1108, 530, 78, 200, 120, 203, 182, 188, 87, 7, 741, 124, 152, 189, 327, 3, 264, 549, 150, 684]","[70, 641, 707, 1445, 1530, 774, 715, 891, 721, 385, 1134, 950, 1118, 719, 421, 1209, 622, 793, 475, 139, 381, 1227, 98, 746, 779, 1216, 1046, 249, 181, 587, 709, 500, 62, 769, 540, 92, 657, 37, 230, 42, 431, 208, 1302, 577, 1411, 105, 576, 971, 289, 691, 628, 568, 64, 799, 432, 213, 608, 187, 1111, 281, 548, 84, 1043, 716, 65, 1247, 225, 48, 80, 562, 664, 392, 224, 379, 393, 1283, 110, 464, 780, 1032, 401, 929, 767, 372, 796, 671, 1139, 107, 1424, 229, 1207, 618, 733, 672, 800, 417]"
865,"[6, 168, 267, 23, 918, 188, 301, 293, 846, 454, 99, 546, 474, 1239, 743, 257, 407, 1008]","[1027, 927, 824, 928, 596, 244, 121, 675, 90, 844, 100, 110, 431, 471, 1010, 239, 327, 120, 116, 20, 626, 545, 147, 270, 221, 70, 117, 500, 1046, 411, 587, 98, 472, 684, 107, 94, 404, 762, 945, 410, 417, 455, 0, 830, 470, 624, 925, 742]"
866,"[318, 305, 899, 346, 314, 302]","[320, 299, 241, 304, 301, 886, 888, 268, 343, 881, 895, 312, 271, 339]"
867,"[659, 479, 22, 134, 78, 955, 317, 95, 173, 523, 497, 294, 194, 209, 67, 649, 227, 97, 249, 288, 510, 49, 474, 180, 167, 174, 269, 149, 206, 185, 650, 21, 656, 430, 63, 654, 8, 1158, 473, 55, 495, 203, 11, 285, 202, 30, 482, 1038, 651, 1153, 1064, 602, 27, 527, 6, 221, 0, 181, 190, 256, 854, 187, 528, 133, 155, 327, 179, 197, 196, 88, 689, 171, 747]","[195, 210, 257, 251, 1607, 10, 116, 215, 275, 182, 175, 587, 322, 131, 50, 272, 68, 299, 677, 143, 422, 293]"
868,"[205, 0, 88, 159, 182, 172, 100, 650, 175, 473, 614, 178, 150, 208, 426, 209, 918, 80, 97, 149, 177, 454, 239, 135, 411, 49, 474, 227, 197, 1097, 179, 407, 188, 921, 22, 58, 131, 186, 127, 180, 479, 381, 853, 639, 425, 60, 505, 645, 63, 708, 168, 126, 630, 432, 754, 113, 316, 549, 326, 1239, 54, 519, 99, 6, 233, 588, 11, 654, 198, 134, 173, 267, 237, 761, 171]","[203, 1030, 397, 737, 561, 1479, 567, 580, 90, 447, 1034, 264, 72, 357, 108, 451, 231, 402, 1027, 201, 121, 166, 422, 120, 187, 95, 224, 500, 523, 272, 416, 116, 661, 194, 418, 218, 448, 435, 155, 620, 228, 469, 566, 200, 158, 824, 55, 213, 232, 226, 183, 446, 657, 401, 207, 46, 684, 997, 89, 409, 93, 738, 216, 745, 163, 152, 782, 1508, 578, 635, 238, 138, 144, 199, 217, 495, 366, 161, 215, 236, 1284, 450, 842, 945, 555, 141, 433, 431, 23, 192, 725, 497, 777, 508, 67, 1205, 68, 160, 66, 190, 157, 731, 502, 153, 565, 746, 1036, 81, 1187, 206, 546, 428, 377, 678, 94, 132, 221, 709, 587, 1075, 79, 64, 154, 1, 167, 577, 185, 229, 1182, 726, 210, 384, 404]"
869,"[411, 309, 239, 49, 268, 410, 514, 252, 115, 275, 274, 236, 99, 126, 1013, 150, 248]","[845, 311, 117, 180, 283, 1133, 755, 241, 14, 293, 12, 125, 595, 1381, 124, 1060, 814, 475, 1131, 286, 297, 1162, 24, 314, 695, 1078, 287, 121, 1046, 281]"
870,"[480, 641, 465, 170, 133, 47, 567, 602, 385, 215, 769, 486, 237, 16, 91, 788, 1133, 503, 271, 180, 130, 498, 519, 208, 461, 527, 178, 446, 89, 68, 648, 9, 217, 22, 209, 184, 482, 153, 696, 470, 640, 191, 301, 194, 27, 78, 185, 526, 672, 645, 504, 275, 21, 657, 95, 5, 958, 44, 65, 812, 326, 55, 173, 468, 353, 264, 771, 502, 513, 581, 762, 82, 167, 287, 181, 478, 424, 94, 0, 257, 177, 473, 488, 187, 12, 512, 57, 69, 792, 285, 63, 496, 97, 176, 171, 607, 126, 557, 495, 316, 86, 131, 588, 30, 460, 656, 427, 944, 652, 99, 123, 197, 692, 8, 476, 712, 196, 426, 312, 605, 222, 6, 1072, 202, 207, 1097, 356, 203, 252, 479, 168, 192, 1663, 658, 169, 11, 366, 653, 646, 474, 317, 522, 247, 723, 654, 10]","[516, 951, 565, 520, 53, 510, 662, 41, 254, 548, 1005, 703, 51, 50, 558, 1040, 380, 469, 553, 780, 590, 395, 67, 394, 493, 37, 1111, 1041, 442, 549, 218, 243, 791, 1, 987, 384, 948, 383, 238, 1266, 714, 331, 855, 430, 193, 809, 76, 1207, 872, 1117, 327, 400, 314, 1089, 339, 64, 332, 179, 210, 1020, 134, 840, 377, 1229, 639, 683, 49, 272, 1018, 1007, 52, 1450, 1073, 420, 721, 201, 432, 650, 457, 568, 54, 245, 698, 630, 190, 573, 381, 195, 709, 689, 87, 578, 691, 267, 1220, 489, 88, 234, 582, 734, 731, 46, 569, 801, 1045, 20, 1209, 735, 1043, 938, 288, 110, 283, 1019, 745, 147, 1013, 1411, 643, 942, 507, 3, 434]"
871,"[514, 173, 176, 780, 301, 49, 750, 21, 55, 172, 312, 257, 120, 95, 201, 269, 126, 574, 1387, 194, 1430, 171, 299, 209, 186, 525, 325, 78, 341, 181, 146, 225, 300, 270, 160, 346, 275]","[244, 345, 26, 1196, 1118, 894, 1384, 746, 1344, 258, 240, 336, 274, 946, 882, 236, 689, 334, 546, 212, 196, 510, 895, 749, 434, 344, 907, 16, 875, 306, 1023, 1136, 1021, 812, 793, 182, 548, 91, 271, 314, 189, 936, 359, 661, 351, 309, 1385, 1071, 261, 323, 215, 241, 358, 3, 285, 288, 650, 954, 332, 180, 1429, 81, 330, 1433, 904, 10, 906, 908, 751, 988, 565, 96, 268, 1175, 401, 304, 509, 903]"
872,"[257, 814, 596, 931, 110, 236, 287, 362, 309, 117, 924, 1060, 327, 741, 1046, 894, 755, 312, 904, 271, 116, 299, 404, 973, 475, 120, 281, 545, 716, 974, 627, 353, 684, 925, 892]","[331, 322, 105, 0, 747, 863, 279, 762, 976, 349, 1027, 273, 927, 277, 825, 819, 267, 891, 590, 150, 844, 1164, 1039, 333, 1375, 929, 293, 289, 283, 681, 272, 870, 346, 408, 1010, 1283]"
873,"[291, 299, 293, 312, 327, 341, 325]","[257, 749, 285, 288, 320, 878, 268, 338, 357, 874, 258, 347, 306]"
874,"[305, 288, 275, 149, 190, 123, 196, 13, 115, 304, 356, 310, 181, 99, 126, 520, 513, 136, 284, 653, 301, 274, 285]","[320, 339, 747, 324, 345, 750, 675, 124, 312, 19, 110]"
875,"[771, 168, 333, 922, 513, 170, 132, 267, 581, 473, 175, 500, 172, 650, 95, 503, 180, 477, 526, 11, 511, 1072, 480, 171, 182, 460, 332, 495, 49, 653, 257, 63, 184, 510, 97, 173, 288, 194, 134, 602, 55, 962, 417, 186, 212, 517, 130, 420, 41, 326, 920, 651, 936, 478, 461, 287, 27, 268, 706, 31, 179, 210, 422, 356, 805, 301, 427, 522, 22, 133, 479, 178, 1102, 963]","[3, 70, 691, 1421, 320, 752, 299, 54, 331, 357, 7, 293, 285, 44, 21]"
876,"[293, 47, 177, 237, 18, 186, 275, 528, 434, 173, 603, 526, 510, 21, 317, 285, 522, 530]","[288, 287, 877]"
877,"[30, 236, 269, 270, 514, 273, 59, 58, 954, 215, 274, 731, 78, 747, 565, 537, 169, 268, 54, 701, 175, 69, 202, 257, 196, 380, 332, 920, 726, 548, 552, 87, 163, 556, 227, 325, 55, 158, 737, 172, 240, 201, 691, 97, 51, 462, 530, 689, 13, 60, 370, 738, 474, 450, 583, 184, 743, 970, 661, 85, 1401]","[381, 948, 285, 639, 299, 401, 82, 225, 581, 110, 339, 736, 327, 206, 287, 306, 154, 301, 221, 305]"
878,"[581, 426, 691, 510, 658, 171, 793, 285, 401, 70, 529, 274, 735, 415, 14, 495, 49, 59, 316, 196, 480, 516, 98, 164, 434, 473, 508, 497, 190, 18, 461, 481, 8, 193, 731, 268, 178, 167, 513, 528, 317, 87, 13, 920, 284, 126, 56, 1148, 215, 97, 151, 135, 514, 583, 63, 662, 548, 511, 201, 110, 169, 152, 165, 50]","[282, 641, 948, 654, 125, 21, 211, 81, 136, 180, 530, 7, 1064, 273, 99, 65, 706, 19, 69, 115, 139, 174, 224, 203, 150, 370, 212, 587, 649, 235, 417, 795, 854, 275, 214, 173, 738, 320, 392, 661, 236, 639, 534, 780, 153, 96, 1040, 58, 496, 701, 484, 922, 739, 1099, 44, 754, 552, 431, 233, 1038, 1120, 450, 264, 955, 1091, 689, 698, 257, 462, 154]"
879,"[236, 281, 0, 762, 14, 126, 221, 865, 254, 180, 684, 49, 303, 116, 291, 124, 24, 120, 275, 110]","[299, 150, 1283, 596, 293, 1046, 750, 117, 595]"
880,"[823, 306, 298, 231, 300, 650, 294, 832, 203, 49, 180, 507, 1015, 347, 1283, 1266, 3, 181, 346, 830, 7, 236, 727, 362, 232, 64, 68, 366, 78, 43, 745, 221, 139, 1058, 11, 91, 345, 21, 194, 268, 275, 122, 271, 470, 70, 602, 184, 548, 404, 624, 86, 123, 814, 688, 434, 99, 110, 155, 10, 287, 143, 187, 417, 1209, 792, 41, 175, 315, 1663, 947, 292, 769, 179, 116, 741, 67, 257, 216, 46, 27, 283, 684, 239, 248, 618, 245, 567, 63, 875, 259, 237, 207, 1138, 1445, 654, 69, 824, 173, 199, 136, 55, 422, 356, 209, 96, 409, 1495, 1276, 149, 280, 692, 901, 384, 549, 30, 92, 355, 460, 52, 297, 761, 301, 1040, 176, 1133, 108, 1013, 146, 730, 95, 760, 587, 247, 233, 80, 469, 380, 126, 150, 1011, 225, 466, 731, 256, 656, 38, 328, 327, 1043, 991, 183, 186, 201, 622, 314, 97, 171, 217, 190, 880, 185, 178, 1034, 1156, 590, 200, 1467, 683, 238, 0, 193, 286, 22, 410, 474, 793, 1221, 526, 317, 378, 24, 747, 272, 267, 293]","[385, 397, 790, 819, 768, 79, 840, 53, 782, 720, 754, 227, 1290, 395, 71, 565, 930, 596, 878, 450, 1000, 801, 117, 1517, 577, 242, 251, 279, 1001, 927, 234, 545, 691, 999, 1275, 1029, 578, 401, 863, 39, 1052, 721, 1422, 825, 89, 172, 809, 367, 1295, 594, 696, 1196, 326, 1022, 244, 800, 1150, 253, 733, 87, 364, 767, 718, 1477, 677, 420, 20, 1012, 1051, 1269, 848, 583, 28, 391, 54, 1, 411, 719, 98, 127, 1414, 1094, 985, 374, 789, 1164, 393, 81, 455, 379, 6, 570, 48, 576, 778, 476, 104, 955, 1257, 844, 282, 37, 147, 780, 779, 1214, 40, 1180, 281, 120, 365, 574, 467, 249, 1057, 1035, 84, 230, 975, 822, 16, 762, 299, 817, 1224, 392, 160, 368, 770, 26, 472, 1619, 382, 408, 1092, 229, 208, 540, 1118, 1223, 555, 383, 1216, 1243, 400, 23, 929, 1016, 309, 1184, 1187, 62, 635, 1048, 1046, 341, 569, 61, 121, 402, 157, 32, 226, 1183, 66, 94, 627, 553, 375, 90, 406, 939, 925, 794, 119, 584, 93, 167, 626, 2, 109, 4, 475]"
881,"[53, 132, 422, 662, 179, 48, 203, 600, 221, 1123, 12, 88, 182, 513, 134, 178, 629, 117, 641, 281, 97, 654, 384, 477, 126, 942, 738, 116, 471, 482, 128, 442, 476, 754, 10, 173, 133, 217, 332, 99, 229, 523, 483, 624, 264, 70, 201, 105, 275, 505, 522, 120, 527, 545, 525, 124, 404, 529, 194, 50, 213, 356, 62, 391, 191, 653, 479, 7, 215, 187, 413, 186, 192, 63, 184, 21, 94, 520, 755, 22, 198, 0, 489, 560, 142, 61, 418, 6, 321, 175, 27, 392, 135, 519, 514, 228, 579, 408, 494, 204, 171, 226, 567, 176, 379, 614, 510, 398, 741, 256, 78, 650, 446, 497, 1216, 429, 190, 81, 180, 30, 565, 731]","[549, 670, 1117, 52, 558, 789, 440, 1045, 293, 160, 140, 280, 111, 150, 87, 96, 923, 80, 290, 49, 433, 76, 37, 195, 102, 400, 1539, 93, 933, 677, 177, 14, 448, 227, 303, 355, 475, 285, 431, 402, 825, 167, 174, 374, 3, 434, 394, 26, 399, 322, 553, 20, 811, 89, 464, 98, 450, 107, 830, 232, 55, 455, 684, 526, 410, 225, 57, 1088, 1027, 411, 139, 208, 207, 8, 848, 1132, 863, 1214, 1176, 239, 1032, 574, 1065, 1479, 1410, 181, 273, 237, 572, 503, 762, 288, 214, 254, 587, 619, 104, 199, 727, 42, 95, 575, 767, 416, 131, 419, 24, 541, 185, 581, 1227, 193, 747, 595, 711, 13, 258, 224, 68, 233, 819, 704, 1056, 1163, 196, 138, 473, 216, 794, 1077, 69, 472, 119, 71, 242, 28, 678]"
882,"[192, 615, 408, 514, 203, 172, 70, 185, 214, 14, 470, 7, 116, 85, 293, 691, 525, 236, 221, 987, 224, 242, 931, 495, 426, 194, 596, 81, 227, 415, 167, 179, 418, 49, 1443, 171, 117, 565, 88, 204, 379, 747, 422, 10, 274, 131, 738, 210, 78, 404, 55, 0, 173, 94, 97, 226, 509, 184, 202, 215, 207, 428, 356, 176, 182, 146, 190, 142, 134, 180, 95, 392, 130, 201, 195, 289, 65, 567, 1115, 98, 198, 150, 120, 6, 581, 419, 209, 27, 968, 68, 377, 264, 745, 469, 229, 290, 132, 500, 431, 3, 175, 587]","[139, 104, 558, 1014, 814, 475, 472, 32, 659, 234, 928, 121, 1059, 683, 661, 20, 755, 840, 1411, 545, 193, 100, 411, 464, 1051, 410, 819, 257, 406, 287, 69, 454, 368, 24, 283]"
883,"[791, 6, 143, 67, 128, 310, 49, 134, 866, 71, 515, 223, 664, 52, 881, 708, 29, 1044, 19, 15, 528, 751, 255, 1018, 63, 714, 211, 276, 548, 167, 171, 8, 269, 588, 78, 454, 655, 461, 196, 173, 918, 59, 321, 136, 1221, 341, 44, 398, 133, 505, 54, 1114, 64, 88, 769, 901, 228, 463, 3, 345, 552, 460, 282, 115, 1020, 486, 174, 402, 646, 175, 354, 7, 692, 747, 322, 126, 739, 602, 275, 386, 518, 1008, 660, 723, 1591, 99, 1447, 955, 1461, 201, 184, 23, 256, 315, 317, 288, 647, 1064, 210, 182, 152, 522, 87, 60, 38, 476, 55, 346, 112, 207, 95, 503, 1655, 434, 153, 510, 895, 301, 1130, 899, 944, 209, 1117, 511, 272, 1170, 804, 123, 172, 954, 1004, 777, 203, 11, 284, 429, 337, 274, 12, 9, 988, 516, 58, 250, 921, 793, 1287, 478, 197, 150, 366, 189, 693, 80, 353, 198, 47, 194, 513, 514, 215, 240, 1011, 489, 855, 512, 744, 407, 227, 237, 1073, 846, 420, 233]","[726, 82, 748, 406, 238, 560, 68, 193, 1120, 0, 27, 1590, 1040, 146, 249, 706, 565, 311, 404, 691, 567, 212, 48, 330, 558, 383, 225, 226, 371, 85, 208, 702, 872, 18, 285, 10, 795, 318, 970, 314, 1226, 385, 633, 731, 462, 312, 268, 711, 278, 658, 780, 65, 169, 1403, 1225, 381, 51, 413, 784, 303, 549, 583, 862, 384, 495, 236, 264, 395, 529, 46, 57, 305, 738, 13, 21, 89, 221, 712, 885, 749, 25, 69, 206, 579, 348, 81, 683, 344, 270, 97, 735, 581, 530, 951]"
884,"[115, 69, 274, 8, 268, 178, 581, 380, 257, 474, 99, 508, 381, 267, 528, 126, 461, 637, 920, 13, 514, 197, 212, 211, 509, 284, 1072, 462]","[321, 1213, 165, 164, 735, 299, 639, 1008, 322, 85, 948, 922, 145, 1017, 712]"
885,"[209, 404, 427, 0, 431, 595, 185, 69, 94, 417, 194, 172, 948, 418, 96, 27, 188, 236, 87, 150, 317, 587, 70, 659, 78, 168, 273, 567, 68, 142, 116, 814, 422, 81, 24, 173, 98, 110, 419, 203, 299, 537, 475, 738, 160]","[1310, 865, 238, 64, 90, 55, 500, 232, 355, 207, 401, 945, 195, 382, 450, 277, 385, 153, 820, 581, 661, 654, 684, 583, 522, 224, 416, 755, 624, 1060, 244, 141, 166, 71, 212, 134, 1220, 6, 208, 99, 734, 952, 93, 49, 187, 392, 364, 171, 178, 28, 289, 180, 337, 1029, 548, 152, 215]"
886,"[174, 818, 780, 146, 107, 172, 356, 6, 16, 160, 317, 1072, 482, 97, 128, 171, 812, 66, 823, 181, 170, 75, 0, 70, 21, 149, 185, 186, 221, 505, 473, 287, 240, 650, 656, 662, 517, 474, 789, 938, 156, 1047, 236, 424, 1118, 1064, 1018, 495, 25, 80, 78, 194, 177, 93, 402, 47, 267, 126, 543, 127, 1066, 720, 175, 732, 1009, 8, 32, 99, 167, 11, 190, 155, 143, 760, 227, 187, 86, 215, 709, 100, 27, 183, 55, 918, 692, 179, 57, 264, 658, 63, 549, 94, 1013, 41, 761, 832, 22, 577, 583, 48, 88, 173, 630, 466, 46, 180, 580, 685, 23, 366, 54, 1466, 208, 163, 409, 182, 176, 654, 1216, 49, 10, 1]","[3, 67, 234, 232, 159, 1302, 231, 272, 418, 117, 207, 2, 1323, 471, 696, 635, 61, 237, 26, 788, 217, 370, 392, 800, 387, 745, 4, 95, 731, 1073, 940, 239, 79, 42, 229, 228, 450, 548, 230, 1207, 53, 383, 802, 1434, 1230, 1045, 581, 238, 199, 557, 1094, 226, 65, 588, 622, 1169, 178, 714, 825, 379, 1208, 19, 590, 684, 1266, 201, 782, 9, 725, 465, 448, 200, 233, 798, 211, 422, 28, 708, 158, 68, 327, 939, 1488, 384, 152, 434, 432, 567, 1420, 398, 771, 62, 404, 116, 14, 91, 958, 131, 565, 213, 691, 511, 558, 395, 281, 627, 942, 193, 380, 1227, 64, 1092, 545, 203, 52, 195, 363, 216]"
887,"[838, 1014, 992, 368, 0, 110, 278, 1135, 472, 209, 1539, 180, 1034, 767, 632, 83, 691, 98, 709, 205, 81, 90, 71, 870, 409, 7, 933, 86, 37, 417, 364, 23, 186, 759, 251, 925, 1032, 1050, 762, 317, 1115, 471, 68, 175, 420, 945, 1412, 968, 95, 46, 253, 293, 27, 410, 139, 442, 561, 287, 283, 596, 411, 239, 1028, 21, 171, 201, 224, 754, 124, 163, 120, 587, 256, 595, 108, 558, 6, 117, 150, 127, 1119, 1382, 194, 167, 64, 1495, 844, 495, 179, 431, 464, 927, 55, 384, 500, 142, 114, 49, 377, 1012, 304, 454, 408, 367, 1083, 404, 288, 1046, 203, 1282, 1027, 672, 94, 755, 719, 1059, 577, 227, 70, 608, 89, 121, 131, 426, 392, 403, 217, 419]","[930, 1011, 199, 825, 1277, 234, 422, 831, 1472, 257, 182, 415, 1078, 696, 717, 698, 476, 827, 430, 469, 221, 1238, 931, 654, 8, 475, 242, 99, 490, 126, 418, 141, 12, 470, 24, 567, 104, 1278, 547, 928, 97, 273, 1062]"
888,"[868, 268, 791, 68, 285, 761, 136, 534, 179, 513, 99, 643, 152, 273, 630, 190, 110, 201, 236]",[279]
889,"[658, 133, 159, 64, 167, 245, 1588, 195, 654, 380, 80, 1133, 55, 210, 216, 478, 497, 272, 128, 461, 301, 185, 174, 519, 514, 746, 172, 23, 186, 222, 88, 1005, 474, 63, 454, 93, 152, 496, 126, 193, 171, 1217, 136, 429, 316, 169, 179, 10, 16, 511, 54, 247, 177, 651, 184, 153, 434, 149, 545, 94, 469, 120, 11, 203, 510, 116, 1112, 1072, 817, 170, 49, 190, 143, 261, 855, 635, 865, 522, 131, 236, 267, 281, 356, 717, 32, 1141, 176, 472, 90, 168, 427, 430, 173, 846, 553, 483, 12, 86, 256, 479, 606, 1152, 181, 249, 155, 468, 1064, 187, 127, 745, 97, 432, 82, 123, 238, 918, 257, 650, 2, 275, 58, 762, 41, 163, 1193, 473, 481, 518, 523, 264, 99, 268, 25, 27, 1021, 8, 426, 215, 657, 124, 233, 317, 85, 81, 95, 704, 946, 207, 209, 192, 482, 31, 602, 979, 656, 740, 198, 194, 160, 422, 297, 512, 180]","[71, 653, 57, 761, 818, 487, 885, 72, 1102, 727, 1266, 401, 1073, 575, 381, 493, 567, 6, 781, 1418, 385, 677, 1078, 398, 770, 1071, 182, 460, 154, 1069, 754, 695, 239, 951, 38, 211, 1169, 402, 69, 1010, 66, 819, 728, 201, 450, 878, 596, 675, 978, 28, 189, 96, 1194, 225, 70, 733, 326, 270, 1187, 720, 78, 1013, 3, 206, 21, 299, 251, 648, 150, 234, 231, 1230, 565, 92, 1066, 748, 663, 1261, 248, 649, 1015, 1096, 641, 630, 470, 84, 543, 407, 686, 30, 53, 191, 614, 574, 68, 685, 561, 230, 435, 22, 626, 788, 868, 730, 954, 278, 0, 1138, 738, 410, 492, 404, 293, 146, 384, 202, 164, 513, 508, 1238, 694, 321, 302, 158, 289, 337, 1427, 59, 832, 942, 731, 91, 662, 699, 539, 532, 1552, 1109, 880, 683, 296, 1151, 741, 603, 290, 134, 958, 736, 948, 943, 1068, 1047, 218, 178, 1486, 830, 646, 645, 208, 549, 7, 76, 1]"
890,"[97, 180, 88, 339, 171, 442, 323, 426, 134, 478, 514, 434, 203, 192, 133, 214, 1038, 523, 422, 488, 526, 653, 173, 167, 227, 213, 1148, 631, 233, 49, 403, 479, 0, 519, 588, 22, 126, 285, 194, 384, 500, 356, 473, 131, 443, 428, 522, 161, 662, 193, 178, 175, 186, 520, 656, 674, 150, 151, 184, 433, 68, 670, 312, 135, 602, 199, 603, 172, 207, 209, 6, 132, 204, 96, 482, 189, 529, 495, 513, 156]","[117, 236, 162, 842, 152, 515, 1064, 624, 448, 257, 661, 182, 100, 84, 270, 141, 654, 636, 736, 229, 659, 210, 402, 635, 738, 446, 264, 166, 666, 451, 483, 185, 120, 450, 435, 101, 447, 228, 673]"
891,"[49, 590, 277, 280, 470, 530, 1196, 14, 716, 24, 458, 284, 281, 312, 285, 236, 106, 741, 273, 99, 408, 1277, 865, 120, 475, 147, 117, 923, 125, 755, 126, 739, 977]","[545, 116, 279, 933, 1027, 932, 110, 1039, 594, 404, 180, 322, 596, 115]"
892,"[133, 272, 780, 150, 86, 660, 431, 126, 603, 75, 577, 707, 176, 648, 229, 88, 62, 172, 190, 499, 96, 143, 117, 94, 236, 731, 283, 4, 11, 480, 647, 202, 186, 177, 173, 844, 422, 99, 290, 171, 87, 587, 49, 181, 175, 24, 428, 670, 728, 264, 495, 1223, 320, 614, 392, 152, 131, 366, 57, 116, 424, 635, 612, 481, 120, 191, 67, 221, 611, 738, 273, 767, 434, 950, 194, 209, 515, 78, 1, 7, 55, 356, 464, 135, 662, 575, 514, 66, 1123, 754, 134, 95, 640, 14, 565, 167, 377, 71, 179, 232, 214, 6, 97, 567, 183, 486, 63, 237, 524, 61, 417, 193, 658, 483, 69, 68, 158, 317, 26, 226, 27, 404, 522, 48, 600, 477, 30, 1268, 124, 479, 201, 21, 520, 1284, 0, 469, 429, 478, 215, 149, 203, 180, 683, 195, 238, 287, 510, 299, 482, 476, 496, 796, 174, 525, 379, 430, 494, 691, 824, 836, 968, 632, 182, 275, 704, 187, 161, 130, 207, 156, 630]","[848, 440, 225, 1218, 72, 70, 53, 101, 595, 109, 10, 471, 384, 213, 500, 402, 945, 819, 228, 569, 142, 1453, 624, 416, 400, 421, 80, 89, 154, 1034, 762, 419, 435, 472, 81, 764, 825, 1117, 128, 418, 1090, 759, 212, 446, 227, 581, 98, 132, 28, 448, 541, 185, 678, 1077, 1443]"
893,"[55, 425, 116, 0, 404, 470, 236, 409, 171, 143, 239, 76, 117, 150, 160, 10, 297, 596, 530, 285, 68, 49, 23, 120, 95]","[146, 263, 293, 147, 723, 121, 258, 1217, 1214, 410, 245, 411, 848, 1244, 819, 814, 257, 758, 927, 975, 1011, 770, 844, 289, 124, 234, 259, 475, 287, 322, 357, 219, 818, 780]"
894,"[887, 332, 245, 296, 133, 301, 220, 1141, 327, 243, 739, 284, 846, 581, 82, 862, 1130, 510, 1559, 712, 689, 343, 345, 128, 478, 557, 318, 1225, 936, 514, 169, 897, 222, 752, 44, 326, 310, 1378, 470, 274, 534, 922, 1009, 85, 58, 903, 12, 13, 1657, 1047, 1250, 257, 1500, 305, 918, 854, 244, 1072, 11, 1079, 1114, 315, 9, 314, 902, 178, 60, 278, 528, 753, 878, 247, 338, 235, 299, 292, 25, 31, 6, 164, 19, 886, 339, 511, 115, 261, 49, 8, 330, 1149, 112, 1193, 312, 59, 0, 959, 92, 275, 960, 535, 735, 1004, 276, 211, 18, 197, 189, 302, 29, 123, 346, 590, 1254, 462, 697, 291, 1008, 241, 701, 935, 277, 285, 461, 706, 638, 1591, 271, 212, 56, 99, 344, 236, 51, 533, 286, 921, 873, 508, 249, 136, 317, 304, 165, 749]","[14, 404, 268, 844, 751, 254, 1015, 637, 287, 248, 272, 280, 331, 256, 354, 263, 1314, 146, 325, 282, 335, 1312, 690, 876, 309, 380, 743, 106, 750, 306, 747, 1380, 899, 110, 908, 884, 323, 120, 251, 342, 978, 474, 322, 255, 1461, 298, 885, 507, 147, 1403, 882, 1257, 125, 1022, 294, 170, 333, 116, 901, 259, 970, 675, 471, 297, 934, 1280, 288, 677, 108, 989, 69, 289, 267, 874, 124, 977, 717, 269, 311, 1402, 817, 283, 1152, 24, 932, 627, 349, 321, 1088, 688, 1006, 1294, 270, 594, 826, 1037, 530, 279, 15, 329, 904]"
895,"[180, 12, 49, 300, 274, 293, 741, 282, 150, 327, 0, 99]","[596, 283, 987, 1013, 116, 747, 884, 221]"
896,"[309, 524, 135, 47, 683, 317, 185, 143, 384, 221, 272, 97, 525, 190, 596, 226, 199, 366, 214, 480, 602, 173, 181, 879, 96, 227, 764, 215, 0, 133, 186, 428, 941, 167, 69, 94, 88, 274, 731, 720, 229, 992, 86, 156, 197, 63, 21, 769, 49, 7, 222, 326, 87, 483, 657, 82, 189, 1239, 142, 316, 236, 203, 202, 233, 650, 704, 180, 126, 8, 526, 264, 283, 172, 179, 6, 171, 194, 495, 152, 492, 76, 654, 23, 419, 182, 401, 127, 951, 128, 163, 709, 965, 659, 240, 488, 312, 41, 123, 434, 257, 256, 210, 78, 68, 660, 244, 247, 477, 426, 729, 587, 238, 565, 70, 209, 228, 1302, 691, 750, 175, 95, 510]","[1100, 402, 107, 280, 66, 211, 751, 685, 848, 743, 457, 712, 383, 324, 788, 158, 81, 132, 397, 671, 355, 767, 122, 545, 561, 684, 451, 140, 1671, 548, 75, 413, 422, 435, 131, 461, 24, 1017, 19, 1220, 357, 174, 514, 151, 871, 216, 797, 160, 430, 1283, 478, 503, 707, 11, 1405, 232, 231, 195, 298, 134, 738, 571, 14, 237, 270, 342, 630, 200, 117, 471, 45, 473, 1077, 301, 1216, 85, 225, 541, 496, 410, 639, 1133, 290, 1422, 823, 575, 517, 54, 1073, 595, 673, 470, 38, 567, 208, 695, 568, 404, 26, 1247, 1521, 30, 839, 1182, 507, 120, 1436, 807, 475, 635, 886, 574, 894, 72, 429, 1470, 835, 718, 1003, 27, 1193, 1041, 1213, 201, 819, 52, 759, 424, 370, 425, 553, 153, 138, 590, 22, 581, 1230, 84, 467, 745, 10, 708, 159, 249, 1219, 53, 1350, 741, 3, 577, 454, 147, 378, 187, 799, 32, 1266, 586, 556, 144, 319, 809, 205, 230, 91, 281, 79, 615, 800, 116, 631, 661, 392, 449, 719, 100, 327, 927, 481, 678, 146, 1097, 734, 1248, 61, 421, 379, 67, 273, 50, 1044, 178, 28, 636, 42, 653, 1027, 472, 1680, 460, 773, 306, 1111, 1118, 558, 218, 1010, 57, 762, 1207, 808, 664, 714, 469, 398, 259, 1, 479, 386, 1621, 844, 641, 385, 391, 183, 18, 99, 287, 198, 90, 299, 482, 801, 549, 1221, 569, 1045, 234, 224, 646]"
897,"[0, 596, 471, 213, 126, 185, 392, 927, 150, 418, 193, 567, 203, 142, 171, 176, 408, 602, 68, 587, 221, 450, 194, 227, 199, 925, 678, 21, 81, 131, 160, 198, 181, 96, 182, 70, 132, 32, 659, 49, 658, 428, 237, 615, 135, 464, 67, 233, 239, 183, 422, 415, 98, 97, 229, 210, 377, 478, 863, 435, 87, 442, 322, 469, 698, 1027, 27, 432, 525, 78, 207, 973, 632, 202, 242, 497, 500, 175, 417, 140, 117, 495, 280, 672, 187, 520, 1032, 64, 865, 401, 289, 120, 124, 1530, 825, 287, 545, 410, 759, 88, 231, 200, 505, 75, 924, 1218, 95, 645, 179, 404, 184, 76, 403, 186, 214, 209, 848, 608, 173, 522, 368]","[477, 226, 472, 201, 1253, 55, 496, 476, 950, 870, 454, 483, 65, 7, 484, 735, 741, 192, 621, 565, 72, 384, 434, 204, 409, 54, 388, 839, 264, 94, 549, 509, 1050, 238, 172, 482, 405, 167, 529, 134, 527, 293, 707, 139, 683, 180, 195, 39, 234, 24, 119, 178, 367, 650, 10, 648, 716, 669, 116, 704, 272, 370, 762, 22]"
898,"[287, 318, 323, 747, 241, 269, 357, 1295, 326, 271, 314, 312, 315, 309, 308, 301]","[299, 682, 750, 285, 688, 346, 242, 333, 538, 342, 270, 311, 327, 257]"
899,"[693, 208, 215, 274, 153, 750, 659, 229, 217, 171, 281, 185, 264, 495, 427, 462, 134, 94, 470, 526, 282, 482, 72, 256, 745, 78, 167, 82, 478, 203, 49, 156, 196, 366, 175, 654, 120, 201, 152, 47, 221, 290, 254, 422, 110, 662, 257, 741, 469, 1100, 173, 160, 426, 517, 70, 65, 739, 88, 356, 602, 194, 202, 567, 7, 747, 317, 213, 432, 27, 63, 723, 233, 236, 189, 497, 212, 97, 193, 95, 116, 199]","[207, 684, 230, 1, 639, 249, 24, 434, 227, 50, 68, 409, 187, 384, 933, 192, 238, 709, 253, 1015, 746, 237, 283, 657, 473, 30, 143, 430, 545, 716, 565, 731, 514, 454, 826, 402, 172, 228, 683, 178, 180, 0, 146, 176, 355, 587, 28, 596, 498, 413, 150, 132, 124, 179]"
900,"[588, 473, 293, 123, 479, 617, 317, 482, 99, 204, 128, 236, 660]","[457, 136, 129, 279, 492, 182, 428, 120, 1027, 507, 199, 833, 470, 324, 287, 283, 185, 1131, 870, 404, 601, 30, 743, 653, 477, 116, 135, 863, 8, 409, 695, 1297]"
901,"[508, 77, 21, 987, 622, 928, 11, 195, 167, 497, 70, 227, 545, 143, 475, 567, 95, 565, 678, 747, 34, 1619, 233, 139, 160, 256, 173, 404, 228, 180, 522, 418, 134, 464, 519, 229, 661, 1040, 27, 120, 154, 1388, 863, 81, 377, 62, 72, 435, 215, 392, 434, 193, 931, 171, 390, 401, 194, 49, 738, 209, 0, 422, 450, 221, 203, 116, 87, 94, 727, 93, 1604, 1642, 210, 428, 1034, 141, 755, 68, 1119, 57, 65, 731, 321, 14]","[274, 1048, 286, 7, 12, 55, 948, 577, 110, 394, 249, 442, 88, 520, 258, 476, 90, 794, 865, 242, 234, 150, 635, 1046, 825, 408, 559, 402, 117, 293, 429, 19, 767, 687, 320, 179, 236, 37, 251, 446]"
902,"[317, 49, 249, 514, 175, 479, 305, 299, 482, 496, 171, 422, 86, 478, 274, 143, 190, 94, 7, 78, 0, 878]","[257, 294, 326, 133, 992, 332, 293, 180, 303, 297, 301, 245, 306, 227, 288, 327, 203, 325, 256, 270, 267, 988, 126, 300, 753, 1015, 186]"
903,"[99, 317, 181, 408, 202, 707, 180, 275, 287, 190, 22, 186, 90, 520, 316, 222, 55, 117, 1100, 97, 176, 280, 648, 332, 185, 1069, 182, 514, 819, 528, 184, 47, 527, 281, 178, 88, 641, 692, 46, 442, 195, 179, 522, 1047, 3, 60, 197, 654, 187, 720, 63, 155, 292, 323, 12, 271, 156, 213, 11, 663, 426, 762, 1141, 78, 239, 153, 86, 59, 174, 233, 237, 210, 58, 1097, 24, 356, 29, 478, 45, 708, 519, 301, 209, 508, 126, 368, 474, 191, 80, 1008, 409, 404, 1380, 650, 49]","[1131, 993, 745, 203, 253, 1007, 844, 976, 466, 1072, 411, 930, 104, 247, 0, 695, 95, 110, 128, 581, 51, 460, 870, 10, 1066, 823, 6, 120, 8, 420, 345, 105, 119, 683, 272, 627, 927, 594, 251, 146, 543]"
904,"[8, 288, 96, 65, 420, 738, 450, 299, 277, 735, 154, 215, 780, 287, 401, 236, 274, 273, 746, 681, 602, 793, 1151, 254, 814, 116, 784, 1073, 279, 110, 723]","[693, 627, 777, 327, 1040, 552, 180, 708, 795, 731, 761, 201, 87, 534, 89, 172]"
905,"[299, 149, 6, 320, 312, 123, 741, 301, 128, 99, 470, 344, 300, 507, 590, 457]","[332, 257, 244, 327, 281, 716, 325, 474, 1010, 124, 115, 747, 236, 272, 872, 293, 318, 136, 878, 750, 1050, 870, 321, 116]"
906,"[99, 120, 320, 695, 739, 627, 9, 543, 675, 275, 272, 124, 116, 472, 128, 269, 123, 8, 285, 1010, 236, 220, 282, 286, 743, 283, 407, 284]","[306, 474, 6, 14, 741, 822, 1008, 470, 299, 404, 990, 239, 276]"
907,"[762, 99, 289, 723, 684, 590, 316, 619, 273, 281, 827, 124, 471, 300, 85, 146, 739, 180, 286, 820, 812, 117, 496, 755, 280, 332, 197, 712, 728, 1118, 408, 595, 627, 201, 41, 695, 247, 97, 933, 317, 244, 282, 274, 519, 82, 283, 1325, 143, 1039, 868, 1220, 688, 285, 293, 87, 1283, 1162, 461, 116, 355, 321, 482, 698, 470, 401, 818, 184, 95, 1243, 224, 267, 181, 927, 1219, 122, 743, 1166, 1156, 1047, 685, 1050, 18, 172, 1015, 70, 312, 49, 24, 78, 290, 505, 1027, 475, 150, 495, 271, 696, 923, 761, 632, 747, 120, 119, 392, 4, 257, 709, 1046, 276, 110, 404, 552, 738, 234, 128, 236, 426, 311, 171, 741, 219, 106, 977, 780, 14, 365, 484, 763, 331, 0, 325, 270, 142, 96, 287, 277, 814]","[1056, 618, 339, 824, 7, 646, 259, 474, 1053, 987]"
908,"[55, 287, 693, 97, 700, 203, 656, 132, 184, 647, 487, 478, 483, 426, 433, 962, 422, 524, 418, 27, 222, 182, 590, 49, 514, 78, 557, 495, 602, 194, 99, 95, 126, 482, 477, 527, 143, 708, 630, 317]","[413, 155, 191, 172, 54, 180, 321, 68, 146, 199, 150, 356, 110, 446, 46, 526, 215, 122, 653, 193, 493, 481, 6, 123, 171, 204, 173, 11, 480, 662, 263, 208, 299, 731]"
909,"[285, 581, 291, 115, 274, 530, 299, 1120, 508, 164, 165, 13, 260, 381, 879, 338, 85, 169, 706, 325, 223]","[681, 288, 743, 528, 293]"
910,"[181, 1011, 99, 844, 236, 292, 22, 116, 507, 413, 55, 299, 356, 49, 11, 312, 97, 8, 0, 173, 209, 221, 404, 126, 683, 741, 182, 204]","[244, 287, 281, 331, 251, 288, 136, 124, 23, 256, 249, 750, 297, 272, 283, 1024, 306, 24, 123, 117, 253, 596, 180, 830, 627, 133, 309, 120, 290, 285, 2, 747]"
911,"[356, 587, 167, 434, 184, 173, 380, 422, 1202, 142, 6, 88, 203, 202, 189, 637, 271, 398, 968, 20, 182, 922, 92, 506, 192, 185, 481, 133, 646, 175, 82, 854, 427, 478, 1038, 708, 208, 153, 171, 141, 215, 1059, 442, 152, 464, 172, 227, 196, 193, 150, 654, 602, 162, 190, 479, 477, 624, 430, 25, 86, 418, 473, 529, 207, 419]","[495, 97, 484, 237, 382, 658, 312, 98, 500, 403, 101, 834, 239, 726, 204, 483, 81, 209, 621, 482, 547, 583, 431, 210, 505, 450, 373, 513, 426, 626, 472, 198, 214]"
912,"[237, 1040, 131, 153, 482, 495, 142, 422, 481, 601, 317, 196, 193, 96, 13, 151, 167, 172, 14, 442, 27, 478, 516, 63, 191, 417, 522, 658, 654, 497, 609, 418, 356, 500, 426]","[203, 171, 184, 610, 653, 55, 245, 185, 473, 652, 660, 647, 506, 173, 267, 645, 519, 615]"
913,"[98, 57, 356, 91, 11, 526, 264, 236, 97, 233, 788, 143, 126, 474, 184, 654, 201, 174, 173, 182, 301, 268, 88, 962, 78, 172, 740, 215, 602, 749, 167, 612, 517, 316, 8, 6, 56, 199, 18, 150, 175, 63, 203, 460, 190, 227, 10, 82, 473, 418, 49, 130, 477, 94, 426, 918, 656, 95, 168, 55, 21, 142, 257, 407, 171, 3, 288, 194, 202, 317]","[300, 259, 1111, 7, 1239, 480, 464, 178, 81, 0, 429, 116, 309, 41, 587, 529, 655, 272, 209, 431, 221, 24, 155, 746, 497, 131, 417, 741, 183, 68, 267, 482, 234, 226, 603, 342, 59, 427, 422, 345, 163, 179, 99, 595, 530, 170, 275, 728, 435, 185, 188, 14, 465, 507, 180, 468, 237, 461, 287, 27, 689, 208]"
914,"[196, 370, 154, 642, 1405, 780, 401, 777]","[723, 110, 87, 386, 735, 1354, 450, 691, 738, 312, 731, 774, 380, 1258, 215]"
915,"[312, 267, 344, 314, 346, 749, 285, 301, 690]","[303, 287, 309, 299, 1037, 269, 327, 332, 306, 320, 333, 345, 300, 304, 751, 895, 257]"
916,"[99, 1334, 243, 169, 174, 80, 45, 81, 1112, 52, 16, 38, 707, 13, 473, 592, 27, 90, 720, 529, 726, 133, 153, 426, 316, 21, 3, 134, 49, 211, 222, 47, 189, 526, 245, 212, 193, 508, 220, 8, 55, 216, 958, 0, 1004, 69, 483, 209, 170, 427, 264, 180, 696, 317, 172, 1097, 479, 630, 714, 29, 511, 191, 215, 233, 510, 734, 580, 163, 766, 918, 482, 235, 87, 182, 267, 41, 59, 149, 195, 6, 110, 285, 197, 179, 651, 424, 567, 57, 167, 970, 96, 1100, 192, 249, 386, 461, 649, 91, 581, 474, 582, 959, 210, 68, 1069, 85, 1193, 63, 1010, 10, 942, 275, 175, 1009, 82, 530, 202, 237, 88, 173, 805, 381, 156, 171, 136, 97, 639, 51, 420, 22, 240, 1072, 1008, 536, 11, 155, 460, 556]","[466, 1427, 270, 231, 365, 1045, 469, 159, 450, 251, 228, 780, 522, 1134, 865, 213, 823, 505, 1205, 654, 64, 178, 830, 943, 1267, 380, 221, 280, 50, 1108, 142, 297, 1, 294, 392, 701, 234, 181, 471, 48, 86, 32, 185, 577, 731, 84, 929, 960, 53, 76, 569, 762, 227, 70, 1400, 238, 1219, 4, 176, 560, 67, 162, 930, 422, 763, 54, 201, 1207, 416, 75, 708, 789, 432, 71, 95, 635, 117, 761, 218, 527, 1041, 72, 255, 684, 289, 754, 558, 23, 549, 203, 755, 248, 791, 158, 977, 862, 641, 596, 384, 154, 683, 152, 947, 217, 30, 1073, 819, 747, 677, 548, 379, 745, 475, 398, 824, 146, 236, 143, 187, 565, 534, 116, 673, 124, 568, 78, 540, 160, 256, 366, 368, 712, 232, 120, 208, 692, 740, 205, 279, 105, 719, 150, 738, 1013, 1596, 843, 430, 100, 401, 131, 1681, 229, 2, 404, 1078, 225, 272, 65, 557, 122, 709, 226, 1216, 157, 89, 194, 545, 79, 497, 938, 108, 1118, 736, 678, 283, 703, 214, 355, 147]"
917,"[24, 470, 739, 275, 149, 534, 286, 245, 99, 755, 267, 281, 236, 247, 695, 475, 284, 288, 8, 627]","[49, 1013, 277, 590, 878, 750, 762, 404, 472, 311, 327, 2, 254, 120, 0]"
918,"[1064, 1199, 427, 922, 136, 274, 581, 644, 1100, 27, 486, 44, 1170, 189, 169, 63, 637, 212, 605, 15, 920, 381, 961, 630, 855, 706, 1136, 24, 165, 1265, 164, 663, 1638, 1194, 854, 380, 964, 131, 708, 1098, 142, 970, 85, 498, 82, 497, 703, 971, 655, 506, 659, 88, 658]","[487, 130, 639, 203, 418, 288, 210, 432, 657, 173, 134, 178, 736, 442, 791, 513, 494, 416, 132, 1264, 174, 153, 215, 68, 484, 957, 0, 87, 429, 528, 71, 167, 195, 152, 81, 629, 196, 198, 516, 339, 461, 519, 207, 69, 41, 1171, 150, 160, 994, 746]"
919,"[1100, 256, 258, 18, 269, 936, 203, 56, 1136, 326, 1151, 14, 200, 507, 285, 741, 324, 1085, 317, 476, 417, 4, 581, 220, 57, 1011, 143, 284, 216, 99, 1277, 675, 1276, 10, 217, 793, 139, 0, 557, 431, 322, 236, 714, 24, 97, 894, 275, 306, 366, 331, 282, 312, 125, 128, 304, 15, 98, 330, 259, 299, 235, 1013, 116, 333, 303, 81, 27, 270, 422, 286, 526, 274, 446, 124, 69, 63, 812, 659, 332, 92, 418, 342, 945, 381, 339, 1072, 150, 287, 190, 281, 302, 1196, 117, 8, 110, 146, 276, 180, 292, 21, 94, 271, 254, 301, 222, 257, 13, 173, 296, 199]","[786, 242, 689, 252, 321, 357, 886, 346, 320, 595, 461, 1135, 1046, 297, 49, 201, 1314, 167, 6, 474, 288, 818, 267, 1113, 1047, 3, 1108, 325, 470, 740, 192, 245, 716, 686, 877, 918, 111, 457, 243, 975, 755, 563, 84, 747, 239, 327, 1283, 708, 371, 627, 1133, 530, 20, 680, 831, 221, 244, 283, 739, 260, 30, 237, 988, 115, 19, 311, 987, 411, 87, 294, 749, 878, 874, 249, 147, 314, 293, 879, 952, 534, 731, 263, 22, 754, 300, 318, 309, 182, 1172, 68, 136, 123, 1118, 405, 677, 11, 863, 876, 1059, 1257, 590, 291, 538, 1513, 814, 891, 688]"
920,"[346, 1611, 349, 345, 301, 309, 332, 257, 339, 312]","[330, 299, 331, 681, 327, 269, 291, 298, 306, 287, 267, 244, 300, 285, 310, 271]"
921,"[312, 719, 71, 180, 691, 172, 251, 14, 78, 754, 273, 844, 814, 1031, 132, 95, 120, 214, 201, 327, 65, 379, 195, 221, 1015, 525, 209, 661, 70, 171, 391, 677, 1027, 399, 537, 110, 258, 135, 418, 49, 658, 173, 68, 293, 322, 283, 366, 142]","[23, 1059, 7, 0, 931, 281, 1046, 470, 287, 86, 727, 131, 81, 189, 650, 421, 1033, 226, 891, 124, 559, 410, 933, 394, 368, 274, 1278, 321, 928, 227, 602, 239, 483, 923, 303, 96, 777, 1316, 762, 150, 127, 819, 761, 1050, 1286, 193, 229, 146, 244, 404, 256, 471, 759, 236, 184, 796, 275, 121, 409, 279, 253, 24]"
922,"[142, 88, 71, 381, 201, 394, 226, 587, 228, 450, 289, 150, 405, 448, 171, 264, 70, 172, 49, 256, 221, 417, 173, 97, 948, 745, 236, 152, 426, 1109, 293, 21, 98, 82, 180, 454, 432, 420, 90, 809, 76, 0, 379, 50, 575, 257, 14, 449, 67, 10, 229, 227, 431, 430, 918, 383, 595]","[160, 209, 370, 214, 1034, 755, 248, 215, 55, 62, 190, 211, 402, 567, 93, 470, 182, 549, 158, 183, 216, 475, 661, 273, 174, 175, 154, 746, 167, 446, 659, 194, 81, 738, 578, 249, 287, 251, 714, 28, 66, 203, 833, 79, 390, 61, 121, 270, 199, 126, 144, 218, 42, 68, 630, 401, 213, 374, 134, 366, 410, 384, 561, 1078, 234, 275, 1156, 654, 94, 698]"
923,"[332, 236, 471, 147, 455, 761, 1027, 173, 180, 830, 545, 287, 2, 116, 280, 927, 272, 333, 762, 337, 124, 294, 321, 290, 104, 167, 454, 99, 684, 221, 281, 459, 822, 1010, 306, 1011, 627, 128, 712, 292, 324, 256, 293, 741, 404, 49, 339, 8, 150, 925, 824, 1276, 474, 974, 543, 120, 814, 740, 275, 248, 1016, 865, 590, 247, 828, 410]","[409, 826, 244, 688, 263, 279, 0, 1000]"
924,"[95, 173, 1399, 5, 522, 194, 282, 201, 0, 227, 120, 172, 704, 631, 922, 420, 284, 81, 503, 1477, 6, 204, 495, 700, 195, 11, 432, 177, 481, 274, 171, 317, 426, 199, 510, 152, 312, 49, 133, 27, 99, 236, 428, 215, 895, 518, 526, 8, 128, 70, 63, 470]","[116, 126, 272, 1035, 299, 525, 835, 1010, 276, 741, 257, 285, 210, 12, 407, 321, 561, 30, 479, 1, 143, 287, 113, 848, 604, 1148, 180, 275, 55, 401]"
925,"[4, 217, 681, 184, 322, 331, 446, 97, 287, 324, 323]","[677, 55, 298, 947, 332, 562, 244, 772, 326, 875, 787, 259, 560, 216, 815, 558, 218, 671, 566, 557, 199]"
926,"[285, 314, 339, 257, 301, 271, 268]","[321, 299, 287, 302, 324, 288, 312, 320, 291, 293, 244, 261, 236]"
927,"[221, 137, 500, 293, 227, 379, 14, 366, 420, 40, 1088, 229, 66, 124, 68, 287, 299, 1092, 392, 448, 236, 762, 865, 404, 421, 71, 256, 416, 94, 402, 587, 1034, 419, 540, 28, 254, 470, 167, 767, 120, 927, 373, 10, 110, 194, 55, 70, 1414, 754, 63, 567, 1015, 62, 825, 7, 410, 327, 117, 551, 154, 403, 401, 755, 203, 408, 95, 384, 819, 1046, 0, 425, 209, 1283, 741, 37, 90, 27]","[23, 455, 6, 273, 78, 559, 779, 738, 239, 1228, 104, 157, 409, 622, 737, 1013, 394, 400, 226, 624, 142, 814, 541, 153, 131, 81, 774, 277, 534, 24, 476, 411, 760, 1094, 721, 818, 173, 216, 228, 1177, 570, 98, 93]"
928,"[7, 97, 186, 495, 1006, 357, 877, 876, 1024, 265, 164, 486, 875, 268, 113, 172, 47, 171, 267, 748, 133, 245, 126, 275, 167, 190, 134, 8]","[332, 287, 175, 327]"
929,"[88, 516, 418, 133, 514, 187, 473, 317, 184, 181, 482, 194, 520, 186, 99, 171, 126, 21, 55, 422, 204, 134, 27, 203, 49, 11, 588, 428, 97, 478]","[208, 30, 22, 0, 270, 173, 31, 479, 434, 283, 432, 483, 135, 653, 196, 143, 495, 430, 275]"
930,"[120, 282, 268, 125, 299, 44, 237, 112, 281, 164, 63, 105, 115, 13, 273, 274, 280, 256, 708, 243, 189, 534]","[147, 7, 650, 762, 244, 150, 287, 454, 844, 404, 1314, 236, 152, 106, 870, 174, 173, 704, 264, 234, 116, 755, 175, 285, 254, 136, 1047, 522, 0, 410, 49, 689, 170, 99, 23, 1009, 142, 209, 239, 15, 409]"
931,"[1151, 302, 244, 743, 274, 115, 514, 311, 689, 346, 254, 126, 282, 299, 908, 285, 315, 296, 458, 684, 332, 292, 314, 125, 507, 180, 305, 13, 297, 749, 343, 124, 99, 303, 312, 301, 899, 271, 256]","[49, 236, 677, 475, 361, 120, 309, 1021, 268, 257, 249, 219, 895, 251, 136, 470, 354, 844, 280, 110, 289, 545]"
932,"[134, 6, 434, 284, 1203, 503, 1064, 175, 1265, 613, 496, 966, 228, 708, 524, 1396, 178, 569, 176, 616, 565, 482, 156, 208, 1511, 1572, 53, 588, 646, 379, 497, 514, 1450, 488, 1049, 427, 174, 171, 153, 182, 193, 113, 610, 506, 1204, 656, 130, 647, 97, 777, 273, 675, 458, 210, 179, 660, 744, 1453, 429, 645, 967, 648, 614, 862, 1020, 515, 140, 658, 195, 29, 612, 649, 493, 203, 431, 494, 1125, 13, 132, 518, 428, 653, 478, 707, 479, 55, 166, 662, 638, 481, 69, 483, 177, 523, 221, 162, 528, 433, 99, 173, 516, 674, 602, 190, 527, 356, 442, 426, 161, 1410, 164, 477, 1115, 204, 194, 188, 529, 133, 615, 492, 227, 519, 211, 95, 509, 490, 704, 487, 611, 526, 46, 8, 495, 198, 810, 202, 489, 85, 835, 510, 804, 135, 1448, 1557, 854, 44, 505, 152, 197, 207, 169, 184, 631, 485, 229, 473, 502, 1455, 501, 522, 98, 512, 167, 398, 525, 88, 461, 1019, 1148, 1034, 606, 0, 520, 474, 118, 168, 480, 1120, 513, 413, 404, 196, 209, 605]","[104, 54, 678, 1304, 1183, 378, 651, 670, 237, 233, 160, 225, 143, 212, 575, 224, 217, 549, 639, 440, 735, 187, 508, 37, 66, 172, 192, 1029, 559, 154, 108, 635, 384, 76, 446, 469, 599, 486, 147, 889, 388, 754, 540, 664, 234, 120, 561, 435, 100, 1138, 81, 447, 840, 430, 63, 150, 415]"
933,"[316, 27, 186, 63, 155, 97, 522, 469, 181, 178, 195, 317, 745, 72, 366, 150, 210, 134, 156, 788, 86, 194, 264, 356, 653, 473, 227, 193, 88, 126, 143, 185, 55, 49, 434, 68, 482, 10, 6, 179, 199, 124, 99, 21, 182, 176, 174, 173, 192, 11]","[1016, 446, 576, 62, 230, 432, 398, 733, 218, 213, 214, 545, 549, 109, 933, 51, 450, 208, 79, 474, 582, 71, 1245, 172, 452, 650, 131, 404, 384, 20, 3, 240, 507, 0, 402, 470, 1069, 764, 160, 1027, 558, 217, 167, 466, 175, 709, 1227, 238, 201, 237, 232, 159, 1109, 229, 387, 180, 391, 104, 94, 574, 152, 939, 215, 383, 475, 568, 865, 24, 1187, 651, 228, 52, 231, 839, 166, 93, 209, 664, 734, 410, 165, 577, 183, 626, 37, 38, 163, 833, 596, 203, 153, 61, 41, 116, 120, 171, 822, 283, 423, 66, 233, 226, 575, 409, 78, 560, 158, 448, 272, 57, 678, 635, 162, 451, 392, 514, 8, 225, 731, 584, 69, 958, 390, 762, 281, 1182, 87, 81, 567, 96, 1036, 221, 95, 440]"
934,"[49, 24, 196, 296, 201, 194, 460, 227, 314, 238, 222, 99, 404, 616, 228, 553, 628, 87, 207, 209, 674, 1448, 173, 513, 487, 663, 160, 431, 383, 1, 662, 604, 55, 528, 96, 167, 66, 854, 962, 673, 82, 659, 174, 189, 301, 505, 256, 211, 236, 500, 171, 134, 64, 434, 426, 131, 3, 491, 12, 413, 660, 754, 253, 93, 315, 1017, 65, 494, 210, 549, 152, 212, 731, 1410, 162, 419, 427, 629, 711, 448, 88, 169, 964, 198, 810, 81, 702, 130, 192, 450, 901, 285, 480, 151, 793, 69, 804, 649, 190, 509, 623, 1202, 302, 225, 704, 143, 203, 68, 583, 195, 95, 133, 180, 473, 506, 960, 501, 461, 402, 418]","[422, 572, 1424, 176, 150, 410, 182, 268, 387, 1036, 708, 120, 770, 178, 435, 392, 647, 388, 144, 948, 525, 1284, 155, 224, 817, 172, 791, 613, 515, 153, 233, 208, 1310, 532, 161, 497, 98, 1064, 482, 971, 0, 707, 71, 312, 185, 580, 156, 656, 85, 601, 1134, 526, 785, 215]"
935,"[475, 283, 470, 845, 126, 716, 741, 120, 236, 923, 147, 863, 1015, 404, 814, 285, 273, 281, 596, 299, 545, 312, 254, 124, 117, 933, 280, 180, 14, 282, 684, 116]","[99, 256, 8, 1047, 0, 619, 119]"
936,"[817, 284, 339, 280, 951, 297, 110, 235, 312, 926, 249, 13, 248, 180, 546, 740, 590, 252, 92, 49, 136, 8, 115, 474, 267, 1096, 1006, 1343, 274, 128, 812, 1367, 925, 116, 1240, 324, 123, 268, 247, 475, 19, 1007, 1162, 124, 285, 271, 1010, 1201, 15, 245, 1008, 345, 23, 323, 24, 220, 5, 243, 2, 120, 1334, 357, 18, 1067, 0, 1159, 1198, 755, 1369, 275, 126, 1376, 863, 903, 1114, 824, 318, 99, 236, 12, 1170, 1322, 288, 6, 1374, 1128, 326, 254, 918, 107, 844, 250, 286]","[1257, 105, 1085, 332, 242, 1013, 300, 1278, 507, 627, 281, 117, 747, 826, 404, 272, 1189, 974, 257, 258, 994, 1022, 273, 695, 677, 1078, 534, 1015, 814, 299, 897, 454, 409, 234, 716, 256, 865, 293, 322, 927, 320, 251, 294, 987, 342, 1314, 311, 1225, 765]"
937,"[274, 8, 284, 514, 296, 223, 125, 292, 299, 13, 92, 257, 407, 285, 303, 846, 123, 235, 294, 49, 302, 282, 236, 1006, 115]","[267, 241, 300, 254, 325, 863, 221, 224, 18, 99, 136, 987, 873, 507, 293]"
938,"[863, 312, 762, 332, 475, 1011, 180, 1013, 369, 150, 471, 1027, 110, 297, 126, 24, 761, 342, 242, 865, 274, 49, 290, 221, 927, 120, 259, 507, 287, 224, 1060, 6, 257, 125, 357, 595, 251, 117, 99, 219, 0, 272, 822, 105, 457, 256, 992]","[121, 239, 124, 987, 1032, 476, 8, 594, 104, 299, 872, 280, 839, 716, 14, 283, 814, 747, 545, 472, 404, 828, 405, 470, 254, 675, 1046, 755, 327, 1015, 677, 116, 1282, 234, 322, 1253, 455, 596, 1151, 147, 258, 249, 285, 928, 289, 410, 870, 590, 244, 741, 925, 236, 409, 844, 247, 840, 1012, 684, 275, 288, 292]"
939,"[257, 1053, 688, 475, 408, 120, 1189, 992, 221, 1022, 325, 1050, 596, 1276, 219, 126, 117, 297, 741, 254, 1027, 755, 284, 410, 14, 716, 282, 8, 279, 590, 256, 840, 404, 545, 273, 507, 274, 236, 470]","[930, 105, 817, 889, 933, 265, 679, 423, 253, 251]"
940,"[271, 654, 314, 65, 95, 193, 171, 7, 55, 146, 169, 94, 173, 316, 854, 88, 426, 627, 299, 520, 320, 172, 315, 293, 691, 656, 49, 97, 212, 481, 203, 11, 208, 1166, 515, 301, 650, 268, 708, 257, 190, 356, 175, 507, 435, 81, 312, 419, 677, 6, 470, 258, 353, 429, 237, 215, 284]","[192, 567, 13, 204, 872, 288, 180, 152, 354, 609, 1400, 318, 548, 473, 3, 750, 707, 682, 309, 342, 8, 357, 791, 115, 150, 745, 167, 285, 68, 46, 199, 528, 300, 628, 381, 69, 99, 182, 163, 149, 160, 346, 270, 136, 526, 263, 878, 170, 1136, 214]"
941,"[146, 123, 116, 180, 992, 257, 6, 474, 256, 14, 454, 297, 407, 299, 918, 0, 293, 1006]","[221, 357, 762, 272]"
942,"[116, 199, 603, 422, 260, 426, 486, 583, 346, 510, 303, 192, 30, 968, 130, 499, 478, 171, 877, 215, 606, 513, 302, 495, 94, 49, 1049, 96, 356, 1027, 1203, 314, 257, 233, 527, 658, 483, 660, 878, 70, 315, 173, 271, 661, 98, 78, 704, 264, 309, 749, 1220, 519, 209, 479, 299, 214, 281, 434, 477, 123, 413, 317, 196, 944, 497, 258]","[322, 614, 538, 312, 268, 361, 891, 321, 182, 327, 688, 134, 677]"
943,"[57, 110, 10, 231, 807, 355, 185, 214, 209, 684, 11, 236, 470, 180, 183, 654, 95, 126, 1073, 225, 199, 187, 194, 26, 404, 942, 93, 280, 116, 580, 54, 53, 173, 720, 160, 22, 927, 97, 558, 67, 75, 484, 41, 63, 181, 217, 78, 507, 186, 474, 839, 171, 540, 232, 815, 281, 613, 150, 823, 99, 425, 1, 193, 30, 55, 545, 384, 23, 204, 21, 27, 731, 172, 238, 565, 430, 66, 200, 40, 91, 49, 366, 426, 402, 575, 716, 215, 762, 68, 525, 195, 671, 192, 469, 218, 738]","[569, 1066, 442, 594, 61, 1010, 548, 411, 372, 50, 793, 72, 422, 123, 1187, 420, 719, 449, 764, 120, 401, 1027, 121, 755, 317, 283, 608, 1227, 52, 96, 201, 398, 392, 405, 1043, 230, 203, 131, 624, 1329, 568, 226, 467, 233, 71, 79, 448, 830, 418, 721, 784, 228, 229, 723, 385, 227, 940, 216, 584, 184, 400, 167, 8, 37, 273, 567, 138, 824, 1046, 414, 795, 390]"
