user_id,movies_rated_gt_3,movies_rated_lte_3,random_movies_gt_3,random_movies_lte_3
0,"[61, 33, 160, 20, 202, 171, 265, 47, 222, 253, 113, 227, 90, 64, 228, 121, 114, 132, 134, 98, 186, 221, 84, 60, 177, 174, 82, 56, 80, 229, 235, 6, 206, 76, 72, 185, 96, 258, 81, 212, 151, 51, 175, 107, 209, 108, 12, 14, 44, 163, 210, 184, 157, 150, 183, 248, 208, 128, 242, 193, 236, 250, 91, 129, 241, 267, 86, 196, 39, 230, 23, 224, 65, 190, 100, 154, 214, 161, 170, 9, 246, 22, 187, 135, 68, 146, 176, 166, 89, 249, 269, 32, 270, 133, 239, 194, 256, 93, 234, 1, 197, 173, 75, 268, 144, 119, 181, 257, 109, 182, 223, 46, 169, 162, 66, 77, 199, 57, 50, 192, 178, 87, 238, 156, 106, 115, 137, 127, 16, 79, 45, 48, 25, 251, 195, 168, 123, 191, 203, 55, 42, 7, 43, 165, 198, 124, 95, 58, 216, 204, 3, 207, 19, 18, 59, 15, 111, 52, 88, 13, 28, 172, 152]","[189, 155, 117, 17, 92, 266, 74, 31, 70, 27, 260, 145, 159, 272, 140, 225, 120, 125, 215, 104, 49, 213, 233, 78, 143, 218, 259, 262, 97, 53, 201, 148, 112, 264, 219, 232, 252, 200, 180, 85, 10, 254, 130, 255, 103, 118, 54, 24, 164, 36, 73, 67, 226, 243, 62, 188, 102, 69, 38, 21, 179, 138, 247, 2, 30, 63, 141, 211, 40, 220, 8, 205, 105, 147, 99, 34, 271, 26, 158, 37, 136, 237, 131, 71, 41, 110, 5, 167, 11, 245, 35, 261, 153, 101, 4, 263, 139, 240, 149, 116, 217, 142, 126, 83, 231, 244, 29, 122, 94]","[66, 177, 194, 172, 107]","[31, 34, 103, 143, 247]"
1,"[292, 251, 50, 297, 13, 303, 257, 316, 301, 313, 279, 299, 277, 282, 111, 295, 242, 283, 276, 1, 14, 293, 310, 306, 25, 273, 311, 269, 255, 284, 237, 300, 100, 127, 285, 304, 272, 286, 275, 302]","[314, 290, 312, 281, 280, 308, 307, 315, 298, 19, 258, 305, 287, 291, 294, 309, 10, 274, 289, 278, 288, 296]","[286, 100, 293, 297, 257]","[294, 287, 258, 278, 288]"
2,"[331, 328, 318, 348, 327, 321, 260, 320, 342, 329, 181, 344, 347, 340, 346]","[335, 245, 337, 343, 323, 294, 332, 334, 350, 341, 300, 345, 299, 324, 351, 330, 307, 272, 354, 264, 349, 268, 288, 355, 258, 339, 303, 317, 338, 302, 322, 352, 271, 333, 326, 319, 325, 336, 353]","[329, 320, 348, 331, 346]","[341, 333, 317, 325, 332]"
3,"[303, 361, 357, 260, 294, 288, 50, 354, 271, 300, 258, 329, 11, 327, 324, 359, 362, 360, 301]","[264, 356, 328, 210, 358]","[300, 301, 329, 271, 359]","[328, 264, 210, 358, 356]"
4,"[17, 1, 211, 382, 62, 24, 423, 267, 222, 173, 436, 42, 422, 40, 153, 109, 227, 100, 385, 89, 433, 428, 435, 209, 391, 430, 135, 401, 443, 257, 186, 432, 194, 183, 29, 390, 101, 208, 50, 408, 95, 172, 70, 396, 204, 228, 235, 169, 121, 189, 446, 239, 455, 434, 181, 163, 233, 174]","[2, 439, 225, 110, 454, 424, 363, 98, 102, 376, 231, 377, 407, 394, 384, 445, 167, 426, 453, 403, 241, 234, 154, 139, 90, 94, 389, 411, 230, 388, 397, 444, 402, 143, 370, 176, 441, 69, 417, 79, 418, 429, 372, 421, 144, 243, 185, 393, 413, 400, 80, 219, 259, 457, 410, 369, 214, 364, 379, 381, 99, 21, 427, 451, 449, 226, 405, 25, 442, 229, 440, 378, 392, 399, 456, 168, 416, 162, 452, 395, 414, 437, 151, 415, 371, 398, 216, 420, 438, 387, 447, 250, 145, 409, 386, 450, 431, 374, 365, 406, 425, 66, 366, 367, 63, 412, 404, 383, 200, 380, 105, 210, 448, 419, 375, 373, 368]","[391, 89, 50, 29, 443]","[231, 370, 102, 429, 417]"
5,"[14, 98, 463, 517, 23, 492, 478, 469, 357, 275, 221, 211, 180, 500, 475, 509, 134, 525, 209, 19, 175, 523, 498, 213, 432, 515, 133, 481, 479, 487, 131, 528, 467, 136, 32, 135, 513, 484, 199, 183, 499, 197, 195, 488, 466, 483, 238, 81, 208, 486, 59, 124, 56, 521, 187, 511, 304, 506, 269, 87, 318, 534, 100, 480, 536, 494, 165, 419, 50, 520, 169, 461, 410, 522, 482, 529, 510, 493, 495, 501, 530, 485, 137, 64, 174, 505, 507, 516, 186, 512, 191, 274, 178, 408, 427, 435, 272, 166, 194, 514, 177, 12, 302, 71, 168, 185, 173, 502, 153, 89, 192, 527, 519, 491, 489, 127, 1, 242, 132, 462, 497, 474, 170, 223, 9, 531, 306, 496, 533, 216, 182, 8, 537, 490]","[86, 301, 258, 69, 508, 143, 294, 532, 477, 297, 95, 476, 154, 188, 156, 205, 70, 151, 28, 117, 15, 286, 125, 458, 193, 526, 459, 423, 470, 204, 518, 471, 248, 284, 189, 276, 524, 21, 200, 22, 246, 293, 503, 465, 504, 321, 47, 203, 259, 367, 13, 310, 473, 538, 405, 309, 303, 472, 79, 268, 308, 7, 317, 257, 425, 460, 298, 535, 340, 261, 468, 464, 285, 111, 237, 539, 202]","[490, 496, 493, 494, 195]","[125, 471, 204, 301, 154]"
6,"[32, 479, 455, 382, 163, 497, 492, 661, 648, 378, 200, 644, 451, 401, 81, 576, 228, 151, 581, 106, 528, 643, 582, 127, 196, 44, 559, 241, 28, 153, 420, 188, 680, 133, 93, 174, 182, 193, 614, 647, 621, 22, 300, 162, 526, 519, 633, 195, 92, 10, 485, 511, 654, 168, 285, 432, 89, 530, 657, 423, 156, 608, 226, 208, 618, 587, 172, 8, 203, 266, 637, 624, 177, 471, 450, 481, 385, 667, 210, 498, 183, 101, 504, 136, 435, 636, 431, 483, 461, 7, 484, 550, 154, 185, 562, 191, 683, 399, 589, 501, 207, 393, 542, 404, 630, 396, 205, 79, 131, 121, 659, 675, 548, 626, 645, 190, 264, 622, 428, 288, 72, 389, 334, 495, 520, 579, 223, 555, 496, 480, 307, 418, 653, 491, 53, 99, 565, 465, 584, 499, 617, 216, 97, 135, 192, 447, 612, 588, 660, 596, 98, 199, 175, 187, 574, 616, 558, 140, 100, 557, 27, 77, 56, 552, 600, 380, 258, 593, 178, 416, 507, 646, 665, 286, 613, 47, 64, 603, 157, 215, 237, 80, 679, 429, 134, 585, 194, 234, 403, 436, 527, 620, 503, 444, 631, 634, 641, 666, 204, 402, 668, 434, 523, 141, 670, 605, 452, 386, 238, 68, 510, 502, 4, 513, 655, 638, 601, 506, 433, 649, 474, 356, 214, 671, 568, 566, 186, 180, 9, 549, 615, 488, 610, 573, 379, 546, 443, 651, 71, 463, 96, 365, 179, 592, 39, 125, 663, 132, 427, 31, 69, 217, 318, 265, 275, 52, 632, 197, 144, 211, 569, 12, 509, 50, 357, 86, 317, 164, 561, 521, 173, 639, 152, 367]","[430, 543, 554, 472, 623, 662, 171, 674, 676, 580, 650, 560, 78, 268, 627, 642, 90, 269, 54, 489, 142, 281, 505, 570, 567, 82, 669, 232, 658, 181, 166, 139, 227, 599, 514, 673, 448, 564, 260, 273, 212, 126, 619, 563, 482, 681, 161, 259, 604, 176, 541, 553, 515, 118, 537, 219, 556, 91, 294, 231, 201, 611, 682, 529, 143, 678, 628, 229, 23, 583, 547, 449, 419, 656, 677, 609, 405, 391, 62, 29, 446, 571, 595, 572, 213, 590, 51, 324, 597, 440, 578, 591, 384, 487, 417, 540, 73, 551, 625, 545, 652, 230, 635, 575, 672, 202, 606, 594, 640, 387, 544, 145, 470, 25, 70, 602, 586, 577, 341, 629, 415, 664, 11, 421, 607, 309, 441, 198, 598]","[357, 172, 190, 431, 204]","[594, 229, 623, 472, 560]"
7,"[338, 22, 50, 182, 79, 89, 190, 301, 172, 511, 685, 144, 568, 56, 689, 183, 210, 258, 127, 188, 651, 176, 233, 518, 229, 228, 195, 684, 435, 174, 82, 241, 227, 177, 187, 181, 403, 510, 222, 55]","[550, 294, 457, 385, 686, 7, 687, 273, 341, 259, 96, 688, 11, 336, 431, 243, 358, 566, 260]","[56, 181, 518, 651, 222]","[7, 336, 259, 457, 294]"
9,"[16, 486, 611, 7, 100, 488, 285, 504, 289, 340, 505, 489, 657, 463, 655, 321, 48, 203, 218, 124, 283, 4, 22, 155, 656, 64, 615, 200, 223, 651, 711, 705, 696, 367, 509, 135, 498, 164, 191, 496, 385, 519, 156, 703, 99, 194, 588, 447, 418, 160, 176, 435, 706, 275, 371, 234, 168, 497, 475, 269, 493, 495, 195, 521, 183, 132, 420, 712, 186, 199, 710, 558, 483, 56, 603, 127, 133, 98, 1, 144, 698, 474, 82, 510, 216, 211, 531, 357, 162, 161, 50, 157, 302, 694, 606, 221, 432, 116, 334, 692, 480, 527, 274, 333, 33, 245, 404, 174, 129, 178, 11, 182, 134, 137, 205, 467, 511, 32, 513, 664, 530, 273, 693, 197, 69, 708, 170, 602, 582, 701, 185, 499, 276, 629, 478, 59, 192, 654, 709, 482, 414, 518, 617, 230, 470, 699, 589, 238, 502, 180, 70, 23, 700, 525, 153, 85, 40, 12, 286, 179, 479, 610, 707, 484, 686, 604, 93, 9]","[175, 461, 704, 294, 702, 695, 13, 652, 697, 462, 663, 529, 319, 60, 430, 198]","[100, 269, 274, 234, 12]","[462, 697, 529, 461, 319]"
10,"[111, 425, 740, 723, 741, 746, 714, 230, 312, 428, 429, 97, 203, 47, 402, 435, 736, 135, 268, 744, 9, 185, 652, 350, 100, 291, 663, 733, 752, 194, 277, 241, 524, 22, 713, 51, 191, 750, 70, 423, 433, 749, 659, 707, 56, 258, 745, 317, 692, 508, 79, 580, 357, 237, 286, 86, 544, 549, 731, 603, 15, 125, 332, 690, 527, 434, 208, 718, 699, 372, 318, 83, 28, 729, 737, 427, 8, 196, 301, 213, 356, 173, 393, 239, 107, 229]","[558, 732, 227, 38, 725, 110, 190, 660, 517, 561, 720, 120, 743, 734, 215, 90, 521, 204, 735, 751, 383, 721, 739, 722, 216, 597, 260, 395, 300, 710, 573, 109, 455, 175, 726, 40, 94, 730, 12, 168, 370, 274, 228, 259, 414, 716, 211, 577, 386, 654, 57, 405, 222, 69, 24, 238, 290, 742, 727, 728, 719, 180, 98, 39, 430, 662, 646, 717, 738, 715, 367, 29, 724, 123, 42, 25, 504, 526, 54, 748, 449, 176, 121, 401, 52, 58, 88, 431, 451, 399, 365, 382, 324, 11, 747]","[97, 357, 173, 83, 718]","[558, 121, 414, 25, 430]"
12,"[272, 98, 360, 215, 56, 186, 498, 229, 864, 809, 823, 72, 181, 868, 121, 59, 150, 766, 14, 493, 848, 144, 97, 167, 570, 685, 915, 226, 305, 178, 42, 180, 820, 509, 64, 428, 212, 168, 856, 319, 614, 263, 88, 315, 794, 302, 208, 814, 502, 161, 303, 612, 353, 190, 137, 517, 530, 48, 61, 467, 443, 118, 265, 514, 615, 720, 887, 124, 153, 154, 601, 705, 100, 71, 345, 501, 716, 317, 290, 694, 624, 270, 196, 472, 847, 652, 588, 276, 520, 483, 423, 482, 268, 402, 420, 805, 414, 519, 651, 874, 449, 604, 477, 516, 109, 524, 258, 234, 89, 23, 435, 550, 4, 96, 237, 770, 478, 523, 463, 99, 739, 313, 462, 768, 606, 663, 342, 686, 855, 679, 529, 316, 646, 347, 613, 909, 527, 843, 95, 292, 585, 712, 709, 170, 404, 654, 13, 621, 603, 484, 12, 518, 851, 233, 661, 433, 792, 791, 494, 193, 900, 177, 183, 733, 732, 427, 754, 850, 747, 194, 430, 867, 32, 204, 737, 492, 657, 736, 865, 656, 224, 33, 684, 22, 761, 815, 775, 655, 886, 896, 789, 279, 444, 797, 762, 87, 692, 510, 346, 199, 223, 160, 50, 473, 832, 264, 58, 602, 806, 675, 197, 227, 228, 748, 111, 751, 239, 491, 202, 750, 506, 69, 511, 152, 662, 62, 211, 310, 172, 917, 497, 566, 262, 127, 474, 691, 174, 49, 916, 826, 175, 132, 799, 810, 187, 504, 647, 863, 445, 549, 811, 362, 837, 60, 28, 280, 522, 135, 8, 285, 525, 793, 116, 182, 429, 188, 400, 166, 432]","[526, 836, 198, 344, 892, 901, 780, 418, 858, 147, 195, 807, 308, 396, 66, 354, 331, 320, 451, 289, 488, 476, 781, 338, 844, 567, 877, 480, 314, 548, 918, 273, 840, 94, 908, 300, 29, 508, 45, 755, 2, 830, 859, 625, 913, 312, 860, 540, 876, 90, 788, 782, 440, 831, 421, 409, 910, 318, 898, 764, 387, 894, 341, 452, 25, 632, 416, 437, 786, 334, 759, 888, 384, 243, 776, 907, 232, 861, 505, 21, 869, 784, 457, 40, 351, 73, 539, 854, 752, 857, 683, 269, 802, 890, 343, 301, 597, 808, 363, 391, 906, 230, 665, 261, 816, 219, 617, 546, 436, 281, 447, 885, 866, 271, 405, 610, 294, 659, 173, 735, 772, 812, 564, 875, 377, 340, 185, 217, 24, 673, 287, 27, 912, 201, 385, 852, 238, 783, 349, 333, 821, 682, 828, 787, 450, 839, 596, 589, 481, 431, 878, 678, 210, 11, 842, 379, 547, 757, 538, 669, 475, 889, 51, 329, 804, 838, 559, 563, 872, 216, 800, 824, 327, 672, 785, 83, 773, 200, 350, 829, 417, 796, 827, 884, 880, 155, 689, 554, 357, 191, 321, 401, 553, 883, 92, 419, 79, 674, 849, 339, 110, 68, 578, 1, 222, 790, 871, 801, 551, 795, 637, 138, 117, 311, 7, 441, 914, 833, 706, 879, 565, 442, 845, 688, 740, 328, 91, 241, 639, 394, 760, 846, 763, 355, 286, 413, 769, 5, 332, 403, 17, 128, 471, 299, 667, 638, 895, 179, 636, 86, 411, 568, 367, 650, 39, 818, 573, 670, 453, 410, 891, 231, 157, 306, 561, 631, 668, 576, 572, 163, 164, 635, 67, 448, 82, 881, 439, 873, 485, 205, 406, 348, 897, 37, 758, 398, 70, 586, 835, 771, 687, 630, 455, 307, 507, 371, 323, 382, 531, 817, 902, 690, 558, 274, 53, 862, 38, 903, 911, 569, 288, 158, 370, 722, 275, 777, 326, 746, 145, 853, 393, 322, 78, 424, 184, 619, 774, 235, 165, 749, 765, 819, 767, 779, 438, 209, 143, 242, 905, 176, 590, 798, 825, 899, 671, 358, 841, 803, 336, 813, 882, 778, 515, 9, 218, 870, 756, 260, 141, 541, 893, 629, 834, 822, 904, 446, 225]","[429, 152, 856, 160, 550]","[184, 485, 242, 567, 329]"
13,"[269, 213, 174, 709, 530, 474, 56, 792, 175, 514, 100, 455, 519, 151, 13, 408, 7, 211, 498, 181, 922, 509, 172, 603, 9, 275, 242, 204, 15, 42, 116, 517, 23, 168, 477, 655, 50, 492, 716, 283, 285, 12, 920, 921, 96, 238, 428, 210, 427, 32, 222, 288, 628, 124, 302, 923, 191, 81, 173, 507, 523, 473, 195, 430, 654, 919, 240, 186, 382, 276, 524, 588, 663, 525, 19]","[98, 357, 22, 111, 93, 313, 70, 14, 121, 813, 475, 202, 845, 176, 596, 18, 127, 319, 750, 820, 265, 762, 25]","[709, 276, 211, 15, 455]","[813, 475, 127, 319, 596]"
14,"[685, 301, 620, 137, 754, 864, 274, 9, 458, 476, 471, 937, 459, 744, 300, 308, 936, 306, 14, 269, 927, 255, 50, 15, 302, 866, 310, 257, 676, 181, 292, 690, 285, 111, 934, 220, 275, 125, 283]","[405, 749, 25, 331, 222, 473, 678, 932, 127, 20, 278, 742, 696, 924, 289, 508, 18, 286, 148, 244, 307, 7, 929, 889, 591, 1, 933, 411, 815, 926, 409, 303, 251, 455, 928, 13, 252, 333, 118, 280, 930, 243, 323, 282, 546, 248, 235, 879, 291, 935, 925, 931, 328, 237, 121, 249, 748, 297, 258, 823, 472, 938, 322, 845, 225]","[300, 255, 937, 9, 14]","[333, 411, 473, 678, 323]"
15,"[64, 705, 197, 55, 194, 8, 178, 209, 56, 191, 144, 942, 504, 92, 168, 70, 443, 655, 151, 657, 294, 22, 447, 230, 228, 96, 546, 692, 183, 164, 69, 418, 654, 160, 99, 479, 603, 693, 51, 318, 161, 300, 76, 182, 31, 156, 233, 28, 174, 606, 134, 602, 9, 482, 357, 629, 195, 496, 7, 467, 216, 143, 282, 502, 95, 404, 79, 4, 240, 11, 947, 498, 200, 510, 109, 237, 642, 234, 531, 385, 12, 427, 208, 1, 946, 58, 204, 227, 583, 98, 684, 945, 273, 180, 302, 158, 423, 661, 172, 71, 448, 15, 152, 87, 100, 199, 591, 732, 939, 202, 480, 135, 127, 410, 66, 39]","[944, 89, 155, 471, 288, 940, 735, 761, 27, 564, 284, 812, 948, 941, 770, 469, 509, 321, 476, 125, 286, 943, 33, 367]","[152, 156, 11, 194, 448]","[89, 367, 943, 941, 125]"
16,"[151, 1, 150, 137, 294, 919, 126, 7, 100, 475, 269, 276]","[13, 508, 9, 237, 245, 125, 744, 117, 286, 323, 471, 111, 243, 628, 221, 222]","[475, 100, 137, 1, 151]","[237, 243, 628, 125, 508]"
17,"[26, 86, 408, 182, 113, 496, 387, 965, 154, 58, 647, 214, 498, 209, 367, 699, 190, 530, 191, 971, 513, 14, 515, 286, 71, 12, 483, 180, 960, 179, 610, 276, 136, 526, 792, 57, 186, 463, 660, 955, 193, 169, 170, 509, 423, 485, 64, 99, 659, 275, 131, 497, 1, 97, 224, 126, 162, 70, 479, 13, 318, 609, 523, 432, 923, 514, 487, 527, 921, 663, 404, 6, 654, 65, 79, 60, 735, 416, 45, 287, 319, 520, 153, 211, 61, 430, 165, 519, 474, 9, 480, 639, 166, 132, 588, 435, 213, 504, 582, 478, 461, 98, 283, 805, 709, 95, 613, 285, 134, 238, 736, 414, 753, 549, 197, 482, 427, 23, 614, 489, 528, 189, 631, 223, 221, 269, 208, 492, 175, 963, 529, 956, 143, 22, 210, 59, 52, 716, 714, 216, 48, 137, 516, 242, 856, 100, 510, 958, 512, 8, 633, 524, 493, 174, 612, 212, 604, 15, 50, 142, 187, 381, 56, 83, 962, 133, 317, 116, 127, 724, 357]","[443, 950, 202, 729, 863, 494, 199, 607, 196, 954, 69, 488, 602, 630, 964, 82, 739, 462, 25, 89, 194, 181, 778, 732, 970, 195, 185, 215, 237, 188, 47, 428, 692, 968, 393, 629, 953, 19, 966, 451, 775, 135, 241, 794, 151, 152, 234, 705, 961, 762, 403, 845, 378, 476, 4, 168, 486, 951, 402, 91, 284, 949, 200, 972, 94, 707, 781, 425, 42, 177, 198, 973, 236, 66, 157, 125, 708, 649, 969, 627, 386, 747, 434, 411, 178, 704, 517, 702, 957, 737, 111, 204, 81, 603, 382, 392, 72, 419, 88, 418, 32, 172, 28, 959, 952, 967]","[13, 487, 99, 127, 639]","[152, 950, 627, 418, 111]"
18,"[4, 435, 153, 310, 258, 319, 887, 211, 325, 202, 8]","[655, 313, 692, 382, 201, 288, 210, 268, 294]","[325, 202, 310, 4, 258]","[288, 382, 268, 655, 692]"
19,"[118, 678, 742, 252, 568, 87, 588, 181, 934, 210, 174, 148, 274, 496, 633, 323, 22, 243, 82, 15]","[288, 208, 11, 176, 186, 172, 194, 405, 1, 69, 597, 931, 95, 121, 144, 98, 498, 866, 423, 94, 763, 820, 357, 151, 378, 143, 50, 204]","[243, 742, 568, 148, 82]","[820, 931, 498, 121, 151]"
20,"[558, 129, 447, 164, 324, 98, 184, 298, 218, 56, 219, 234, 325, 844, 875, 671, 326, 100, 448, 258, 452, 123, 17, 201, 675, 240, 436, 301, 854, 244, 443, 262, 993, 200, 7, 185, 637, 853, 656, 635, 15, 127, 330, 408, 9, 53, 273, 1]","[370, 222, 440, 948, 103, 299, 457, 596, 839, 590, 928, 742, 445, 295, 982, 439, 678, 424, 106, 288, 995, 670, 591, 569, 217, 974, 292, 774, 773, 820, 121, 758, 860, 565, 595, 687, 118, 441, 834, 859, 665, 717, 985, 977, 668, 696, 245, 930, 319, 328, 688, 473, 242, 294, 816, 291, 979, 148, 396, 741, 327, 931, 320, 706, 551, 767, 453, 263, 563, 567, 872, 680, 547, 322, 878, 300, 674, 669, 413, 976, 261, 748, 406, 281, 989, 760, 559, 243, 874, 925, 984, 988, 145, 289, 561, 981, 5, 992, 438, 573, 978, 817, 259, 564, 379, 983, 437, 50, 800, 444, 994, 975, 260, 358, 769, 628, 986, 980, 619, 990, 873, 264, 321, 877, 991, 672, 987, 286, 858, 876, 323]","[100, 262, 635, 326, 56]","[948, 281, 424, 358, 717]"
21,"[128, 80, 258, 510, 79, 511, 227, 173, 399, 186, 96, 117, 403, 999, 502, 435, 176, 222, 550, 393, 648, 118, 692, 226, 238, 455, 358, 208, 172, 230, 153, 154, 194, 195, 168, 204, 651, 187, 515, 85, 451, 840, 431, 202, 216, 184, 175, 24, 109, 523, 21, 201, 568, 181, 17, 144, 161, 712, 290, 430, 89, 228, 732, 4, 127, 62, 250, 50, 209, 526, 174, 385, 792, 68]","[377, 376, 241, 791, 433, 687, 456, 294, 780, 29, 683, 121, 948, 110, 386, 554, 407, 878, 997, 1001, 411, 871, 665, 53, 996, 932, 167, 862, 105, 231, 367, 449, 988, 1003, 211, 94, 636, 684, 229, 546, 163, 1002, 1000, 566, 2, 688, 384, 210, 926, 405, 998, 731, 265, 233]","[168, 118, 523, 230, 202]","[1001, 376, 932, 94, 780]"
22,"[385, 258, 463, 381, 172, 170, 404, 528, 511, 516, 83, 483, 228, 421, 177, 705, 99, 405, 504, 380, 427, 13, 209, 98, 518, 133, 222, 238, 512, 269, 189, 1, 527, 710, 50, 95, 408, 629, 175, 14, 124, 132, 275, 961, 588, 530, 100, 652, 283, 856, 433, 418, 7, 386, 203, 224, 185, 230, 79, 432, 91, 250, 174, 134, 19, 211, 131, 55, 8, 479, 194, 96, 541, 694, 713, 216, 153, 171, 522, 367, 195, 56, 59, 89, 116, 181, 603, 919, 173]","[323, 196, 1006, 213, 183, 215, 88, 90, 28, 188, 315, 257, 32, 419, 662, 229, 549, 1005, 739, 747, 71, 191, 143, 219, 546, 70, 357, 109, 597, 202, 294, 414, 82, 780, 151, 161, 472, 155, 145, 156, 204, 102, 214, 144, 217, 162, 655, 526, 62, 234, 235, 679, 1004, 154, 423, 451, 642, 449, 387, 176, 73, 227]","[222, 512, 194, 177, 269]","[82, 70, 62, 90, 144]"
23,"[64, 191, 763, 153, 427, 742, 372, 662, 508, 25, 477, 275, 178, 286, 258, 318, 56, 216, 100, 475, 9, 117, 127, 249, 300, 55, 238, 180, 69, 176, 729, 421, 8, 582, 11, 41, 173, 237, 357, 200, 79, 12, 92, 98, 71, 402, 655, 223, 7, 1007, 97, 518, 276, 151, 324]","[367, 129, 294, 109, 358, 486, 727, 289, 919, 288, 132, 699, 58]","[153, 421, 249, 64, 582]","[486, 699, 58, 129, 367]"
24,"[181, 357, 222, 257, 208, 25, 258, 615, 228, 729, 478, 174, 477, 742, 498, 455, 480, 269, 151, 189, 238, 50, 8, 169, 13, 427, 239, 114, 633, 275, 141, 479, 655, 474, 195, 265, 968, 186, 116, 568, 837, 131, 495, 463, 183, 604, 98, 23, 929, 430, 173, 1, 408, 419, 121, 134, 527, 204, 79, 612, 125, 7, 82, 692, 657, 86, 176]","[501, 127, 135, 520, 969, 197, 432, 143, 404, 133, 177]","[265, 82, 141, 612, 478]","[501, 135, 127, 969, 404]"
25,"[125, 15, 269, 9, 100, 127, 300, 129, 276, 750, 304, 246, 126, 181, 302, 1012, 50, 313, 751, 515, 936, 282, 288]","[258, 930, 1015, 685, 235, 25, 455, 1016, 257, 7, 286, 321, 864, 508, 343, 871, 315, 117, 237, 597, 292, 476, 255, 979, 410, 322, 333, 240, 150, 294, 13, 742, 1008, 926, 1009, 413, 1, 316, 151, 1014, 628, 831, 24, 14, 546, 405, 458, 118, 748, 222, 109, 1011, 121, 591, 111, 116, 456, 274, 148, 815, 840, 250, 249, 283, 252, 678, 841, 475, 369, 298, 271, 291, 284, 293, 760, 471, 1013, 328, 1010, 248, 323, 683, 845, 122]","[15, 276, 304, 269, 125]","[413, 683, 117, 293, 1015]"
26,"[298, 121, 370, 246, 515, 100, 9, 1017, 123]","[742, 596, 925, 281, 978, 475, 508, 295, 325, 50, 286, 244, 148, 118, 288, 930]","[515, 100, 298, 121, 9]","[118, 596, 325, 295, 286]"
27,"[209, 79, 98, 7, 380, 234, 50, 12, 895, 184, 282, 480, 100, 174, 143, 271, 228, 222, 568, 479, 646, 89, 223, 70, 436, 800, 258, 443, 11, 164, 670, 195, 56, 227, 176, 429, 117, 28, 288, 185, 573, 230, 96, 448, 31, 219, 567, 196, 529, 434]","[201, 217, 95, 173, 153, 441, 218, 294, 678, 145, 423, 450, 665, 859, 323, 200, 449, 609, 286, 760, 322, 332, 447, 229, 5, 672, 444, 588, 603]","[196, 28, 567, 143, 895]","[218, 450, 173, 153, 447]"
28,"[189, 332, 1018, 98, 259, 270, 269, 874, 302, 294, 286, 480, 661, 79, 182, 268, 12, 312, 1019, 180, 306, 657, 303]","[245, 539, 748, 689, 358, 678, 343, 300, 879, 264, 326]","[1018, 306, 874, 332, 98]","[245, 748, 678, 879, 358]"
29,"[435, 82, 181, 1007, 255, 286, 28, 294, 538, 531, 301, 7, 242, 258, 259, 304, 172, 892, 174, 315, 321, 313, 257, 161, 164, 135, 780, 69, 319]","[539, 289, 678, 688, 231, 1013, 2, 873, 50, 683, 252, 751, 403, 29]","[538, 780, 161, 286, 531]","[873, 2, 678, 1013, 751]"
30,"[484, 302, 135, 705, 504, 498, 493, 321, 514, 124, 32, 175, 490, 875, 319, 299, 136, 262, 271, 811, 153, 519, 1022, 1019, 611, 192]","[886, 682, 79, 340, 268, 328, 1021, 1020, 303, 306]","[484, 611, 875, 498, 175]","[1021, 340, 303, 1020, 79]"
31,"[1012, 249, 276, 250, 246, 257, 508, 288, 475, 248, 313, 405, 298, 268, 7, 628, 50, 181]","[294, 290, 151, 591, 117, 100, 118, 122, 866, 1016, 245, 235, 259, 222, 240, 1023, 271, 9, 742, 307, 111, 455, 408]","[7, 313, 1012, 405, 268]","[245, 259, 866, 118, 222]"
32,"[328, 343, 258, 313, 292, 333, 751, 682, 678, 260, 348, 323, 271, 329, 288, 300]","[872, 307, 895, 245, 294, 879, 339, 880]","[678, 343, 288, 323, 258]","[895, 879, 339, 872, 880]"
34,"[259, 680, 332, 879, 937, 333, 748, 300]","[243, 1025, 242, 877, 322, 261, 881, 678, 358, 328, 258, 876, 327, 326, 264, 266, 321]","[680, 937, 879, 259, 300]","[321, 881, 258, 877, 322]"
35,"[339, 748, 307, 883, 882, 885, 310, 358, 333, 288, 1026, 878, 261]","[319, 682, 269, 268, 289, 875, 873]","[261, 310, 288, 339, 307]","[873, 289, 269, 268, 319]"
36,"[288, 403, 117, 183, 56, 79, 24, 161, 22, 597, 195, 11, 176, 948, 265, 68, 89, 550, 27, 127, 92, 174, 566, 50, 96, 385, 405, 172, 833, 230, 210, 7, 233, 226, 62]","[540, 55, 685, 222, 363, 665, 82, 273, 825, 147, 118, 231, 546, 841, 827, 930, 1027, 578, 831, 472, 568, 121]","[233, 265, 833, 230, 172]","[578, 825, 472, 363, 827]"
37,"[95, 328, 153, 161, 679, 465, 216, 1030, 384, 423, 392, 780, 99, 720, 67, 389, 393, 225, 1014, 71, 404, 94, 1, 118, 82, 252, 916, 140, 419, 28, 22, 88, 234, 112, 200, 69, 681, 742, 84, 70, 97, 402, 588, 1033, 1035, 247, 313, 1036, 418, 405, 452, 155, 409, 1031, 78, 144, 501, 288, 326, 294, 1028, 1016, 35, 451, 673, 433, 1032, 162, 1037, 768, 627, 678, 447, 420]","[758, 573, 139, 432, 672, 838, 508, 403, 122, 318, 444, 616, 450, 383, 218, 257, 145, 211, 79, 226, 1034, 550, 133, 424, 526, 445, 127, 188, 105, 356, 395, 259, 590, 202, 401, 411, 717, 400, 410, 243, 637, 406, 940, 185, 1029, 413, 195]","[22, 392, 35, 389, 916]","[616, 400, 318, 526, 226]"
38,"[315, 352, 258, 333, 347, 313, 937, 270, 269, 748, 294, 288, 302, 319]","[900, 345, 306, 300, 307, 272, 339, 301]","[269, 319, 352, 347, 288]","[900, 307, 339, 300, 272]"
39,"[268, 754, 303, 333, 345, 294, 337, 305, 896, 321, 242]","[880, 258, 340, 271, 243, 347, 750, 269, 286, 245, 879, 270, 316, 272, 310, 876, 259, 328, 300, 358, 1038, 343, 346, 302]","[333, 268, 337, 305, 345]","[340, 880, 259, 271, 258]"
40,"[28, 486, 751, 170, 98, 69, 100, 174, 153, 1, 209, 181, 286, 474, 318, 175, 195, 414, 188, 516, 430, 168, 357, 238, 56, 96, 152, 180, 969, 173, 156, 514, 50, 191, 205, 135]","[265, 31, 313, 746, 435, 423, 518, 289, 196, 202, 216, 97, 58, 276, 1039, 194]","[28, 98, 238, 414, 69]","[276, 196, 58, 31, 518]"
41,"[423, 96, 274, 588, 1028, 98, 685, 195, 185, 69, 684, 603, 1041, 121, 143, 48, 999, 102, 210, 785, 405, 845, 781, 380, 357, 204, 404, 142, 692, 99, 1051, 222, 925, 568, 211, 12, 82, 88, 28, 939, 418, 1044, 736, 183, 79, 234, 280, 732, 196, 172, 194, 496, 215, 742, 566, 63, 118, 479, 216, 95, 230, 77, 866, 1, 371, 1047, 427, 15, 469, 229, 173, 83, 385, 228, 54, 756, 720, 934, 58, 125, 161, 202, 471, 237, 501, 402, 419, 66, 203, 135, 64, 468, 239, 523, 227, 294, 369, 151, 318, 50, 71, 941, 969, 132, 181, 174, 73, 2, 755, 282, 136, 735, 411, 87, 591]","[403, 794, 546, 44, 625, 953, 176, 606, 456, 506, 746, 70, 1043, 521, 131, 281, 451, 25, 265, 367, 1040, 409, 428, 1045, 834, 432, 977, 72, 1049, 410, 413, 276, 387, 290, 679, 729, 1042, 443, 582, 43, 175, 219, 924, 627, 283, 462, 38, 926, 467, 284, 273, 491, 660, 1046, 97, 559, 86, 655, 595, 1048, 826, 111, 1050, 141, 168, 658, 433, 103]","[135, 274, 781, 2, 229]","[826, 625, 1040, 1048, 25]"
42,"[137, 815, 120, 203, 5, 204, 151, 52, 64, 66, 284, 26, 553, 114, 328, 286, 498, 15, 382, 403, 7, 216, 724, 371, 241, 117, 298, 501, 300, 336, 423, 318, 289, 866, 316, 847, 315, 648, 118, 393, 486, 161, 275, 50, 1, 49, 516, 946, 531, 252, 966, 210, 405, 98, 705, 153, 95, 402, 191, 684, 181, 568, 11, 692, 272, 173, 285, 215, 56, 732, 879, 155, 237, 71, 302, 211, 88, 742, 385, 290, 496, 189, 25, 82, 313, 111, 269, 408, 1035, 97, 231, 196, 479, 140, 133, 86, 735, 778, 172, 660, 79, 9, 276, 312, 588, 482, 969, 28, 301, 174, 12, 491, 747, 294, 168, 248, 8, 418, 69, 699, 367, 121, 625, 258, 729, 354, 222, 124, 169, 70, 546, 208, 257, 100, 127, 102, 845, 4, 274, 144, 73, 143, 731, 202, 591]","[14, 323, 40, 1057, 631, 820, 944, 235, 931, 225, 1053, 238, 993, 597, 54, 321, 47, 596, 792, 63, 432, 17, 951, 91, 956, 175, 751, 271, 471, 409, 628, 77, 950, 51, 278, 283, 1054, 291, 756, 939, 1047, 1023, 217, 1048, 347, 3, 317, 559, 280, 785, 1056, 686, 250, 781, 1052, 566, 473, 550, 186, 539, 581, 131, 411, 926, 58, 122, 542, 755, 421, 277, 1055, 580, 226, 254, 892, 123]","[153, 367, 69, 49, 286]","[939, 123, 291, 1056, 421]"
43,"[195, 294, 660, 449, 443, 258, 15, 240, 95, 208, 250, 120, 123, 530, 174, 257, 603, 202, 153, 55, 228, 238, 317, 82, 227, 168, 185, 9, 209, 148, 1058, 5, 474, 434, 191, 588, 164, 214, 96, 433, 357, 204, 274, 147, 245, 176, 161, 143, 1, 591, 200, 135, 132, 380, 100, 249, 81, 429, 69, 313, 121, 211, 423, 89, 260, 196, 99, 64, 163, 496, 7, 222, 197, 144, 636, 480, 447, 133, 194, 50, 520, 157, 328, 87, 419, 523, 172, 22, 318, 175, 173, 151, 432, 190, 181, 31, 183, 198, 307]","[644, 507, 230, 56, 665, 88, 11, 155, 542, 106, 755, 237, 252, 717, 118, 91, 385, 378, 216, 193, 470, 21, 412, 229, 946, 98, 159, 25, 448, 24, 678, 71, 231, 450, 737, 871, 405, 90, 655, 631, 67, 298, 102, 553, 427, 109, 756, 625, 201, 633, 97, 692]","[432, 147, 9, 172, 1]","[542, 201, 193, 553, 427]"
44,"[25, 109, 118, 127, 121, 276, 15, 100, 237, 952, 1, 108, 823, 225, 762, 820, 50, 13, 257, 282, 111, 742, 284, 845, 181, 764, 993]","[763, 473, 472, 1061, 476, 21, 1060, 934, 756, 596, 411, 288, 597, 1059, 1001, 7, 151, 926, 278, 24, 826]","[952, 25, 276, 121, 845]","[926, 24, 151, 411, 476]"
45,"[690, 333, 1062, 127, 313, 328, 151, 181, 1024, 327, 7, 909, 125, 50, 100, 305, 332, 93, 748, 286, 262]","[307, 288, 538, 294, 245, 300]","[332, 333, 328, 100, 286]","[307, 300, 294, 245, 288]"
46,"[340, 321, 302, 292, 268, 306, 327, 269, 258, 289, 301, 307, 303, 305, 262]","[324, 995, 323, 683, 288, 874, 322, 304, 286, 1022]","[268, 292, 302, 258, 262]","[874, 1022, 324, 683, 304]"
47,"[609, 174, 259, 690, 308, 603, 661, 187, 50, 654, 202, 423, 511, 306, 170, 427, 195, 132, 172, 656, 181, 647, 483, 480, 1064, 496, 528, 183, 523, 185, 209, 191, 98, 479, 527, 136, 194, 357, 529, 215, 302, 428]","[680, 309, 210, 522, 988, 266, 433, 28, 286, 71, 228, 425, 1065, 519, 294, 269, 289, 56, 524, 323, 1063, 243, 650, 193]","[423, 132, 302, 136, 195]","[286, 269, 680, 309, 1065]"
48,"[302, 47, 547, 7, 334, 741, 238, 53, 168, 56, 628, 151, 116, 657, 514, 588, 175, 185, 55, 518, 386, 346, 583, 100, 179, 91, 1080, 420, 42, 433, 419, 262, 98, 1021, 57, 324, 171, 428, 396, 287, 320, 432, 93, 372, 919, 209, 1077, 652, 289, 789, 99, 208, 256, 1073, 12, 154, 475]","[559, 959, 1003, 995, 68, 625, 581, 38, 17, 49, 148, 758, 473, 102, 695, 10, 926, 546, 531, 312, 1, 173, 569, 732, 117, 72, 721, 40, 369, 313, 213, 590, 129, 3, 258, 418, 347, 821, 325, 299, 476, 202, 122, 594, 52, 101, 143, 1078, 406, 231, 290, 1009, 713, 508, 737, 1076, 462, 423, 542, 111, 95, 123, 401, 343, 774, 172, 1082, 11, 1068, 931, 204, 385, 878, 108, 294, 39, 998, 70, 738, 1070, 413, 268, 219, 1066, 218, 561, 1028, 928, 145, 82, 627, 382, 159, 1018, 1072, 80, 692, 13, 946, 640, 90, 698, 96, 557, 1083, 50, 71, 1071, 403, 1067, 217, 270, 358, 501, 1079, 1074, 25, 240, 997, 1081, 77, 181, 85, 1036, 239, 182, 8, 161, 1075, 725, 328, 1017, 455, 465, 54, 820, 4, 62, 717, 367, 301, 147, 577, 200, 283, 702, 174, 477, 225, 904, 715, 235, 404, 1069, 300, 813, 121, 2]","[324, 583, 432, 91, 652]","[2, 3, 39, 702, 25]"
49,"[253, 475, 1084, 9, 123, 508, 288, 319, 324, 1008, 1010, 268, 544, 547]","[246, 823, 286, 125, 325, 276, 15, 327, 124, 100]","[319, 324, 253, 475, 1010]","[327, 246, 100, 125, 276]"
50,"[132, 64, 496, 83, 203, 173, 210, 136, 144, 172, 50, 181]","[182, 148, 679, 485, 603, 479, 184, 655, 134, 692, 705]","[136, 172, 203, 496, 173]","[705, 182, 134, 148, 485]"
51,"[95, 1086, 1009, 748, 498, 405, 116, 657, 287, 531, 15, 845, 427, 93, 275, 742, 475, 471, 22, 121, 117, 204, 588, 237, 13, 151, 815, 111, 19, 1011, 126, 285, 258, 527, 463, 473, 741, 318, 25, 107, 919, 100, 302, 1085, 333, 282, 277, 191, 7]","[280, 250, 257, 235, 864, 762, 288]","[473, 237, 117, 919, 19]","[235, 864, 762, 280, 257]"
52,"[281, 174, 100, 181, 199, 258, 121, 64, 568, 118, 546, 96, 628, 1087, 257, 151, 25, 50, 156, 15]","[24, 845, 924, 228, 250, 748, 7, 284]","[100, 15, 121, 25, 257]","[845, 284, 7, 250, 748]"
53,"[742, 302, 676, 298, 268, 313, 276, 327, 333, 1016, 121, 237, 147, 257, 127, 273, 748, 258, 260, 741, 871, 411, 50, 475, 118, 272, 340, 7, 25, 471, 1, 181, 288, 328, 307, 100, 346, 117, 240, 245, 250, 405]","[106, 595, 685, 820, 325, 1012, 406, 597, 827, 1088, 829, 24, 291, 930, 295, 546, 255, 338, 151, 252, 634, 823, 148]","[245, 340, 676, 50, 257]","[823, 820, 1088, 255, 325]"
54,"[144, 56, 89, 273, 181, 118, 79, 22, 50, 174]","[1089, 1016, 678, 254, 685, 405, 257, 597, 117, 121, 7]","[89, 79, 56, 174, 181]","[7, 117, 254, 1016, 597]"
55,"[121, 71, 449, 1047, 91, 222, 447, 184, 172, 797, 69, 215, 230, 194, 174, 239, 79, 568, 426, 1, 31, 98, 82, 94, 118, 219, 95, 692, 181, 96, 73, 746, 56, 189, 815, 433, 195, 201, 216, 294, 202, 769, 588, 70, 392, 432, 44, 747, 258, 25, 169, 554, 7, 164, 402, 64, 151, 781, 483, 403, 423, 183, 200, 550, 399, 234, 210, 232, 1035, 117, 191, 11, 173, 408, 523, 946, 778, 176, 226, 42, 655, 265, 153, 443, 373, 144, 89, 385, 204, 22, 732, 596, 300, 87, 62, 1028, 237, 421, 441, 280, 410, 50, 114, 161, 559, 678, 238, 298, 636, 193, 393, 405, 28, 748]","[755, 546, 869, 450, 196, 235, 585, 68, 29, 597, 63, 1090, 143, 368, 228, 623, 186, 179, 51, 391, 383, 435, 761, 231, 738, 38, 1036, 849, 993, 122, 715, 451, 168, 90, 735, 1092, 728, 77, 372, 720, 158, 376, 88, 862, 794, 111, 78, 820, 323, 386, 67, 154, 97, 1057, 53, 395, 473, 969, 501, 227, 233, 229, 578, 167, 225, 930, 1091, 281, 1074, 295, 871, 66, 575]","[11, 746, 98, 432, 523]","[794, 376, 715, 225, 585]"
56,"[304, 79, 28, 204, 1047, 409, 744, 588, 294, 282, 173, 237, 7, 248, 411, 100, 281, 222, 199, 321, 111, 245, 833, 64, 763, 249, 318, 748, 109, 181, 405, 546, 295, 8, 42, 496, 288, 258, 471, 194, 117, 845, 988, 477, 15, 50, 1016, 1, 257, 717, 121]","[419, 682, 243, 760, 756, 926, 831, 864, 250, 1059, 825, 252, 1093, 56, 866, 410, 1028, 1094, 975, 844, 1071, 151, 1011, 476, 1095, 264, 225, 271, 597, 456, 932, 298, 125, 11, 24, 126, 1096, 820, 871, 284, 710, 826, 1073, 105, 472, 240, 678, 473, 1001, 475, 930, 323, 195, 168, 144]","[258, 109, 988, 288, 28]","[866, 678, 1011, 298, 1095]"
57,"[144, 1098, 9, 173, 709, 100, 268, 109, 284, 960, 272, 45, 475, 42, 1097, 222, 248, 8, 850, 340, 1106, 156, 237, 246, 425, 568, 813, 204, 182, 240, 275, 654, 64, 1019, 61, 228, 684, 490, 381, 257, 923, 50, 483, 150, 955, 123, 558, 195, 1103, 311, 408, 32, 176, 124, 11, 645, 433, 514, 300, 1101, 310, 652, 171, 172, 175, 70, 209, 116, 640, 1012, 269, 474, 127, 12, 511, 255, 25, 213, 651, 135, 249, 655, 98, 199, 462, 603, 1084, 773, 367, 210, 169, 153, 313, 111, 1070, 137, 1, 174, 134, 203, 491, 191, 56, 730, 223, 7, 168, 584, 238]","[1099, 214, 1100, 347, 663, 480, 20, 1104, 193, 1069, 283, 950, 546, 69, 1102, 198, 318, 216, 13, 89, 120, 194, 496, 692, 501, 185, 741, 1105, 463, 732, 512, 189, 1089, 1048, 1006, 497, 151, 181, 405, 1063, 121, 1008, 354, 823, 200]","[433, 191, 246, 203, 32]","[405, 318, 69, 1069, 1006]"
58,"[196, 23, 715, 92, 323, 177, 77, 54, 1107, 429, 583, 550, 215, 433, 496, 12, 170, 287, 855, 663, 702, 238, 1117, 121, 549, 13, 47, 10, 132, 318, 381, 559, 230, 127, 421, 385, 724, 241, 14, 664, 1009, 972, 569, 7, 100, 208, 928, 126, 134, 188, 48, 570, 25, 65, 382, 175, 141, 516, 739, 709, 660, 562, 1065, 568, 1113, 195, 735, 448, 169, 202, 131, 45, 823, 825, 490, 118, 431, 527, 640, 846, 506, 708, 428, 1110, 729, 528, 447, 186, 172, 82, 18, 109, 98, 200, 39, 367, 218, 521, 699, 50, 203, 209, 101, 427, 582, 764, 204, 513, 183, 566, 511, 173, 64, 670, 1005, 845, 83, 963, 51, 919, 435, 56, 201, 9, 276, 781, 216, 59, 606, 22, 1021, 99, 3, 615, 55, 357, 483, 770, 210, 675, 642, 111, 713, 443, 647, 432, 423, 508, 52, 176, 489, 149, 1119, 673, 135, 741, 462, 403, 11, 181, 174, 762, 168, 514, 61, 234, 651, 610, 975, 484, 498, 211, 226, 747, 436, 529, 79, 1101, 147, 650, 44, 58, 137, 288, 581, 746, 649, 491, 87, 654, 618, 657, 199, 523, 755, 184, 479, 97, 106, 503, 474, 672, 313, 679, 180, 789, 185, 616, 371, 198, 1048, 212, 584, 430, 191, 736, 458, 321, 900, 402, 179, 197, 1111, 622, 96, 510, 705, 187, 190, 277, 504, 32, 591, 792, 644, 425, 228, 15, 466, 655, 480, 451, 151, 89, 69, 265, 182, 603, 219, 42, 30, 60, 620, 515, 1074, 434, 1093, 193, 519, 959, 24, 285, 492, 567, 526, 81, 116, 658, 608, 73, 505, 507, 53, 28, 129, 4, 517, 91, 953, 1114]","[468, 951, 742, 485, 235, 418, 387, 148, 710, 286, 604, 470, 588, 70, 931, 405, 1109, 488, 1116, 871, 258, 229, 760, 1047, 926, 102, 501, 125, 136, 659, 692, 611, 974, 473, 609, 717, 597, 95, 140, 419, 1028, 476, 547, 1108, 866, 71, 1118, 142, 625, 274, 564, 33, 732, 227, 707, 756, 612, 404, 205, 232, 123, 284, 161, 416, 1050, 194, 410, 477, 220, 393, 595, 1, 237, 1115, 465, 774, 369, 684, 240, 133, 687, 633, 662, 290, 472, 525, 1112, 524, 929, 68, 380, 946, 90, 969, 727, 143, 1120, 392, 86, 243, 602, 273]","[434, 64, 427, 7, 277]","[142, 393, 161, 710, 488]"
59,"[427, 60, 430, 162, 208, 1021, 525, 222, 604, 47, 1020, 79, 699, 179, 474, 508, 178, 172, 183, 490, 810, 152, 151, 28, 514, 1126, 485, 498, 1124, 633, 272, 671, 176, 194, 502, 729, 489, 186, 480, 660, 493, 98, 218, 420, 163, 61, 88, 511, 673, 523, 132, 492, 613, 180, 216, 659, 197, 638, 13, 200, 161, 558, 507, 64, 505, 416, 234, 56, 606, 417, 77, 529, 199, 1123, 443, 842, 524, 593, 366, 661, 181, 121, 144, 195, 385, 665, 210, 510, 174, 357, 494, 735, 435, 608, 173, 433, 405, 835, 59, 582, 95, 736, 229, 506, 160, 212, 168, 515, 491, 12, 166, 637, 73, 30, 185, 528, 602, 327, 650, 205, 265, 641, 429, 546, 275, 50, 799, 211, 705, 69, 230, 482, 434, 675, 227, 684, 7, 204, 215, 9, 393, 136, 745, 70, 378, 755, 286, 513, 1125, 1060, 708, 615, 445, 479, 89, 617, 96, 131, 209, 23, 656, 134, 517, 484, 237, 654, 496, 1122, 133, 175, 603, 423, 519, 592, 483, 228, 15, 601, 135]","[403, 616, 751, 71, 207, 82, 605, 143, 21, 495, 499, 138, 478, 618, 1121, 97, 128, 8, 1050, 153, 418, 609, 404, 629, 411, 225, 501, 141, 419]","[197, 835, 30, 218, 161]","[141, 153, 138, 618, 605]"
60,"[328, 1127, 347, 304, 258, 300, 310]","[678, 323, 690, 342, 331, 243, 327, 748, 333, 271, 269, 751, 294, 301]","[310, 304, 300, 328, 347]","[748, 327, 751, 243, 333]"
61,"[498, 65, 712, 12, 1016, 182, 59, 433, 132, 114, 258, 1073, 24, 464, 4, 135, 716, 473, 421, 96, 527, 8, 89, 856, 153, 298, 306, 100, 955, 183, 173, 179, 121, 209, 235, 697, 475, 508, 318, 213, 176, 180, 664, 1074, 125, 660, 181, 20, 164, 216, 168, 14, 162, 55, 47, 9, 250, 273, 56, 875, 50, 512, 1009, 91, 238, 174, 283, 222, 83, 195, 98, 651, 403, 959, 196, 483, 357, 199, 582, 380, 463, 521, 1129, 949, 699, 127, 13, 81, 71, 210, 474, 652, 69, 82, 1130, 171, 190, 511, 134, 172, 22, 1133, 546, 509, 76, 7, 275, 117, 285, 276, 191, 528, 151, 64]","[257, 382, 21, 68, 665, 86, 302, 288, 111, 365, 138, 401, 443, 1118, 559, 28, 157, 281, 702, 685, 1107, 827, 294, 1060, 1136, 774, 78, 1128, 33, 147, 155, 118, 232, 225, 845, 815, 249, 1131, 227, 742, 286, 423, 448, 541, 328, 1012, 3, 514, 462, 229, 270, 228, 763, 921, 710, 188, 866, 230, 431, 252, 605, 744, 241, 554, 70, 655, 1, 436, 715, 729, 472, 1134, 1091, 44, 1132, 1018, 97, 290, 170, 53, 129, 568, 387, 159, 62, 405, 128, 723, 597, 569, 402, 1077, 144, 245, 1135, 676, 708, 952, 271, 704, 1028, 455, 466, 451, 739, 204, 237, 217, 207, 167, 72, 673, 931, 116, 747, 15, 215, 924]","[47, 56, 174, 172, 273]","[1131, 431, 931, 271, 655]"
62,"[277, 100, 1007, 50, 150, 109, 251, 301, 250, 13, 300, 408, 508, 116, 1137, 1009, 255, 475, 333, 405, 224, 286, 25, 813, 748, 276, 14, 262, 137, 283, 10]","[242, 1067, 289, 762, 20, 1028, 222, 841, 237, 246, 948, 6, 111, 288, 323, 1008, 1011, 678, 952, 412, 979, 106, 328, 268, 924, 306, 225, 126, 929, 258, 108, 15, 1012, 741, 676, 546, 591, 282, 828, 302, 1010, 325, 480, 713, 596, 473, 284, 287, 1, 321, 79, 1138, 259, 3, 269, 257, 285, 322, 993, 294, 181, 121]","[283, 109, 1007, 405, 262]","[741, 993, 302, 1067, 282]"
63,"[381, 736, 516, 160, 176, 684, 778, 527, 187, 515, 959, 1133, 100, 705, 211, 429, 222, 8, 56, 173, 181, 284, 636, 318, 447, 7, 216, 582, 229, 202, 64, 238, 9, 1141, 367, 156, 215, 746, 633, 1, 662, 69, 72, 95, 96, 12, 199, 175, 403, 70, 385, 230, 154, 157, 168, 81, 209, 313, 143, 265, 50, 22, 568, 11, 310, 475, 511, 436, 431, 191, 182, 179, 183, 203, 269, 195, 237, 588, 425, 196, 423, 190, 520, 188, 135, 340, 194, 434, 91, 288, 235, 185, 31, 98, 141, 228, 127, 186, 111, 132, 87, 79, 655, 28, 718, 174, 48, 234, 463, 591, 275, 389, 10, 172, 919, 435, 496, 732, 651, 503, 184]","[392, 1063, 433, 93, 333, 77, 2, 231, 239, 731, 83, 420, 240, 898, 38, 1139, 217, 151, 161, 879, 17, 71, 663, 212, 476, 566, 58, 451, 509, 539, 62, 214, 232, 311, 4, 52, 125, 300, 405, 847, 32, 97, 162, 768, 603, 82, 227, 679, 748, 569, 218, 969, 144, 121, 1140, 210, 652, 546, 531, 101, 384, 273, 650, 559, 419, 153, 89, 271, 751, 625, 326, 480, 258, 1065, 356, 241, 693, 347, 197]","[234, 389, 527, 568, 31]","[232, 217, 509, 210, 300]"
64,"[806, 125, 1142, 196, 202, 676, 97, 1129, 121, 427, 191, 197, 210, 318, 135, 661, 526, 328, 239, 48, 211, 736, 435, 429, 216, 378, 956, 393, 50, 660, 185, 294, 168, 651, 514, 778, 28, 735, 88, 15, 423, 215, 73, 98, 402, 87, 655, 511, 531, 356, 64, 25, 111, 237, 471, 77, 194, 9, 392, 178]","[47, 100, 56, 70, 173, 582, 7, 65, 365, 255, 258, 63, 238, 179, 476, 69, 1044, 1, 1041, 66]","[531, 392, 125, 28, 64]","[56, 476, 65, 258, 7]"
65,"[298, 258, 181, 249, 471, 280, 742, 288, 281, 741, 127, 248, 508, 50, 294, 237, 763, 535, 9, 300]","[877, 1, 7, 117, 597, 15, 475, 21, 24, 405, 121, 295, 286, 825, 284, 282, 257, 1016]","[742, 300, 9, 294, 280]","[117, 1, 24, 825, 475]"
66,"[64, 1095, 240, 405, 121, 1093, 151, 743, 276, 472, 7, 833, 123, 25, 24, 105, 125, 273, 117]","[147, 1, 827, 122, 871, 546, 1052, 235, 412, 756, 1047]","[25, 125, 405, 117, 123]","[1, 871, 122, 1047, 1052]"
67,"[117, 237, 178, 1028, 288, 50, 258, 286, 475, 25, 275, 9, 276, 127, 181]","[742, 7, 118, 411, 405, 245, 1047, 282, 471, 125, 458, 409, 111, 121, 1089, 596, 763, 713, 926]","[275, 1028, 475, 9, 258]","[125, 713, 458, 926, 596]"
68,"[256, 268, 174, 12, 258, 56, 1017, 1134, 9, 48, 1143, 151, 150, 100, 321, 508, 123, 1142, 42, 886, 246, 181, 236, 98, 50, 265, 7, 298, 289, 182, 1144, 234, 197, 302, 124, 117, 288, 172, 79]","[240, 427, 300, 175, 109, 689, 591, 748, 333, 129, 147, 235, 763, 282, 475, 245, 273, 307, 742, 294, 237, 879, 1016, 334, 222, 628]","[9, 182, 508, 123, 56]","[237, 591, 300, 333, 748]"
69,"[217, 399, 419, 82, 210, 50, 423, 202, 265, 152, 751, 176, 527, 228, 298, 1065, 588, 128, 48, 89, 169, 197, 189, 482, 185, 96, 511, 69, 193, 186, 181, 496, 403, 483, 24, 8, 300, 83, 313, 393, 168, 183, 95, 132, 208, 230, 99, 173, 28, 404, 264, 501, 135, 174, 408, 143, 88, 507, 222, 451, 655, 343, 257, 79, 1, 172]","[746, 431, 1133, 584, 417, 71, 151, 260, 546, 472, 383, 211, 398, 1035, 542, 121, 139, 432, 109, 338, 762, 206, 191, 625, 175, 405, 150, 214, 161, 1146, 576, 231, 450, 554, 204, 568, 411, 429, 225, 597, 142, 289, 101, 538, 15, 755, 63, 229, 473, 820, 684, 596, 678, 91, 559, 1145, 739, 993, 449, 946, 418, 1030, 227, 380, 94]","[298, 24, 181, 174, 83]","[432, 1133, 554, 625, 820]"
70,"[89, 346, 462, 475, 56, 923, 276, 65, 135, 64, 257, 175, 197, 357, 14, 429, 744, 514, 286, 52, 168, 153, 98, 100]","[134, 285, 222, 289, 151, 50, 154, 248, 181, 282, 174, 177, 302, 6]","[64, 257, 100, 56, 429]","[285, 302, 6, 222, 177]"
71,"[195, 48, 182, 866, 568, 234, 196, 28, 427, 530, 528, 226, 129, 527, 79, 382, 204, 603, 64, 566, 45, 12, 70, 515, 435, 210, 124, 644, 520, 265, 509, 504, 356, 423, 127, 177, 480, 100, 581, 96, 357, 161, 484, 180, 479, 87, 550, 135, 117, 51, 318, 147, 134, 525, 212, 582, 15, 9, 628, 194, 241, 655, 77, 591, 174, 476, 98, 25, 97, 521, 187, 471, 685, 56, 1147, 5, 466, 69, 402, 972, 233, 553, 684, 191, 526, 493, 188, 654, 642, 1148, 1051, 518, 58, 708, 1, 198, 215, 197, 106, 770, 23, 844, 649]","[679, 1110, 54, 699, 89, 176, 82, 68, 181, 203, 121, 172, 230, 38, 7, 443, 229, 118, 664, 220, 228, 2, 405, 170, 461, 792, 647, 380, 222, 50, 271, 237, 81, 403]","[526, 509, 866, 195, 212]","[81, 222, 792, 2, 38]"
72,"[480, 657, 56, 357, 12, 475, 127, 474, 1149, 196, 7, 286, 479, 156, 100, 180, 89, 1073, 81, 318, 518, 173, 59, 135, 269, 32, 171, 272, 64, 382, 179, 154, 213, 175, 660, 433, 187, 197, 183, 285, 129, 188, 514]","[206, 94, 588, 202, 28, 48, 507, 923, 288, 271, 650, 255, 289, 153, 152, 748, 1, 268, 82, 683, 894, 96, 246]","[480, 175, 286, 81, 1073]","[683, 28, 152, 507, 48]"
73,"[272, 326, 9, 237, 15, 100, 121, 333, 313, 328, 258, 7, 294, 690, 276, 13, 340, 302, 307, 508, 315, 331]","[288, 285, 126, 1084, 150, 137, 301, 129, 324, 124, 354, 351, 539, 245, 268, 300, 358]","[331, 13, 340, 508, 9]","[124, 285, 324, 137, 354]"
74,"[121, 1017, 496, 696, 475, 472, 271, 108, 137, 952, 1150, 100, 290, 190, 151, 273, 410, 411, 301, 235, 1028, 477, 114, 427, 408, 1, 196, 111, 685, 405, 13, 25, 56, 460, 1048, 508, 79, 117, 222, 864]","[284, 240, 237, 546, 409, 476, 147, 820, 597, 125, 1001, 1151, 291, 824, 1047, 742, 118, 413, 225, 220, 756, 123, 323, 845, 926, 678, 304, 294, 825, 1059, 831, 322, 1152, 988, 289, 833, 866, 129, 473]","[190, 121, 472, 222, 696]","[1047, 820, 409, 476, 473]"
75,"[61, 175, 92, 135, 811, 276, 1129, 531, 100, 59, 474, 150, 64, 1158, 197, 1007, 23, 286, 200, 98, 89, 216, 324, 7, 137, 60, 513, 56, 514, 172, 93, 192, 6, 70, 517, 1154, 955, 182, 203, 806, 293, 851, 96]","[582, 258, 518, 12, 690, 333, 421, 325, 960, 288, 121, 603, 385, 772, 1156, 327, 769, 42, 1157, 318, 77, 547, 1048, 1006, 628, 358, 343, 1019, 1155, 223, 129, 270, 1153, 1071, 156, 264, 919, 1159, 24]","[192, 197, 1154, 70, 851]","[77, 769, 1071, 547, 12]"
76,"[484, 518, 474, 195, 238, 168, 23, 498, 431, 153, 179, 176, 50, 174, 523, 52, 89, 483, 201, 56, 268, 209, 641, 246, 175, 1, 154, 173, 28, 519, 527, 156, 199, 98, 134, 222, 183, 42]","[172, 91, 125, 4, 181, 276, 265, 210, 69, 405, 1028, 144, 778, 357, 100, 133, 511, 97, 250, 215, 127, 15, 455, 833, 31, 252, 25, 132, 96, 121, 192, 636, 191, 228]","[98, 201, 519, 518, 1]","[132, 1028, 191, 100, 133]"
77,"[255, 412, 1160, 289, 301, 257, 288, 237, 880, 93, 411]","[323, 269, 298, 1047, 327, 813, 871, 294, 25, 476]","[288, 237, 412, 1160, 93]","[298, 323, 813, 294, 871]"
78,"[303, 50, 100, 246, 124, 269, 286, 813, 900, 137, 6, 325, 7, 740, 262, 251, 1008, 1022, 582, 306, 19, 906, 690, 268, 319, 116, 258, 283, 340, 1, 222, 515, 10, 311, 275, 285, 763, 236]","[1161, 508, 288, 937, 313, 370, 301, 13, 150, 290, 1017, 93, 333, 902, 676, 257, 276]","[124, 306, 258, 7, 262]","[676, 370, 150, 333, 1161]"
79,"[466, 886, 87, 45, 58, 208, 215, 303, 100, 531, 237, 205, 86, 483, 79, 887, 64]","[582, 50, 269, 194, 423, 699, 199, 234, 213, 154, 260, 514]","[483, 215, 58, 87, 205]","[50, 199, 514, 213, 269]"
80,"[280, 169, 3, 273, 7, 410, 282, 595, 318, 98, 147, 1, 726, 275, 121, 283, 42, 591, 237, 25, 186, 276, 475, 928, 79, 210]","[432, 742, 824, 476, 411, 471, 118, 93, 926, 274, 412, 1028, 124, 151, 544, 756, 222, 100, 1047, 150, 405, 111, 619, 289, 596, 269, 284, 288, 1059, 456, 116, 717]","[1, 210, 276, 186, 237]","[411, 619, 274, 116, 150]"
81,"[194, 455, 14, 661, 73, 216, 504, 69, 64, 178, 191, 11, 518, 480, 1101, 310, 529, 414, 657, 479, 276, 70, 482, 357, 1126, 8, 294, 199, 481, 513, 519, 265, 174, 202, 97, 588, 111, 514, 168, 9, 284, 99, 211, 462, 418, 432, 430, 181, 523, 121, 1, 367, 71, 175, 133, 197, 286, 496, 169, 100, 50, 170, 770, 483, 318, 603, 212, 134, 435, 660, 484, 582]","[135, 1134, 183, 508, 717, 597, 56, 477, 756, 343, 231, 411, 919, 596, 15, 208, 218, 413, 147, 495, 13, 275, 705, 127, 476, 520, 25, 103, 1001, 109, 281, 472, 225, 458, 527, 220, 140, 185, 1033, 1028, 671, 222, 151, 405, 289, 240, 1164, 1162, 238, 1163, 740, 81, 28, 283, 424, 409, 826, 456, 3, 326, 820, 230, 866, 834, 228, 288, 511, 21, 678, 412, 539, 7, 274, 474, 946, 473, 1078, 546, 304, 79, 822, 1063, 1128, 235, 475, 338, 87, 125, 112, 241, 895, 640, 118, 1059, 22, 237]","[770, 168, 134, 430, 519]","[228, 225, 183, 79, 289]"
82,"[234, 623, 576, 660, 215, 281, 385, 210, 97, 43, 82, 338, 1035, 216, 186, 95, 265, 77, 252, 125, 22, 323, 465, 575, 28, 783, 609, 720, 768, 932, 63, 663, 1028, 106, 1, 117, 181, 110, 685, 684, 255, 722, 692, 423, 468, 94, 568, 405, 64, 2, 580, 66, 717, 732, 527, 204, 69, 233, 15, 739, 191, 121, 546, 584, 196, 274, 1016, 174, 755, 781, 161, 70, 298, 409, 393, 864, 356, 31, 862, 38, 566, 591, 1041, 79, 728, 756, 127, 479, 88]","[78, 929, 301, 118, 139, 640, 413, 364, 631, 476, 254, 543, 866, 1101, 748, 294, 892, 412, 1043, 795, 407, 122, 452, 105, 977, 471, 35, 391, 1165, 597, 846, 71, 508, 832, 322, 249, 411, 1047, 871, 25, 111, 406, 477, 4, 1060, 371, 225, 319, 235, 828, 56, 259, 993, 300, 243, 820, 240, 751, 248, 151, 944, 50, 845, 704, 1049, 245]","[728, 393, 568, 43, 862]","[1165, 300, 240, 254, 151]"
83,"[121, 1033, 748, 12, 528, 529, 289, 265, 31, 151, 523, 237, 64, 7, 148, 222, 879, 385, 194, 245, 98, 15, 111, 274, 276, 225, 866, 543, 95, 300, 117, 258, 87, 744, 273, 286, 466, 486, 477, 318, 282, 79, 70, 100, 815, 408, 591]","[405, 742, 322, 284, 291, 1040, 1028, 294, 1, 25, 317, 1047, 203, 597, 685, 546, 628, 411, 823, 4, 756]","[265, 15, 528, 151, 194]","[546, 685, 742, 1028, 4]"
84,"[507, 642, 187, 604, 83, 298, 647, 272, 175, 133, 98, 58, 517, 660, 86, 488, 56, 372, 709, 1101, 71, 380, 203, 414, 792, 124, 499, 199, 1098, 382, 480, 498, 661, 514, 8, 1153, 492, 449, 318, 211, 464, 89, 234, 425, 1137, 213, 502, 443, 528, 70, 708, 127, 268, 154, 523, 1169, 209, 509, 192, 451, 479, 286, 420, 215, 511, 1131, 95, 208, 179, 190, 654, 319, 393, 10, 258, 506, 705, 481, 432, 527, 57, 423, 170, 28, 641, 1173, 205, 194, 197, 27, 134, 99, 14, 659, 182, 191, 143, 955, 510, 664, 485, 378, 496, 435, 345, 301, 1172, 462, 516, 813, 465, 69, 168, 631, 180, 606, 582, 152, 23, 513, 419, 504, 132, 136, 657, 707, 246, 87, 174, 923, 478, 531, 483, 135, 526, 50, 357, 313, 1070, 64, 519, 1018, 428, 515, 204, 9, 474, 1039, 172, 482, 663, 715, 196, 161, 181, 1166]","[427, 259, 588, 51, 1065, 228, 433, 25, 282, 13, 501, 277, 629, 269, 53, 97, 692, 389, 842, 241, 508, 639, 289, 566, 690, 404, 1168, 855, 1167, 971, 283, 275, 300, 108, 45, 655, 212, 702, 327, 340, 94, 157, 568, 1074, 160, 658, 1021, 632, 1149, 1009, 530, 417, 622, 237, 418, 216, 163, 984, 317, 250, 385, 195, 150, 529, 416, 284, 447, 188, 222, 100, 1010, 30, 712, 512, 412, 153, 1170, 193, 291, 310, 610, 229, 1103, 495, 1121, 79, 458, 476, 1006, 210, 751, 328, 732, 230, 782, 121, 822, 710, 82, 1136, 1174, 65, 231, 845, 232, 173, 924, 735, 596, 1171, 221, 52, 521, 589, 238, 697, 630, 281, 270, 316, 921, 1113, 405, 141, 42, 186, 745, 162, 325, 1075, 520, 333]","[203, 161, 301, 196, 1039]","[712, 94, 237, 212, 447]"
85,"[258, 889, 1175, 327, 270, 888, 683, 242, 269, 259, 1176]","[286, 319, 872, 300, 881, 879, 288, 289, 328, 338, 304, 326]","[258, 683, 1175, 242, 889]","[300, 338, 289, 286, 879]"
86,"[384, 1016, 274, 554, 367, 82, 585, 210, 177, 196, 9, 2, 211, 135, 163, 70, 233, 67, 550, 1189, 651, 209, 790, 523, 154, 629, 519, 1190, 393, 55, 385, 796, 88, 208, 182, 79, 684, 568, 96, 229, 318, 239, 7, 87, 25, 705, 64, 63, 566, 97, 515, 183, 411, 732, 491, 186, 254, 8, 161, 118, 628, 4, 405, 132, 216, 230, 38, 167, 100, 780, 62, 48, 202, 199, 22, 871, 866, 228, 722, 144, 502, 1041, 781, 111, 172, 181, 657, 281, 783, 127, 435, 50, 427, 510, 204, 80, 728, 89, 195, 153, 926, 802, 577, 845, 496, 514, 472, 944, 410, 1185, 179, 535, 1028, 27, 692, 451, 188, 94, 49, 66, 222, 121, 174, 134, 152, 648, 194, 56, 849, 180]","[40, 401, 1079, 775, 1000, 996, 1183, 303, 386, 157, 1182, 1072, 1047, 300, 1074, 810, 231, 679, 39, 1187, 521, 1089, 73, 409, 33, 403, 68, 382, 192, 238, 576, 1184, 702, 201, 120, 90, 791, 321, 789, 575, 232, 21, 1177, 449, 1049, 1181, 570, 824, 323, 477, 235, 414, 297, 546, 1188, 47, 578, 72, 423, 1179, 709, 13, 158, 273, 808, 801, 804, 476, 765, 433, 252, 715, 1180, 1118, 685, 372, 1186, 396, 128, 1178, 598]","[67, 202, 62, 49, 628]","[804, 477, 33, 1187, 382]"
87,"[881, 301, 315, 261, 690, 904, 886, 308, 311, 1191, 898, 354, 286, 326]","[750, 302, 321, 300, 319, 313, 880]","[354, 1191, 315, 301, 311]","[880, 321, 319, 750, 300]"
88,"[216, 197, 732, 246, 936, 381, 127, 117, 813, 387, 151, 83, 707, 694, 121, 257, 283, 277, 14, 517, 268, 815, 213, 150, 269, 7, 187, 111, 1074, 240, 724, 702, 321, 100, 880, 237, 275, 235, 50, 49, 181, 1, 475, 88, 222, 236, 301, 86, 15, 25, 173, 402, 107]","[1048, 221, 26, 949, 737, 716, 93, 762, 845, 739, 212, 952, 875, 13, 137, 66, 202, 731, 1119, 709, 736, 405, 451]","[213, 173, 1074, 117, 936]","[762, 221, 952, 716, 26]"
89,"[382, 648, 98, 347, 1086, 900, 1198, 25, 506, 22, 923, 12, 945, 690, 499, 187, 507, 657, 662, 425, 1194, 529, 631, 526, 603, 958, 31, 618, 237, 489, 11, 301, 659, 971, 486, 311, 213, 357, 739, 966, 199, 307, 179, 132, 9, 30, 855, 241, 713, 613, 313, 435, 272, 269, 6, 494, 185, 42, 178, 604, 521, 813, 478, 1101, 166, 423, 96, 86, 197, 203, 177, 707, 611, 100, 995, 190, 1197, 692, 367, 79, 14, 903, 1125, 471, 614, 17, 964, 512, 1193, 501, 191, 131, 1048, 312, 287, 705, 602, 1200, 180, 483, 83, 652, 421, 143, 318, 33, 155, 1020, 609, 515, 216, 965, 617, 493, 52, 127, 162, 303, 632, 474, 193, 709, 302, 606, 607, 837, 1097, 485, 661, 70, 89, 639, 136, 972, 1195, 26, 427, 651, 306, 170, 285, 174, 317, 480, 1199, 568, 528, 356, 509, 954, 650, 20, 443, 462, 488, 464, 531, 811, 497, 905, 863, 286, 153, 647, 234, 194, 519, 56, 154, 387, 10, 141, 134, 610, 447, 64, 654, 496, 221, 218, 133, 836, 482, 660, 490, 59, 340, 699, 57, 1196, 1039, 1204, 732, 8, 322, 527, 523, 211, 65, 97, 385, 402, 644, 1203, 198, 1202, 270, 212, 242, 223, 505, 511, 275, 156, 268, 481, 220, 316, 192, 209, 1192, 656, 750, 1201, 479, 753, 276, 60, 137, 847, 942, 135, 491, 516, 708, 500, 730, 498, 23, 196]","[289, 259, 258, 245, 821, 553, 906, 354, 323, 693, 475, 433, 962, 1109, 149, 328, 1206, 517, 182, 150, 518, 148, 904, 202, 879, 45, 514, 547, 151, 889, 721, 875, 117, 175, 703, 300, 430, 19, 18, 896, 762, 543, 990, 684, 310, 273, 1137, 1134, 126, 208, 1205, 454, 530, 1005, 676, 1045, 1136, 171, 69, 215]","[11, 474, 661, 83, 402]","[684, 45, 962, 18, 258]"
90,"[480, 28, 427, 172, 423, 507, 264, 195, 331, 265, 351, 689, 479, 529, 82, 435, 338, 181, 327, 230, 322, 64, 484, 174, 616, 234, 289, 313, 318, 134, 515, 97, 357, 526, 520, 495, 614, 612, 135, 176, 603, 182, 98, 127, 210, 429, 50, 483, 136, 31, 187, 192, 143, 204, 601, 328, 750, 735, 22, 657, 651, 205, 511, 69, 1192, 343, 662, 300, 527, 333, 183, 79]","[323, 683, 193, 682, 99, 131, 510, 618, 161, 326, 1050, 482, 504, 748, 211, 568, 988, 498, 132, 389, 1126, 56, 501, 418, 294, 474]","[483, 195, 507, 511, 64]","[748, 193, 131, 323, 1050]"
91,"[172, 168, 515, 121, 747, 176, 180, 731, 528, 219, 1142, 79, 521, 947, 715, 134, 619, 175, 673, 431, 42, 825, 48, 778, 252, 660, 628, 183, 692, 196, 531, 313, 273, 471, 181, 189, 191, 190, 129, 31, 11, 581, 98, 214, 159, 238, 215, 961, 96, 663, 46, 463, 135, 640, 475, 291, 124, 223, 518, 164, 655, 276, 93, 963, 89, 403, 144, 154, 203, 508, 582, 248, 1012, 209, 727, 955, 500, 56, 208, 153, 117, 234, 1073, 679, 198, 71, 12, 92, 674, 218, 591, 100, 421, 160, 651, 64, 7, 204, 425, 182, 411, 265, 5, 195, 237, 737, 1018, 222, 171, 474, 1208, 823, 157, 4, 125, 174, 274, 436, 51, 258, 382, 268, 428, 193, 9, 1, 245, 186, 789, 58, 282, 47, 179, 8, 566, 250, 466, 210, 307, 50, 156, 304, 993, 408, 228, 385, 1216, 729, 246, 707, 708, 69, 631, 212, 1194, 169, 239, 433, 855, 13, 65]","[1049, 1079, 77, 229, 501, 587, 794, 739, 831, 1209, 241, 540, 790, 216, 709, 115, 15, 81, 665, 846, 24, 289, 106, 453, 763, 781, 1016, 386, 928, 756, 1095, 1215, 672, 87, 931, 1212, 85, 132, 595, 785, 1047, 123, 1041, 281, 717, 561, 423, 1213, 834, 318, 527, 552, 295, 986, 596, 376, 88, 32, 568, 930, 161, 249, 393, 102, 278, 712, 720, 109, 201, 559, 94, 820, 748, 977, 173, 1207, 53, 551, 67, 184, 728, 576, 148, 43, 220, 678, 288, 1033, 101, 66, 722, 1014, 226, 328, 62, 845, 22, 28, 802, 410, 412, 455, 925, 725, 2, 367, 73, 476, 82, 456, 167, 122, 704, 826, 29, 356, 1040, 294, 231, 200, 742, 91, 755, 240, 54, 409, 364, 145, 1011, 143, 620, 554, 800, 449, 504, 1157, 78, 1028, 1214, 642, 230, 120, 450, 370, 271, 949, 405, 284, 577, 80, 980, 396, 780, 1211, 1046, 116, 383, 72, 684, 227, 243, 363, 583, 636, 735, 575, 95, 758, 49, 202, 55, 432, 984, 743, 1074, 771, 783, 974, 1023, 658, 1090, 627, 68, 934, 235, 1042, 257, 38, 546, 452, 451, 702, 44, 732, 111, 199, 39, 118, 685, 322, 998, 558, 401, 368, 406, 402, 63, 926, 147, 260, 761, 369, 1037, 149, 841, 40, 155, 217, 25, 1052, 418, 597, 108, 233, 225, 922, 1210]","[198, 307, 531, 79, 291]","[106, 167, 583, 367, 363]"
92,"[15, 222, 845, 275, 476, 235, 477, 815, 1, 283, 14]","[820, 412, 125, 866, 151, 121, 276, 934, 118]","[845, 222, 477, 1, 275]","[121, 412, 151, 934, 276]"
93,"[789, 343, 265, 744, 792, 24, 174, 651, 471, 211, 1048, 346, 58, 470, 168, 347, 9, 625, 186, 157, 1119, 235, 45, 467, 180, 185, 79, 402, 257, 727, 655, 133, 214, 109, 313, 153, 203, 644, 693, 31, 28, 273, 64, 50, 447, 646, 428, 657, 206, 156, 420, 806, 258, 483, 1044, 942, 1, 588, 537, 68, 921, 390, 100, 82, 685, 170, 650, 458, 684, 410, 234, 246, 76, 616, 949, 70, 443, 217, 12, 969, 241, 61, 1223, 1226, 193, 425, 448, 961, 223, 715, 175, 1153, 581, 135, 652, 603, 421, 52, 824, 55, 696, 1147, 92, 23, 8, 431, 7, 525, 1118, 318, 154, 11, 274, 381, 629, 510, 386, 401, 451, 647, 642, 190, 356, 176, 475, 1014, 179, 192, 111, 528, 187, 268, 56, 508, 93, 993, 741, 1218, 509, 404, 97, 183, 83, 750, 49, 204, 143, 53, 923, 22, 686, 484, 209, 200, 506, 549, 399, 132, 160, 432, 98, 173, 589, 54, 518, 191, 219, 1073, 81, 735, 654, 501, 250, 196, 302, 1012, 1211, 317, 679, 228, 813, 201, 1011, 286, 210, 436, 433, 194, 215, 1110, 435, 736, 1058, 32, 42, 4, 692, 469, 181, 464, 504, 959, 372, 527, 1045, 177, 172, 423, 939, 208, 91, 636, 1009, 238, 746, 357, 1135, 587, 47, 465, 1010, 188, 474, 86, 338, 71, 367, 1219, 584, 737, 248, 127, 631, 134, 1065, 997, 690, 1007, 182, 559, 151, 293]","[1217, 1224, 184, 720, 1220, 62, 572, 216, 860, 155, 218, 820, 556, 89, 455, 229, 33, 742, 700, 99, 227, 738, 561, 385, 393, 783, 765, 1199, 101, 232, 1074, 829, 562, 39, 34, 380, 1032, 118, 1206, 1210, 472, 63, 144, 222, 38, 946, 576, 282, 366, 731, 1089, 624, 96, 102, 88, 546, 674, 405, 583, 566, 1004, 334, 723, 496, 1028, 550, 202, 288, 17, 541, 768, 161, 810, 739, 419, 1091, 225, 943, 25, 260, 77, 369, 703, 728, 569, 722, 763, 90, 809, 66, 586, 786, 932, 41, 392, 125, 808, 716, 732, 864, 80, 797, 391, 665, 1222, 670, 597, 230, 142, 29, 281, 800, 585, 164, 930, 944, 418, 328, 780, 951, 710, 72, 544, 928, 121, 553, 1225, 368, 1046, 1188, 477, 658, 417, 69, 1209, 568, 627, 67, 673, 94, 403, 195, 1221, 51, 411, 365, 637, 245, 159, 233, 412, 823, 622, 721, 226, 355, 1101, 1140]","[109, 235, 153, 1065, 969]","[624, 566, 597, 670, 783]"
94,"[625, 233, 68, 1, 527, 172, 1206, 416, 174, 143, 96, 843, 15, 173, 378, 518, 742, 474, 523, 88, 736, 202, 471, 14, 83, 510, 117, 204, 111, 655, 660, 385, 151, 64, 404, 683, 366, 142, 622, 445, 568, 48, 657, 550, 627, 357, 232, 747, 7, 69, 651, 178, 181, 393, 496, 226, 591, 79, 328, 191, 286, 190, 532, 520, 127, 98, 183, 175, 91, 436, 199, 31, 170, 168, 28, 491, 70, 463, 423, 94, 649, 282, 356, 210, 77, 705, 153, 650, 198, 141, 208, 121, 274, 1221, 71, 539, 144, 968, 509, 515, 186, 207, 485, 209, 65, 102, 1126, 22, 216, 197, 196, 389, 692, 97, 257, 139, 228, 495, 51, 99, 420, 1116, 381, 195, 419, 8, 215, 250, 472, 399, 511, 62, 73, 238, 52, 194, 462, 631, 50, 219, 473, 433, 507]","[546, 787, 135, 1217, 1229, 1230, 128, 636, 395, 483, 573, 176, 720, 211, 976, 514, 33, 26, 289, 137, 32, 737, 675, 132, 417, 24, 505, 2, 878, 554, 403, 712, 862, 728, 90, 674, 185, 699, 422, 588, 768, 161, 3, 265, 371, 101, 791, 498, 432, 402, 1219, 239, 1018, 229, 1090, 43, 241, 716, 443, 560, 597, 815, 415, 1231, 892, 447, 140, 451, 180, 391, 82, 1091, 1101, 596, 449, 708, 193, 971, 205, 506, 179, 63, 779, 275, 1133, 448, 72, 25, 200, 89, 1188, 188, 542, 78, 640, 586, 203, 290, 182, 67, 1228, 960, 95, 465, 665, 58, 237, 133, 405, 1047, 707, 177, 781, 715, 398, 431, 234, 1227, 566, 855, 739, 49, 552, 110, 946, 671, 294, 392, 679, 648, 450, 227, 623, 1222, 386]","[64, 99, 683, 178, 71]","[417, 101, 862, 674, 128]"
95,"[156, 87, 673, 479, 153, 91, 519, 8, 484, 645, 64, 100, 170, 474, 483, 1, 1232, 50, 23, 1154, 96, 79, 198, 176, 185, 187, 174, 7, 195, 318, 181, 216, 238, 190, 98, 445, 182, 56, 89, 127, 144, 183, 265, 200, 514, 196, 234, 423]","[173, 478, 435, 525, 42, 194, 486, 83]","[479, 238, 474, 187, 91]","[486, 83, 478, 42, 525]"
96,"[228, 222, 670, 89, 482, 98, 50, 115, 7, 435, 28, 428, 655, 168, 97, 432, 429, 79, 430, 174, 32, 661, 357, 202, 189, 1, 919, 135, 204, 132, 183, 96, 175, 191, 408, 153, 663, 82, 434, 603, 195, 23, 169, 69, 172, 193, 208, 423]","[194, 484, 466, 192, 431, 526, 197, 205, 100, 133, 83, 186, 496, 173, 1126]","[7, 222, 357, 1, 28]","[526, 173, 186, 205, 194]"
97,"[47, 517, 116, 629, 523, 514, 25, 428, 435, 211, 210, 659, 194]","[163, 655, 321, 70, 209, 938, 745, 173, 168, 322, 88, 502, 152, 988]","[629, 428, 116, 523, 211]","[152, 502, 88, 168, 938]"
98,"[4, 79, 1016, 403, 50, 742, 181, 182, 597, 410, 168, 204, 508, 546, 203, 1119, 346, 258, 196, 232, 11, 7, 56, 363, 237, 369, 676, 1067, 100, 69, 12, 288, 402, 628, 328, 748, 273, 338, 64, 92, 751, 829, 619, 315, 125, 475, 22, 300, 471, 405, 238, 1, 595, 117, 367, 763, 591, 240, 1132, 173, 210, 313, 147, 651, 290, 780, 1048, 172, 789, 98, 294, 544, 174, 329, 1047, 473, 433, 348]","[268, 111, 873, 246, 274, 354, 895, 682, 124, 421, 741, 1052, 118, 123, 963, 685, 322, 331, 312, 245, 265, 926, 255, 3, 871, 827, 107, 66, 762, 413, 694, 409, 978, 406, 472, 815, 28, 342, 275, 845, 358, 345, 201, 121, 456, 25, 332, 1079, 975, 105, 931, 120, 282, 116, 310, 326, 678, 276]","[56, 328, 22, 597, 829]","[456, 1052, 25, 358, 124]"
99,"[344, 355, 750, 302, 691, 316, 752, 313, 879, 300, 328, 1235, 690, 347, 269, 258, 900, 294, 272, 751, 898, 315]","[354, 268, 321, 266, 288, 340, 689, 905, 289, 1236, 342, 990, 333, 323, 348, 292, 1238, 1237, 678, 286, 908, 874, 880, 349, 310, 1234, 270, 1233, 326, 886, 881, 895, 892, 887, 885, 346, 271]","[344, 690, 1235, 750, 751]","[885, 678, 990, 346, 348]"
100,"[405, 121, 24, 284, 50, 237, 181, 924, 257, 742, 255, 117, 147, 288, 125, 546, 866]","[829, 304, 596, 222, 471, 281, 252, 282, 369, 928, 1051, 840, 815, 1034, 118, 1057, 109, 756, 975, 122, 123, 1093, 1047, 111, 845, 1, 280, 841, 597, 1132, 7, 926, 370, 979, 278, 820, 1009, 412, 151, 411, 826, 717, 846, 819, 225, 763, 831, 1028, 472, 595]","[117, 237, 866, 24, 181]","[472, 820, 829, 1051, 225]"
101,"[195, 307, 89, 202, 186, 183, 98, 208, 510, 50, 101, 588, 175, 319, 204, 228, 612, 95, 258, 447, 449, 174, 227]","[768, 823, 70, 515, 524, 322, 625, 161, 448, 405, 300, 732, 432, 118, 1025, 264, 313, 576, 391, 559, 222, 1030, 734, 66, 67, 809, 302, 399, 83, 986, 62, 121, 217, 418, 686, 233, 173, 685, 326, 271, 248, 176, 403, 810, 689, 239, 746, 358, 443, 797, 663, 565, 47, 831, 298, 597, 167, 184, 164, 568, 675, 445, 554, 99, 163, 578, 94, 393, 144, 866, 748, 827, 181, 840, 635, 385, 286, 629, 5, 530, 502, 96, 636, 930, 79, 444, 363, 720, 1239, 102, 350, 577, 667, 327, 230, 778, 201, 338, 993, 671, 56, 650, 182, 185, 672, 665, 168, 409, 652, 245, 210, 548, 231, 566, 91, 501, 38, 332, 771, 53, 29, 194, 235, 211, 450, 436, 1240, 187, 127, 82, 892, 260, 188, 373, 218, 72, 386, 1228, 596, 328, 273, 655, 68, 49, 88, 522, 226, 269, 200, 546, 73, 219, 541, 13, 856, 431, 288, 411, 334, 476, 396, 265, 117, 841, 751, 294, 55, 1052, 229, 947, 384, 11, 234, 550, 785, 435, 760, 4, 153, 241, 511, 879, 792, 2, 301, 1, 684, 1076, 316, 272, 154, 7, 172]","[183, 202, 98, 319, 101]","[559, 82, 840, 47, 596]"
102,"[24, 127, 117, 144, 126, 527, 50, 471, 96, 301, 250, 255, 181, 487, 294, 56]","[121, 300, 222, 69, 234, 252, 1089, 204, 405, 257, 211, 118, 98]","[24, 181, 471, 250, 144]","[69, 98, 257, 121, 300]"
103,"[285, 269, 100, 283, 475, 751, 150, 1012, 1115, 126, 257, 302, 313, 289, 290, 316, 181, 628, 276, 345, 750, 591, 270, 15, 50, 272]","[984, 117, 301, 756, 299, 287, 300, 1016, 1010, 293, 7, 411, 327, 249, 324, 122, 1241, 342, 544, 823, 1017, 347, 25, 412, 282, 248, 546, 1226, 744, 235, 288, 827, 1011, 312, 147, 245, 354, 325, 346, 713, 331, 10, 845, 840, 258, 748, 508, 333, 13, 111, 294, 273, 456, 3, 255, 405, 534, 237, 130, 311, 307, 871, 330, 124, 1028, 926, 825, 847, 332, 271, 250, 127, 895, 286, 268, 246, 340, 222, 678, 310, 121, 328, 407, 471, 9]","[316, 628, 313, 283, 1115]","[330, 130, 508, 823, 13]"
104,"[268, 258, 272, 286, 324, 288, 270, 313, 327, 302, 269]","[307, 333, 752, 748, 690, 264, 271, 340, 343, 751, 880, 347]","[288, 327, 268, 258, 270]","[271, 333, 343, 751, 347]"
105,"[526, 582, 778, 107, 660, 703, 213, 69, 286, 97, 584, 165, 64, 77, 923, 8, 1, 223, 285, 22, 1115, 313, 194, 196, 684, 699, 210, 12, 211, 216, 1242, 25, 275, 495, 14, 244, 28, 191, 566, 162, 9, 318, 59]","[692, 828, 435, 273, 45, 15, 86, 88, 48, 956, 1028, 274, 280, 161, 712, 739, 647, 100, 463, 70, 82]","[191, 495, 194, 778, 1115]","[828, 692, 273, 1028, 712]"
106,"[305, 258, 340, 269, 302, 268, 902, 312]","[333, 271, 321, 300, 313, 323, 286, 288, 259, 264, 325, 322, 327, 1243]","[302, 305, 268, 312, 340]","[325, 321, 286, 322, 264]"
107,"[100, 290, 50, 275, 515, 10, 14, 137, 718, 127, 294, 319, 124, 7, 281, 1]","[13, 125, 282, 181, 121, 237, 21, 471, 304, 222, 748, 252, 255, 284, 405, 740, 931]","[319, 290, 10, 718, 137]","[471, 931, 740, 282, 237]"
108,"[566, 402, 1012, 1, 258, 588, 627, 31, 100, 89, 159, 195, 218, 230, 845, 147, 550, 665, 69, 742, 117, 176, 204, 520, 96, 252, 223, 393, 866, 91, 423, 356, 94, 1014, 196, 183, 172, 294, 318, 237, 1028, 1157, 157, 121, 7, 388, 295, 58, 380, 67, 173, 1060, 1222, 179, 211, 735, 265, 79, 568, 181, 411, 809, 403, 77, 70, 1074, 239, 739, 71, 373, 449, 177, 12, 164, 125, 156, 174, 451, 531, 82, 88, 233, 98, 72, 111, 227, 15, 508, 17, 202, 95, 229, 234, 755, 405, 636, 210, 191, 288, 365, 222, 11, 25, 1016, 226, 144, 151, 53, 228, 257, 22, 1135, 56, 50, 385]","[631, 8, 127, 475, 178, 97, 101, 975, 797, 154, 5, 930, 1011, 281, 62, 796, 90, 4, 42, 823, 357, 278, 245, 1244, 9, 1013, 200, 931, 131, 322, 472, 392, 291, 248, 1039, 559, 820, 68, 441, 409, 672, 552, 849, 158, 949, 762, 215, 162, 546, 1023, 214, 231, 944, 763, 323, 425, 29, 216, 64, 452, 122, 1035, 413, 1228, 986, 722, 332, 597, 55, 628, 940, 118, 790, 386, 584, 928, 395, 542, 186, 81, 545, 238, 161, 732, 679, 317, 367, 834, 748, 391, 527, 54, 655, 431, 168, 564, 576, 715, 282, 209, 572, 63, 1245, 826, 810, 175, 358, 476, 831, 1210, 250, 28, 1161, 871, 1139, 595, 410, 924, 180]","[176, 210, 164, 98, 195]","[214, 118, 576, 452, 552]"
109,"[307, 682, 79, 188, 82, 22, 77, 28, 233, 11, 1188, 790, 423, 315, 96, 69, 402, 33, 64, 94, 41, 196, 258, 288, 313, 451, 684, 421, 566, 272, 88, 161, 326, 692, 333, 12, 54, 939, 651, 739, 569]","[688, 944, 38, 568, 578, 1246, 1179, 301, 245, 1248, 1250, 540, 300, 202, 734, 332, 1206, 204, 794, 715, 791, 575, 732, 783, 232, 779, 384, 806, 327, 367, 658, 759, 212, 195, 68, 751, 748, 550, 173, 1231, 55, 1218, 849, 905, 401, 226, 56, 895, 215, 231, 230, 586, 325, 802, 340, 765, 1249, 873, 2, 294, 1210, 1222, 689, 376, 1247, 43, 385, 1090, 397, 184, 808, 393, 366, 468, 642, 1182, 238, 722, 63, 364, 1055, 338, 780, 29, 576, 1228, 31, 67, 403, 1229, 585, 947]","[64, 77, 33, 161, 421]","[642, 658, 568, 748, 1182]"
110,"[328, 301, 313, 340, 269, 333, 242, 258, 315, 354, 302, 311, 286, 304]","[887, 326, 1024, 272, 896, 344, 303, 305, 321, 307]","[313, 301, 340, 354, 302]","[896, 1024, 344, 321, 305]"
111,"[331, 289, 750, 322, 689, 306, 302, 300, 312, 754, 303, 316, 307, 286, 879, 339, 1106, 887, 937, 272, 751, 245, 346, 310, 313, 333, 328, 888, 332, 690, 315]","[903, 327, 354, 748, 347, 325, 678, 984, 301, 269, 321, 323, 294, 891, 258]","[307, 272, 332, 333, 312]","[258, 294, 984, 354, 327]"
112,"[595, 126, 326, 294, 100, 327, 976, 508, 286, 246, 1252, 268, 323, 328, 303, 50, 273, 255, 1251, 258, 257, 127, 325, 874, 299, 333, 979, 975]","[329, 321, 262, 322, 319, 242, 324, 277, 678, 7, 424, 948, 124, 116, 237, 9, 289, 288, 245, 222, 292, 300, 742]","[273, 333, 257, 127, 1252]","[116, 324, 222, 7, 245]"
113,"[175, 269, 1104, 195, 183, 496, 482, 100, 179, 89, 156, 176, 646, 197, 483, 357, 659, 474, 98, 135, 522, 172, 171]","[505, 204, 191, 157, 507, 182, 654, 520, 640, 210, 96, 186, 56, 655, 855, 318, 180, 679, 485, 615, 168, 153, 224, 200, 527]","[172, 496, 179, 89, 98]","[182, 224, 855, 96, 507]"
114,"[1067, 8, 127, 92, 228, 234, 11, 762, 530, 462, 172, 466, 511, 642, 32, 443, 82, 475, 89, 12, 187, 1008, 181, 1073, 952, 9, 431, 50, 178, 7, 183, 4, 357, 33, 56, 273, 177, 23, 174, 847, 13, 240, 124, 137, 654, 479, 176, 317, 980, 282, 48, 772, 79, 185, 192, 302, 628, 100, 696, 117, 558, 508]","[265, 20, 69, 763, 543, 310, 470, 471, 969, 496, 93, 77, 269, 22, 237, 596, 121, 922, 96, 673, 98, 657, 229, 279, 284, 741, 684, 644, 218, 83]","[185, 443, 228, 56, 33]","[96, 83, 684, 657, 93]"
115,"[250, 271, 750, 187, 484, 313, 195, 259, 806, 180, 661, 199, 344, 730, 193, 346, 511, 268, 191, 203, 900, 310, 258, 519, 655, 390, 285, 11, 479, 1142, 221, 515, 181, 1039, 1134, 289, 292, 246, 56, 127, 596]","[350, 331, 255, 751, 942, 1216, 7, 185, 301, 262, 248, 1082, 1016, 880, 257, 905, 760, 887, 758, 840, 1253, 604, 294, 531, 421, 332, 1089, 286, 347, 322, 260, 895, 65, 1257, 264, 582, 903, 137, 993, 914, 299, 872, 1013, 879, 1226, 333, 304, 306, 116, 324, 888, 297, 1254, 358, 252, 1214, 288, 302, 328, 20, 47, 253, 325, 349, 748, 1255, 355, 1020, 323, 678, 896, 539, 303, 902, 272, 50, 607, 307, 340, 315, 640, 603, 343, 249, 1256, 300, 145, 1258, 298, 916, 1220, 295, 650, 326, 1244, 124, 690, 270, 275, 532, 311, 269]","[259, 661, 515, 285, 127]","[288, 1254, 297, 895, 328]"
116,"[150, 268, 181, 15, 151, 50, 405, 1, 174, 176, 421, 168, 597, 751, 121, 12, 258, 358, 1016, 742, 307, 109, 98, 772, 628, 56, 886, 195, 117, 214, 313, 222, 1012, 25, 257, 298, 179, 33, 237, 172, 678, 789, 763, 144, 173, 210, 423, 156, 96, 265, 11, 132, 475, 249, 164, 271, 282]","[1047, 758, 829, 338, 368, 1057, 240, 288, 928, 588, 143, 411, 1095, 1014, 743, 977, 748, 122, 546, 406, 596, 7, 1165, 410, 184, 931, 252, 1059, 895]","[405, 210, 751, 96, 282]","[1059, 829, 931, 895, 7]"
117,"[200, 774, 654, 475, 174, 433, 324, 176, 156, 547, 185, 511, 23, 436, 853, 184, 655, 474, 528, 218, 22, 164, 32, 193, 421, 134, 180, 288, 1079, 675, 919, 559, 7, 223, 79, 132, 53, 56, 135, 513, 551, 320, 55, 396, 641, 171, 98, 603, 413, 210, 800, 960, 201, 175, 672, 844, 558, 258, 172, 188, 508, 317, 234, 100, 179, 427]","[816, 17, 217, 564, 5]","[508, 176, 317, 427, 853]","[17, 816, 5, 564, 217]"
118,"[392, 1153, 328, 237, 222, 382, 718, 213, 313, 716, 1101, 54, 154, 245, 697, 628, 684, 275, 193, 235, 86, 486, 546, 272, 658, 144, 87, 472, 188, 562, 111, 385, 451, 274, 742, 209, 109, 147, 174, 24, 199, 1202, 1086, 182, 550, 83, 829, 568, 117, 1197, 995, 455, 268, 511, 100, 310, 40, 741, 845, 282, 1261, 1160, 982, 322, 591, 597, 50, 813, 710, 1052, 96, 689, 762, 332, 56, 1260, 22, 300, 11, 25, 168, 412, 879, 459, 301, 1166, 537, 132, 210, 685, 917, 340, 405, 826, 1016, 137, 354, 181, 9, 277, 286, 506, 89, 259, 125, 121, 288, 924, 299, 204, 28, 194, 298, 475, 7, 458, 124, 64, 449, 31, 316, 315, 196, 727, 172, 287, 492, 655, 93, 271, 471, 1137, 323, 257]","[407, 1262, 269, 1170, 595, 1263, 338, 526, 866, 1259, 12, 930, 250, 544, 105, 254, 616, 977, 717, 755, 52, 294, 831, 1034, 329, 276, 916, 226, 23, 825, 823, 348, 931, 986, 255, 1244, 252, 410, 70, 82, 473, 1265, 751, 827, 349, 258, 1264]","[323, 213, 537, 11, 1202]","[526, 338, 751, 252, 831]"
119,"[282, 25, 9, 924, 405, 286, 125, 15, 258, 121, 1, 742, 127, 744, 515, 50]","[546, 257, 245, 252, 148, 117, 237, 827, 508, 118]","[742, 127, 121, 15, 282]","[546, 827, 118, 508, 117]"
120,"[14, 509, 86, 9, 98, 137, 428, 294, 631, 57, 192, 515, 508, 275, 181, 124, 479, 165, 1266, 427, 313, 127, 100, 937, 742, 357, 83, 644, 156, 135, 717, 1194, 197, 237, 25, 736, 257, 50, 12, 172, 315, 1, 318, 292]","[514, 291, 740, 180, 117, 405, 121, 174, 122, 125, 235, 126, 249, 792, 628, 595, 250, 582, 546, 118, 282, 300, 411, 472, 744, 276, 347, 298, 11, 458]","[937, 172, 644, 428, 315]","[514, 174, 792, 291, 744]"
121,"[387, 509, 378, 510, 215, 715, 708, 212, 727, 70, 511, 191, 175, 187, 737, 423, 736, 464, 46, 193, 661, 180, 582, 724, 269, 956, 1044, 469, 135, 1168, 1045, 1267, 190, 1113, 403, 83, 239, 86, 127, 513, 519, 1074, 197, 699, 28]","[427, 1268, 792, 214, 553, 470, 570, 382, 673, 429, 69, 660, 11, 1119, 57, 357]","[239, 187, 190, 1045, 175]","[470, 382, 214, 660, 673]"
122,"[135, 192, 847, 275, 22, 165, 285, 485, 127, 511, 707, 482, 143, 9, 504, 197, 435, 100, 462, 98, 483, 319, 286, 657, 479, 276, 242, 514, 23, 432, 182, 185, 14, 187, 134, 321]","[427, 531, 13, 606, 50, 255, 735, 487, 704, 480, 962, 132, 523, 289, 64, 288, 294, 1269]","[432, 504, 485, 135, 483]","[255, 289, 294, 735, 288]"
123,"[11, 616, 166, 226, 96, 550, 98, 154, 144, 168, 195, 7]","[496, 50, 157, 79, 209, 172, 28, 474, 174, 173, 117, 1]","[11, 144, 98, 168, 616]","[79, 1, 117, 173, 496]"
124,"[478, 163, 80, 190, 318, 134, 239, 173, 483, 158, 434, 22, 143, 945, 290, 511, 204, 999, 270, 485, 28, 64, 116, 73, 136, 498, 194, 1, 174, 648, 98, 87, 275, 732, 493, 69, 496, 83, 94, 283, 568, 88, 1060, 50, 479, 210, 294, 79, 659, 258, 195, 451, 790, 435, 705, 585, 513, 181, 176, 191, 367, 520, 455, 427, 300, 751, 430, 172, 401, 393, 8, 144, 209, 72, 756, 202, 90, 205, 168, 66, 289, 95, 67, 82, 222, 710]","[235, 382, 657, 997, 152, 1180, 615, 796, 150, 97, 785, 1036, 1074, 346, 734, 1272, 238, 175, 813, 949, 475, 1093, 386, 25, 407, 1183, 940, 236, 198, 63, 1000, 692, 383, 120, 577, 1052, 411, 781, 996, 864, 357, 722, 926, 384, 208, 801, 1249, 474, 364, 748, 211, 728, 56, 323, 1246, 216, 369, 780, 41, 109, 399, 914, 1185, 372, 105, 340, 1115, 201, 412, 122, 186, 376, 508, 687, 117, 482, 269, 70, 746, 388, 111, 395, 21, 1270, 49, 153, 709, 243, 1204, 1271, 663, 1170, 1037, 85, 763, 571]","[790, 430, 751, 427, 67]","[785, 1180, 1115, 235, 801]"
125,"[262, 878, 884, 258, 302, 243, 288, 313, 1175, 751, 315, 328, 311, 344, 340, 300, 337, 681, 353, 266, 990, 316, 881]","[905, 294, 245, 332, 323, 322, 289, 319, 682, 752, 327, 260, 272, 333, 346, 690, 326, 350, 678, 286, 310, 303]","[313, 328, 751, 311, 990]","[682, 690, 303, 678, 905]"
127,"[204, 508, 15, 603, 317, 182, 739, 482, 736, 418, 140, 79, 143, 283, 276, 83, 417, 1141, 216, 966, 64, 427, 422, 609, 378, 790, 588, 423, 300, 602, 173, 237, 591, 294, 190, 238, 48, 65, 568, 1, 686, 425, 118, 494, 14, 136, 209, 210, 86, 949, 50, 265, 98, 1039, 99, 505, 763, 196, 622, 191, 487, 942, 838, 340, 121, 499, 71, 197, 133, 159, 82, 26, 732, 692, 471, 651, 168, 181, 478, 483, 465, 684, 393, 367, 490, 955, 274, 88, 433, 161, 715, 405, 451, 131, 319, 496, 633, 69, 186, 506, 458, 462, 223, 531, 275, 380, 117, 507, 28, 180]","[485, 371, 228, 111, 747, 660, 77, 215, 97, 227, 785, 56, 322, 151, 58, 213, 723, 280, 965, 1063, 284, 282, 614, 54, 402, 193, 172, 328, 873, 132, 222, 652, 268, 655, 387, 1048, 218, 245, 815, 1035, 497, 690, 419, 924, 25, 202, 1221, 729, 705, 1192, 70, 770, 220, 742, 404, 1053, 66, 392, 73, 174, 869, 179, 685, 605, 501, 432, 381, 702, 258, 416, 468, 229, 553, 1136]","[505, 465, 26, 838, 393]","[1048, 77, 111, 705, 371]"
128,"[272, 269, 286, 302, 242, 906, 1176]","[873, 331, 303, 270, 313, 339, 995, 307, 258, 268, 288, 327, 245, 311, 678, 882, 903, 748, 304, 990, 300, 323, 310]","[272, 242, 286, 906, 269]","[995, 323, 268, 327, 313]"
129,"[379, 216, 642, 1217, 105, 307, 234, 316, 267, 366, 332, 161, 200, 410, 993, 876, 682, 568, 56, 172, 546, 550, 204, 71, 50, 772, 418, 125, 566, 55, 90, 1277, 748, 148, 229, 276, 228, 222, 357, 158, 3, 374, 183, 946, 49, 346, 12, 1047, 672, 84, 22, 63, 1016, 779, 150, 367, 596, 625, 333, 678, 959, 405, 210, 134, 240, 281, 282, 1208, 94, 508, 833, 66, 669, 742, 39, 496, 729, 322, 358, 33, 286, 176, 28, 174, 443, 226, 393, 99, 356, 597, 800, 128, 184, 195, 534, 69, 270, 298, 975, 147, 588, 255, 288, 111, 756, 1136, 619, 271, 881, 627, 143, 385, 44, 268, 202, 68, 564, 890, 684, 554, 218, 343, 305, 249, 1046, 1039, 132, 658, 555, 746, 472, 469, 54, 1267, 501, 27, 423, 252, 269, 246, 765, 235, 411, 692, 532, 82, 261, 98, 939, 929, 159, 31, 79, 237, 313, 974, 477, 181, 894, 412, 420, 215, 11, 118, 1244, 449, 5, 403, 452, 427, 328, 62, 1231, 354, 1028, 589, 816, 289, 24, 895, 65, 763, 527, 465, 531, 315, 578, 934, 67, 538, 64, 1279, 294, 38, 392, 1275, 2, 455, 321, 808, 236, 185, 179, 827, 944, 329, 1019, 89, 42, 1013, 426, 1280, 1276, 739, 188, 1, 196, 95, 347, 257, 355, 326, 1142, 373, 552, 350, 300, 1058, 928, 419, 404, 123, 291, 802, 1220, 96, 820, 77, 330, 144, 17, 219, 258, 752, 203, 239, 293, 7, 751, 794, 117, 444, 1278, 233, 272, 93, 121]","[1014, 1017, 109, 1246, 1248, 569, 949, 901, 542, 806, 206, 731, 245, 931, 815, 622, 231, 930, 572, 413, 1215, 58, 47, 53, 743, 335, 1228, 685, 4, 940, 353, 254, 1274, 541, 284, 1049, 363, 1207, 567, 217, 168, 173, 798, 689, 243, 122, 717, 41, 230, 295, 1273, 721, 433, 331, 450, 769, 1151, 888, 1034, 299, 262, 248, 892, 982, 665, 407, 227, 1089, 1095, 100, 250, 565, 1079, 470, 436, 864, 342, 398, 1210, 29, 475, 1088, 290, 932, 1245, 156, 453, 471, 389, 1157, 88, 771, 681, 819, 761, 824]","[235, 66, 1275, 7, 589]","[342, 407, 1034, 353, 363]"
130,"[126, 1281, 100, 750, 845, 313, 1, 14, 19, 286, 302, 285, 124, 276, 251, 242, 127, 269, 9, 744, 287, 297, 536]","[221, 274, 275, 293, 813, 137, 248]","[9, 286, 242, 287, 750]","[813, 221, 293, 274, 137]"
131,"[922, 137, 124, 154, 56, 523, 12, 127, 484, 521, 251, 285, 100, 664]","[275, 175, 151, 1154, 286, 50, 1019, 806]","[127, 154, 523, 124, 137]","[1154, 286, 275, 1019, 50]"
132,"[258, 315, 308, 272, 749, 750, 316, 269, 306, 271]","[751, 328, 260, 322, 304, 294, 346, 313, 300, 902, 243, 245, 343, 539, 286, 355]","[272, 316, 258, 271, 306]","[243, 260, 313, 539, 300]"
133,"[323, 879, 313, 539, 748, 258, 751, 15, 316, 328, 326, 1, 294, 678, 338]","[286, 300, 339, 259, 892, 315, 301, 302, 269, 508]","[313, 748, 294, 326, 258]","[315, 892, 286, 259, 301]"
134,"[23, 294, 176, 77, 228, 642, 443, 603, 185, 504, 183, 325, 475, 744, 653, 12, 258, 939, 173, 98, 56, 234, 321, 55, 203, 327, 470, 581]","[1046, 39, 1208, 431, 449, 233, 229, 227, 54, 566, 802, 33, 379, 564, 79, 265, 943, 288, 230, 260, 1217, 324, 452, 554, 38, 226, 5]","[258, 504, 475, 321, 294]","[288, 554, 265, 431, 230]"
136,"[144, 687, 300, 546, 237, 55, 195, 327, 261, 50, 222, 172, 183, 235, 472, 249, 15, 250, 117, 257, 266, 597, 121, 181, 174, 243, 680, 210, 385, 405, 89, 748, 411, 1028, 118, 685, 96, 79]","[51, 476, 260, 1, 892, 1117, 866, 289, 690]","[243, 249, 172, 144, 385]","[260, 892, 1117, 690, 866]"
138,"[268, 303, 458, 127, 246, 508, 286, 307, 1176, 296, 297, 150, 100, 676, 288, 1233, 475, 744]","[222, 740, 460, 302, 242, 237]","[150, 307, 100, 458, 296]","[460, 222, 242, 237, 302]"
139,"[268, 319, 289, 880, 302, 286, 304, 321, 303]","[332, 301, 322, 334, 258, 325, 872, 294, 873, 245, 988, 288]","[880, 319, 304, 268, 303]","[873, 872, 332, 301, 258]"
140,"[258, 274, 125, 744, 222, 472, 535, 50, 825, 237, 1258, 471, 546, 281, 117, 328, 295, 678, 252, 120, 410, 322, 300, 106, 282, 815, 121, 244, 7, 974, 313, 118, 298, 333, 926, 147, 284, 286, 323, 250, 126, 25, 985, 676, 619, 1047, 597, 930, 100, 291, 717, 15, 696, 255, 1023, 409, 1028, 984, 742, 866, 294, 181, 591]","[245, 826, 932, 750, 748, 225, 405, 288, 151, 864, 476, 1013, 880, 872, 1059, 1142, 1, 290, 756, 335, 1244, 235, 259, 127, 1283, 279, 261, 823, 292, 831, 293, 330, 248, 1014, 871, 346, 257, 276, 407, 1282, 1280, 249, 988, 1040]","[282, 117, 985, 120, 125]","[276, 748, 750, 288, 1282]"
141,"[169, 82, 181, 189, 895, 28, 350, 408, 333, 124, 176, 346, 514, 186, 425, 7, 42, 91, 268, 134]","[243, 362, 89, 288, 55, 358, 463, 259, 294, 315, 147, 338, 322]","[181, 28, 408, 7, 176]","[463, 243, 315, 89, 322]"
142,"[331, 328, 347, 325, 272, 333, 313, 315, 326, 307, 288, 322, 271]","[682, 323, 1038, 294, 286, 258, 690]","[325, 271, 313, 331, 322]","[682, 286, 690, 323, 1038]"
143,"[699, 709, 742, 125, 153, 508, 313, 778, 66, 1147, 747, 64, 303, 237, 880, 523, 286, 172, 461, 1169, 528, 1039, 50, 845, 713, 304, 855, 521, 293, 900, 22, 285, 129, 194, 33, 480, 1286, 96, 193, 181, 471, 32, 216, 191, 19, 956, 1142, 393, 180, 65, 197, 176, 273, 785, 190, 165, 297, 597, 531, 750, 942, 195, 655, 173, 213, 24, 524, 1138, 20, 847, 242, 257, 533, 187, 196, 215, 435, 326, 1065, 69, 144, 87, 258, 117, 729, 654, 1, 8, 4, 316, 647, 1101, 135, 318, 15, 1197, 588, 423, 251, 1226, 70, 48, 500, 478, 124, 405, 55, 514, 282, 963, 751, 651, 357, 98, 632, 474, 1012, 116, 234, 127, 14, 248, 9, 174, 12, 223, 126, 56, 100, 72, 294, 527, 962, 198, 411, 137, 183, 212, 59, 170]","[89, 831, 182, 106, 685, 31, 91, 961, 62, 727, 403, 328, 302, 518, 516, 204, 960, 298, 274, 209, 73, 762, 454, 1016, 591, 1284, 93, 410, 300, 105, 815, 221, 707, 1285, 160, 68, 470, 281, 244, 823, 476, 333, 288, 271, 280, 319, 61, 475, 262, 466, 327, 343, 307, 1010, 54, 1013, 147, 7, 284, 276, 58, 235, 1028, 455, 760, 690]","[48, 87, 117, 72, 193]","[403, 591, 274, 307, 160]"
144,"[237, 56, 22, 1245, 448, 591, 260, 393, 183, 13, 50, 299, 1001, 172, 315, 250, 278, 182, 109, 750, 552, 949, 203, 569, 185, 174, 200, 281, 674, 1208, 665, 159, 471, 752, 346, 44, 684, 273, 302, 7, 39, 713, 348, 327, 685, 763, 230, 751, 216, 69, 79, 470, 100, 42, 265, 270, 631, 549, 195, 301, 258, 431, 238, 688, 732, 12, 150, 242, 209, 1288, 673, 313, 635, 89, 1073, 510, 879, 202, 939, 156, 363, 1028, 23, 789, 117, 761, 410, 54, 257, 566, 825, 356, 412, 515, 294, 134, 282, 603, 816, 342, 652, 572, 1025, 328, 354, 650, 123, 316, 88, 284, 352, 173, 447, 343, 66, 1273, 181, 164, 246, 597, 1046, 31, 690, 329, 135, 219, 176, 358, 925, 636, 227, 106, 222, 310, 271, 228, 1041, 240, 436, 742, 98, 235, 269, 234, 64, 96, 869, 11, 249, 544, 1011, 293, 268, 1012, 97]","[275, 15, 974, 737, 756, 355, 1248, 764, 472, 743, 1, 460, 368, 993, 411, 682, 339, 443, 1057, 25, 672, 1217, 1292, 1102, 717, 286, 553, 637, 1212, 1077, 120, 896, 229, 760, 831, 1040, 105, 1090, 928, 924, 413, 592, 5, 696, 895, 406, 217, 683, 727, 1054, 3, 38, 680, 770, 304, 574, 298, 51, 212, 266, 983, 477, 933, 1002, 739, 620, 796, 122, 259, 771, 554, 820, 407, 1047, 558, 452, 1287, 559, 800, 380, 988, 595, 1132, 1290, 300, 929, 276, 486, 1291, 236, 767, 687, 877, 738, 977, 450, 379, 17, 823, 762, 692, 563, 934, 1087, 312, 1215, 274, 405, 979, 1023, 1051, 898, 454, 894, 331, 678, 111, 826, 892, 62, 859, 728, 1009, 394, 731, 1289, 930, 1210, 1283, 347, 642, 890, 55, 546, 821, 155, 901, 590, 118, 449, 628, 308, 1033, 226, 1216, 338, 77, 827, 9, 926, 333, 1279, 218, 49, 943, 53, 754, 59, 121, 740, 769]","[342, 66, 1011, 631, 393]","[1054, 407, 743, 1009, 339]"
145,"[1022, 262, 1294, 313, 302, 346, 258, 319, 331, 340, 1293, 272, 245, 315, 336, 345, 269, 311]","[307, 347, 688, 300, 328, 301, 271, 327, 294, 342, 286]","[315, 272, 336, 319, 245]","[327, 271, 688, 328, 286]"
147,"[408, 1, 114, 70, 495, 172, 1149, 501, 529, 214, 596, 71, 1012, 228, 473, 357, 169, 509, 116, 507, 163, 7, 588, 993, 432, 69, 50, 89, 209, 151, 222, 175, 132, 474, 181, 56, 227, 168, 135, 8, 663, 238, 174, 969, 133, 189, 173, 164, 194]","[140, 177, 185, 98, 1039, 78, 713, 204, 496, 521, 549, 418, 234, 190, 191, 127]","[169, 172, 175, 495, 228]","[177, 418, 127, 549, 78]"
148,"[269, 305, 896, 286, 302, 346, 268, 340, 303, 345, 313]","[319, 327, 312, 308, 310, 301, 689, 321, 262, 326, 338, 323, 337, 325, 874, 1295, 1296, 328, 300, 678, 272, 258, 245, 311, 333]","[340, 345, 268, 269, 346]","[321, 874, 262, 689, 328]"
149,"[293, 181, 129, 221, 246, 13, 1, 127, 475, 268, 50, 93, 628, 147, 273, 235, 410, 458, 151, 324, 288, 319, 276, 123, 291, 14]","[121, 100, 325, 278, 150, 124]","[13, 93, 147, 221, 276]","[121, 278, 150, 124, 100]"
150,"[10, 197, 703, 835, 12, 919, 58, 485, 372, 317, 1298, 89, 387, 969, 186, 15, 210, 490, 429, 162, 480, 522, 25, 529, 509, 169, 228, 7, 66, 175, 435, 813, 300, 357, 655, 662, 478, 196, 486, 274, 321, 709, 213, 464, 224, 494, 193, 425, 223, 114, 972, 514, 234, 428, 506, 505, 602, 735, 65, 837, 1197, 489, 736, 83, 411, 172, 732, 414, 79, 660, 160, 64, 287, 87, 121, 654, 227, 792, 659, 164, 699, 451, 482, 318, 605, 1101, 1264, 633, 484, 51, 707, 163, 1113, 461, 432, 189, 420, 729, 1109, 209, 136, 1286, 462, 483, 98, 939, 52, 69, 466, 525, 286, 137, 382, 86, 528, 496, 1039, 171, 185, 70, 181, 1203, 782, 549, 657, 275, 603, 770, 238, 378, 1070, 154, 131, 638, 845, 582, 198, 204, 609, 132, 474, 847, 211, 512, 50, 499, 81, 488, 504, 497, 430, 9, 463, 381, 516, 523, 111, 134, 965, 632, 14, 1299, 661, 88, 953, 408, 216, 265, 97, 507, 93, 628, 133, 1, 443, 33, 487, 473, 178, 614, 971, 151, 652, 606, 724, 1269, 956, 170, 194, 222, 168, 208, 4, 663, 56, 125, 44, 371, 277, 805, 611, 427, 174, 629, 945, 423, 258, 491, 1050, 143, 124, 301, 135, 922, 966, 173, 28, 664, 610, 202, 498, 73, 705, 380, 836, 190]","[176, 13, 747, 929, 1006, 402, 692, 481, 260, 191, 405, 826, 755, 241, 91, 328, 100, 1065, 419, 675, 1297, 417, 1074, 47, 775, 393, 231, 503, 203, 322, 49, 200, 183, 684, 584, 1044, 433, 1017, 153, 702, 356, 546, 627, 476, 448, 118, 631, 152, 230, 716, 781, 31, 561, 517, 566, 761, 215, 26, 147, 492, 1098, 741, 952, 469, 195, 748, 199, 82, 642, 290, 470, 962, 302, 385, 686, 1047, 436, 418, 531, 1041, 559]","[378, 209, 318, 185, 463]","[781, 13, 1297, 176, 476]"
151,"[685, 111, 272, 716, 132, 97, 125, 780, 866, 167, 220, 255, 1028, 790, 966, 204, 241, 162, 191, 699, 67, 51, 151, 313, 286, 80, 22, 483, 157, 234, 783, 215, 410, 371, 1041, 71, 237, 1301, 69, 504, 720, 275, 161, 15, 785, 274, 794, 49, 364, 549, 117, 402, 1053, 632, 487, 692, 133, 527, 1300, 66, 8, 173, 153, 1136, 284, 121, 278, 411, 143, 739, 423, 781, 155, 280, 775, 740, 724, 88, 763, 294, 283, 33, 393, 944, 568, 660, 451, 1035]","[301, 412, 147, 25, 98, 845, 1014, 1054, 120, 354, 21, 871, 778, 596, 367, 319, 401, 559]","[423, 1035, 278, 161, 685]","[778, 301, 25, 1014, 21]"
152,"[64, 56, 265, 258, 357, 182, 79, 568]","[174, 678, 22, 127, 321, 216, 323, 510, 294, 50, 325, 181, 172, 322, 187]","[357, 56, 258, 79, 182]","[187, 325, 321, 50, 22]"
153,"[357, 488, 302, 175, 484, 286, 806, 182, 50, 480, 640, 89, 708, 527, 479, 135, 414, 474, 919, 482, 191, 174, 651, 61, 197, 211, 515, 238, 200, 187, 185, 641, 475, 152, 523, 172]","[242, 289, 137, 202, 333, 462, 143, 288, 874, 945, 642, 324, 258, 222, 496]","[238, 474, 523, 357, 527]","[874, 324, 242, 143, 462]"
155,"[661, 641, 58, 192, 137, 317, 211, 180, 197, 318, 48, 357, 651, 178, 187, 510, 86, 157, 480, 9, 528, 100, 646]","[276, 205, 12, 64, 124, 346, 22, 11, 83, 772, 806, 515, 655, 77]","[137, 646, 510, 318, 100]","[22, 515, 124, 346, 806]"
156,"[274, 283, 150, 127, 273, 407, 298, 137, 1, 1302, 293, 147, 1258, 268, 508, 1051, 50, 290, 100, 289, 269, 117, 313, 286, 340, 410, 515, 276, 244, 235, 1016]","[25, 250, 405, 1132, 748, 740, 3, 1283, 93, 476, 255, 934, 1244, 685, 597, 120, 118, 111, 258, 475]","[515, 313, 274, 340, 1258]","[685, 1283, 93, 597, 25]"
157,"[177, 1098, 24, 770, 241, 1011, 190, 85, 414, 1, 568, 271, 483, 38, 79, 144, 8, 580, 525, 100, 228, 277, 11, 182, 163, 825, 176, 62, 50, 286, 403, 244, 636, 82, 593, 137, 127, 116, 172, 435, 530, 516, 502, 148, 204, 154, 124, 20, 430, 173, 659, 798, 168, 96, 275, 118, 745, 209, 89, 39, 293, 194, 652, 129, 985, 250, 92, 111, 694, 744, 55, 187, 202, 742, 576, 238, 367, 455, 1067, 408, 325, 284, 283, 121, 471, 188, 10, 562, 175, 810, 511, 1047, 174, 217, 686, 56, 518, 651, 302, 208, 648, 210, 22, 195, 83, 285, 290, 70, 4, 709, 7, 431]","[665, 729, 128, 510, 72, 42, 809, 68, 566, 550, 149, 229, 803, 731, 273, 373, 222, 183, 216, 433, 472, 117, 186, 239, 410, 184, 235, 797, 570, 120, 546, 684, 399, 123, 544, 53, 221, 181, 252, 450, 583, 231, 226, 1016, 866, 227, 29, 161, 233, 823, 449, 232, 978, 107, 385, 1303, 514, 298, 294, 125, 230]","[825, 562, 163, 593, 55]","[123, 385, 226, 797, 583]"
158,"[1028, 127, 685, 259, 249, 111, 323, 258, 930, 871, 451, 546, 225, 245, 678, 220, 471, 1190, 756, 117, 310, 918, 273, 595, 24, 294, 1095, 243, 333, 96, 126, 1049, 1013, 7, 476, 276, 405, 25, 829, 1014, 1221, 866, 591, 291, 125, 293, 272, 298, 1152, 118, 1012, 322, 597, 15, 1132]","[1037, 815, 328, 237, 1002, 831, 877, 881, 286, 748, 103, 1025, 872, 411, 121, 289, 412, 832, 588, 260, 1278, 274, 72, 319, 195, 255, 1023, 326, 364, 876, 301, 628, 250, 948, 1258, 456, 67, 988, 1092, 1048, 299, 130, 873, 880, 742, 254, 358, 845, 1254, 9, 932, 288]","[405, 476, 118, 866, 1012]","[1025, 195, 877, 411, 237]"
159,"[234, 174, 135, 462, 160, 430, 56, 117, 187, 93, 124, 1019, 79, 175, 4, 209, 484, 32, 123, 463, 1223, 24, 693, 604, 447, 475, 137, 23, 544, 218, 603, 1, 50, 1073, 1016, 169, 182, 13, 100, 1012, 273, 531, 671, 248, 410, 455, 202, 474, 770, 201, 508, 1197, 282, 293, 185, 763, 240, 192, 168, 151, 195, 922, 514, 461, 285, 483, 211, 276, 1142, 497, 61, 1134, 150, 955, 213, 11, 458, 129, 157, 55, 408, 59, 288, 302, 250, 488, 952, 127]","[719, 460, 3, 126, 21, 432, 762, 109, 118, 926, 161, 228, 328, 564, 7, 230, 969, 864, 412, 405, 844, 640, 933, 15, 153, 825, 589, 237, 628, 832, 9, 325]","[169, 50, 483, 93, 1223]","[640, 589, 719, 153, 230]"
160,"[202, 98, 14, 276, 186, 100, 272, 316, 69, 315]","[48, 318, 168, 898, 162, 174, 582, 654, 56, 213, 523, 286, 127, 274, 215, 1266, 187, 508, 191, 135, 309, 265, 435, 181, 22, 50, 132, 257, 133, 473, 483, 496, 640, 204, 428, 1117, 486, 284, 210, 487, 15, 929, 70, 197, 194, 177, 225, 118]","[276, 202, 100, 315, 316]","[174, 929, 177, 56, 286]"
161,"[25, 1019, 181, 742, 121, 1047, 298, 222, 174, 50, 117, 544, 628, 597, 710, 943, 1012, 1011, 508, 11, 1, 237, 79, 147, 28]","[685, 230, 42, 151, 254, 144, 208, 105, 358, 403, 7, 179, 826, 122, 474, 55, 294]","[1019, 117, 121, 943, 1]","[105, 826, 55, 7, 358]"
162,"[56, 64, 98, 97, 318, 347, 272, 258, 357, 316]","[288, 234, 286, 216, 433, 301, 269, 879, 300, 28, 305, 326, 202]","[347, 258, 97, 316, 56]","[301, 269, 286, 433, 234]"
163,"[281, 930, 685, 117, 299, 597, 689, 458, 313, 322, 125, 984, 245, 148, 331, 300, 118, 619, 181, 323, 333, 823, 748, 121, 1025, 258, 293, 370, 866, 100, 515, 291, 934, 742, 252, 405, 282, 222, 307, 751, 472, 471, 825, 678, 329, 9, 826, 248, 690, 328]","[406, 620, 926, 276, 237, 845, 411, 717, 1016, 326, 342, 298, 407]","[293, 148, 252, 458, 685]","[926, 406, 407, 342, 1016]"
164,"[216, 372, 325, 258, 419, 181, 651, 332, 91, 15, 176, 222, 270, 169, 318, 174, 127, 326, 432, 202, 223]","[288, 304, 69, 500, 260, 328, 187, 156, 1119]","[432, 174, 258, 332, 181]","[260, 328, 187, 288, 500]"
165,"[328, 322, 258, 343, 300, 894, 323, 751, 984, 347, 313]","[346, 288, 748, 294, 286, 243, 688, 315, 687]","[751, 894, 328, 343, 347]","[748, 315, 286, 288, 346]"
166,"[486, 659, 1306, 603, 222, 1147, 698, 1126, 136, 133, 381, 204, 318, 96, 478, 435, 1304, 521, 8, 530, 83, 237, 512, 655, 735, 513, 238, 673, 99, 241, 615, 493, 1200, 606, 86, 137, 216, 641, 465, 1125]","[232, 364, 392, 404, 675, 48, 1309, 169, 733, 126, 1310, 73, 1307, 290, 1305, 568, 235, 949, 719, 1308, 225, 726, 240, 1225, 288, 831, 554, 674, 184]","[435, 478, 1126, 204, 606]","[733, 949, 169, 675, 404]"
167,"[151, 866, 274, 295, 596, 1197, 409, 1016, 258, 25, 117, 257, 282, 100, 222, 15, 819, 742, 125, 121, 126, 294, 291, 225, 1012, 280, 313, 405, 300, 744, 1, 118, 273, 181, 845, 1051]","[1278, 284, 255, 235, 411, 988, 7, 748, 123, 472, 288, 1047, 323, 281, 619, 259, 9, 930, 275, 871, 678, 597, 325, 685, 252, 763, 473, 458, 931, 546, 276, 1028, 924]","[258, 151, 409, 121, 744]","[473, 988, 123, 924, 1278]"
168,"[301, 174, 879, 603, 172, 181, 133, 127, 604, 705, 234, 211, 213, 684, 331, 480, 300, 258, 134, 50, 443, 538, 199, 606]","[429, 308, 260, 498, 483, 495, 243, 204, 321, 499, 683, 482, 525]","[172, 134, 199, 604, 50]","[482, 495, 204, 308, 243]"
169,"[749, 292, 245, 333, 326, 984, 322, 304, 678, 300]","[299, 328, 881, 288, 323, 348, 259, 988, 687, 258, 876, 294]","[245, 322, 304, 326, 333]","[881, 258, 348, 988, 323]"
170,"[292, 327, 302, 313, 268, 262, 887, 258, 315, 346, 303, 269, 310, 270, 272]","[245, 1022, 344, 306, 340, 906, 305, 354, 690, 304, 286, 288, 326]","[270, 258, 887, 268, 292]","[304, 340, 306, 288, 690]"
171,"[177, 220, 580, 183, 582, 124, 463, 642, 428]","[462, 488, 603, 697, 657, 485, 478, 430, 1134, 178, 1172, 514, 483, 612, 606, 772, 425, 23]","[642, 580, 463, 582, 177]","[606, 772, 178, 488, 430]"
172,"[289, 328, 286, 323, 300, 322, 294, 260, 242, 292, 880, 879, 268, 331, 321, 269, 874, 305, 690, 302, 306, 984, 937, 299, 324, 334, 995, 319, 303, 332, 327, 326, 301, 329, 262, 258, 245]","[938, 1265, 678, 687, 259, 881]","[327, 303, 289, 690, 292]","[938, 881, 687, 259, 1265]"
173,"[315, 937, 660, 402, 237, 160, 471, 699, 107, 458, 823, 117, 255, 63, 393, 312, 332, 333, 49, 196, 655, 66, 1053, 248, 28, 845, 268, 1028, 14, 293, 276, 949, 197, 124, 1312, 40, 162, 204, 762, 1041, 216, 56, 272, 347, 476, 723, 433, 1074, 722, 846, 742, 238, 953, 221, 239, 269, 1035, 451, 12, 1282, 696, 210, 111, 739, 100, 1221, 764, 417, 553, 278, 662, 147, 747, 140, 9, 1262, 15, 31, 69, 340, 246, 126, 178, 371, 244, 70, 381, 286, 125, 50, 716, 1086, 155, 709, 724, 280, 648, 11, 215, 65, 781, 284, 582, 934, 87, 143, 708, 98, 202, 1313, 88]","[368, 80, 395, 396, 41, 1014, 82, 902, 94, 369, 456, 383, 412, 1254, 1001, 577, 118, 29, 862, 288, 1033, 950, 21, 1032, 423, 1230, 571, 575, 415, 67, 13, 768, 1139, 138, 597, 122, 158, 388, 1, 364, 715, 323, 139, 843, 151, 546, 401, 871, 623, 763, 721, 905, 386, 780, 1311, 1091, 132, 988, 384, 407, 951, 99, 240, 167, 1017, 168]","[202, 1312, 196, 1282, 11]","[139, 780, 902, 905, 122]"
174,"[127, 71, 31, 183, 483, 9, 215, 496, 64, 661, 193, 234, 419, 12, 172, 133, 11, 50, 186, 88, 136, 111, 98, 187]","[96, 56, 176, 629, 669, 660, 132, 100, 147, 508, 195, 273, 869, 566]","[172, 234, 183, 483, 31]","[56, 566, 669, 195, 176]"
175,"[875, 324, 258, 272, 305, 250, 100, 13, 240, 1012, 948, 750, 50, 236, 270, 347, 111, 246, 151, 475, 328, 222, 874, 321, 298, 117, 1008, 7, 150, 262, 93, 268, 293, 458, 340, 285, 1097, 345, 273]","[327, 294, 288, 297, 751, 303, 343, 952, 25, 325, 741, 927, 237, 286, 129, 289, 508, 319, 881, 405, 919, 876, 181, 257]","[7, 236, 475, 458, 1097]","[257, 876, 303, 741, 751]"
176,"[333, 203, 209, 56, 299, 79, 919, 89, 87, 182, 150, 175, 179, 318, 197, 195, 276, 403, 508, 1067, 100, 22, 172, 198, 168, 433, 475, 470, 294, 59, 23, 154, 806, 654, 12, 693, 223, 50, 153, 92, 11, 176, 469, 200, 135, 963, 173, 64, 1218, 288, 527, 186, 60, 216, 302, 340, 7, 642, 324, 181, 183, 307, 127, 174, 210, 144, 98, 156, 42, 187, 160]","[321, 69, 243, 960, 651, 124, 1039, 300, 1, 271, 245, 289, 260, 948, 196, 47, 878, 336, 270, 334, 338, 689, 421, 343, 161, 121, 55, 358, 268, 628, 568, 217, 292, 322, 258, 129, 96, 1110, 678, 748, 327, 238, 204, 221]","[154, 186, 210, 527, 642]","[268, 321, 121, 651, 948]"
177,"[248, 568, 731, 845, 317, 433, 385, 199, 209, 73, 234, 148, 255, 125, 121, 131, 926, 549, 427, 302, 288, 655, 250, 651, 1004, 275, 1012, 210, 193, 284, 58, 1035, 70, 866, 178, 520, 22, 83, 89, 367, 99, 204, 183, 342, 1169, 566, 195, 8, 257, 500, 271, 117, 98, 454, 187, 739, 510, 181, 55, 96, 216, 28, 491, 15, 326, 431, 228, 495, 478, 71, 16, 696, 196, 258, 597, 241, 123, 2, 202, 300, 219, 176, 1315, 274, 318, 237, 472, 1016, 82, 685, 1101, 95, 591, 238, 127, 97, 751, 729, 280, 265, 578, 11, 763, 354, 423, 56, 87, 226, 313, 153, 783, 143, 316, 50, 155, 184, 809, 62, 230, 124, 679, 144, 724, 1258, 77, 7, 735, 157, 484, 64, 172, 435, 229, 79, 168, 1, 1197, 658, 233, 293, 792, 66, 483, 748, 304, 222, 31, 246, 51, 781, 331, 511, 684, 628, 194, 161, 215, 410, 12, 283, 993, 471, 588, 147, 100, 531, 133, 232, 69, 203, 174, 269, 223, 173, 268, 118, 1119, 111]","[332, 742, 276, 678, 282, 106, 218, 984, 358, 978, 245, 179, 546, 135, 849, 1051, 480, 682, 76, 1283, 286, 465, 244, 455, 508, 596, 25, 746, 864, 877, 134, 259, 363, 273, 540, 1300, 294, 323, 762, 619, 214, 458, 895, 39, 260, 197, 756, 846, 764, 340, 322, 790, 281, 38, 24, 1157, 235, 90, 405, 298, 92, 249, 876, 654, 469, 1048, 819, 9, 200, 535, 1033, 1314, 744, 506, 319, 1038, 476, 625, 460, 1047, 180, 156, 333, 720, 1011, 607, 164, 823, 881, 295, 873, 328, 339, 1028, 220]","[161, 809, 1169, 316, 293]","[273, 742, 756, 220, 135]"
178,"[905, 258, 316, 895, 315, 354, 305, 301, 310, 272, 302, 333, 340, 288, 300, 914, 682, 916, 538, 313]","[339, 751, 345, 1316, 269, 750, 303, 346, 331, 893, 321, 917, 690, 307, 362, 1127, 691, 902, 1234, 353, 271, 347]","[305, 300, 288, 682, 333]","[271, 346, 307, 1234, 362]"
179,"[462, 68, 762, 431, 433, 121, 83, 213, 631, 421, 111, 69, 216, 56, 156, 694, 1131, 423, 173, 729, 658, 186, 380, 258, 733, 684, 660, 98, 196, 961, 318, 372, 747, 939, 785, 222, 469, 191, 53, 40, 735, 655, 235]","[202, 1119, 737, 79, 67, 716, 403, 28, 204, 732, 778, 153, 790, 201, 367, 1046, 12, 739, 181, 356]","[83, 431, 729, 213, 939]","[1119, 181, 67, 12, 790]"
180,"[220, 121, 405, 7, 742, 682, 25, 9, 288, 974, 591, 282, 270, 289, 476, 274, 222, 596, 237, 280]","[1081, 264, 872, 3, 1295, 279, 325, 938, 306, 741, 1015, 762, 870, 1060, 1288, 927, 696, 930, 619, 334, 14, 1332, 1334, 1327, 328, 1, 240, 1010, 1094, 408, 874, 1383, 1342, 16, 327, 979, 221, 995, 1164, 1001, 1348, 302, 1320, 1324, 597, 1093, 304, 1322, 1364, 680, 123, 20, 975, 124, 823, 369, 688, 457, 406, 359, 1346, 1393, 1351, 1198, 926, 321, 1067, 887, 1347, 286, 1051, 1362, 1265, 764, 1291, 301, 1312, 824, 1384, 882, 1128, 1371, 335, 1318, 319, 676, 1202, 458, 1386, 933, 1120, 330, 866, 1048, 829, 21, 112, 1390, 1282, 148, 1370, 1272, 840, 1259, 1378, 324, 269, 276, 827, 1289, 766, 283, 1373, 922, 978, 740, 149, 256, 125, 368, 1385, 10, 834, 1017, 1057, 1087, 846, 819, 928, 266, 1068, 929, 990, 937, 1361, 1129, 1134, 886, 262, 976, 832, 243, 251, 1374, 1388, 1284, 748, 1009, 260, 1049, 825, 878, 1387, 1343, 1357, 1376, 103, 1052, 881, 1379, 225, 1330, 1354, 1151, 980, 950, 150, 1369, 1040, 277, 948, 1367, 1174, 1336, 1344, 1392, 1377, 1165, 1360, 424, 1028, 620, 146, 258, 459, 1375, 13, 1395, 952, 879, 284, 984, 1333, 873, 308, 337, 261, 268, 472, 985, 841, 147, 278, 690, 986, 329, 763, 925, 137, 294, 471, 931, 1363, 991, 1339, 235, 681, 813, 1085, 15, 1349, 1389, 845, 989, 1337, 455, 363, 1038, 983, 924, 1002, 477, 105, 1359, 877, 336, 475, 934, 1162, 1026, 358, 1277, 920, 1280, 982, 760, 360, 1132, 1097, 291, 413, 290, 1114, 118, 749, 456, 1255, 1331, 100, 767, 977, 307, 117, 876, 1059, 1197, 19, 129, 18, 224, 111, 831, 547, 1372, 104, 93, 126, 407, 1245, 1054, 1150, 1338, 818, 1302, 1340, 322, 409, 242, 275, 820, 844, 326, 919, 883, 1355, 1152, 756, 1022, 758, 263, 300, 236, 412, 1173, 323, 1326, 6, 1084, 1391, 1345, 460, 109, 1335, 683, 1095, 24, 718, 305, 292, 885, 932, 833, 864, 1319, 1117, 1102, 628, 116, 875, 1047, 1350, 981, 1365, 259, 744, 1252, 595, 1328, 1161, 285, 1321, 1394, 1115, 1323, 1086, 828, 1199, 332, 1380, 331, 411, 303, 122, 1163, 884, 847, 410, 108, 1011, 1171, 598, 1329, 508, 1187, 678, 1034, 1382, 333, 713, 743, 593, 106, 1356, 871, 1296, 685, 151, 1025, 687, 473, 717, 546, 1008, 988, 1061, 130, 1353, 1366, 1079, 245, 120, 1276, 107, 1281, 1368, 1215, 299, 1325, 1242, 370, 287, 1341, 544, 1352, 1317, 281, 1358, 1137, 273, 880, 826, 1033, 815, 1381, 1287]","[596, 282, 476, 742, 274]","[847, 1384, 235, 989, 224]"
181,"[69, 172, 864, 423, 471, 123, 191, 111, 126, 479, 181, 50, 596, 178, 1, 15]","[845, 293, 237, 763, 121, 100, 283, 222, 257, 203, 150, 48]","[864, 15, 596, 126, 191]","[150, 845, 121, 237, 763]"
182,"[241, 405, 483, 720, 159, 227, 273, 222, 485, 216, 212, 55, 230, 380, 202, 228, 177, 274, 649, 739]","[96, 562, 225, 250, 1217, 88, 265, 203, 331, 450, 54, 257, 294, 270, 229, 77, 176, 1159, 210, 226, 181, 1090, 356, 375, 431, 62, 94, 144, 121, 449, 50, 1215, 258]","[228, 216, 273, 274, 159]","[203, 258, 96, 331, 294]"
183,"[321, 187, 98, 602, 191, 514, 86, 207, 181, 71, 100, 1137, 498, 47, 521, 132, 14, 1020, 780, 172, 836, 89, 275, 855, 531, 604, 462, 1136, 287, 52, 208, 1010, 699, 196, 478, 588, 70, 124, 511, 647, 582, 137, 642, 1396, 1398, 286, 64, 116, 950, 237, 58, 382, 250, 57, 606, 9, 515, 423, 517, 497, 657, 221, 210, 631, 127, 528, 357, 378, 183, 44, 176, 381, 945, 512, 527, 1167, 708, 654, 20, 25, 483, 285, 215, 66, 529, 508, 694, 523, 393, 51, 182, 644, 93, 283, 596, 1160, 50, 40, 165, 185, 451, 707, 213, 715, 65, 1, 340, 492, 632, 223, 170, 1008, 692, 485, 428, 496, 724, 488, 813, 134, 473, 272, 216, 487, 640, 506, 313, 1121, 504, 262, 238, 1101, 371, 792, 318, 276, 387, 192, 1086, 509, 480, 676, 212, 197, 274, 95]","[218, 153, 412, 522, 277, 660, 161, 36, 155, 729, 559, 716, 126, 1012, 1006, 92, 15, 217, 645, 972, 259, 88, 458, 665, 1232, 949, 255, 13, 202, 77, 258, 34, 693, 553, 231, 766, 405, 69, 22, 91, 1195, 410, 584, 568, 805, 72, 252, 174, 447, 11, 1397, 67, 143, 742, 164, 254, 942, 995, 736, 117, 402, 166, 443, 1014, 738, 411, 401, 82, 97, 747, 956, 399, 651, 639, 203, 175, 739, 1117, 121, 79, 1148, 118, 845, 1061, 664, 235, 476, 655, 591, 396, 7, 301, 1297, 220, 56, 403, 317, 29, 160, 368, 241, 837, 629, 735, 372]","[631, 780, 950, 197, 393]","[995, 258, 845, 735, 411]"
184,"[23, 287, 216, 114, 740, 199, 269, 127, 528, 237, 196, 638, 197, 318, 28, 86, 285, 223, 279, 515, 447, 275, 690, 181, 1020, 276, 111, 514, 423, 9, 25, 116, 321, 286, 178, 845, 47, 50, 703, 258, 480, 302]","[939, 15, 205, 160, 701, 239]","[28, 285, 114, 279, 423]","[239, 160, 205, 939, 701]"
185,"[566, 148, 470, 281, 385, 588, 925, 322, 591, 550, 1277, 1253, 71, 257, 44, 117, 225, 988, 31, 939, 546, 100, 226, 300, 596, 1016, 79, 306, 829, 568, 332, 540, 98, 203, 291, 356, 684, 38, 477, 887, 330, 689, 159, 55, 1042, 177, 77, 147]","[302, 250, 263, 983, 406, 977, 53, 333, 742, 770, 237, 554, 327, 288, 338, 717, 118, 299, 95, 243, 106, 934, 1399, 754, 595, 121, 303, 1046, 56, 880, 1336, 1083, 258, 298, 820, 1033, 12, 294, 1213, 1385, 331, 405, 295, 269]","[177, 939, 1042, 470, 988]","[243, 298, 263, 1213, 258]"
186,"[64, 210, 135, 116, 70, 427, 28, 792, 659, 747, 86, 275, 196, 191, 433, 735, 651, 214, 65, 197, 216, 428, 660, 168, 213, 69, 736, 179, 423, 23, 8, 462, 209, 83, 186, 435, 300, 707, 173, 137, 52, 710, 1065, 694]","[215, 523, 732, 175, 522, 582, 1119, 663, 97, 134, 241, 204]","[186, 70, 792, 69, 710]","[523, 134, 582, 1119, 663]"
187,"[692, 143, 443, 96, 218, 474, 88, 204, 234, 357, 69, 7, 211, 628, 173, 210, 148, 13, 98, 77, 419, 79, 56, 717, 392, 632, 216, 127, 930, 185, 164, 568, 483, 629, 498, 5, 764, 462, 553, 651, 100, 97, 468, 64, 177, 54, 121, 470, 22, 566, 742, 162, 288, 591, 153, 180, 76, 519, 673, 318, 199, 265, 174, 455, 356, 11, 50, 300, 176, 484]","[237, 769, 191, 159, 554, 792, 511, 233, 195, 504, 38, 205, 326, 485, 732, 209, 1213, 202, 66, 161, 181, 240, 864, 1263, 226, 28, 157, 281, 877, 118, 294, 144, 678, 928, 1041, 151, 194, 510, 684, 635, 259, 187]","[455, 462, 443, 764, 628]","[326, 159, 294, 66, 504]"
188,"[512, 520, 1060, 526, 56, 20, 197, 751, 1005, 1115, 1, 30, 462, 253, 480, 705, 1021, 694, 496, 1099, 1372, 632, 652, 1098, 274, 173, 216, 248, 657, 847, 143, 100, 484, 505, 483, 96, 607, 1403, 225, 275, 294, 268, 510, 474, 513, 639, 135, 479, 134, 194, 174, 638, 234, 176, 1117, 127, 89, 198, 131, 423, 44, 499, 196, 172, 99, 283, 204, 132, 647, 1065, 501, 24, 136, 97, 238, 656, 246, 527, 13, 603, 630, 207, 500, 487, 124, 166, 317, 191, 83, 485, 150, 1402, 378, 50, 863, 178, 165, 151, 175, 661, 4, 517, 10, 1401, 952, 133, 433, 498, 486, 1020, 318, 137, 157, 8, 792, 199, 525, 511, 659, 588, 1404, 179, 28, 489, 14, 459, 568, 170, 185, 473, 532, 523, 582, 180]","[634, 203, 91, 120, 45, 276, 129, 60, 281, 815, 21, 121, 618, 732, 15, 381, 79, 31, 596, 9, 16, 820, 1400, 241, 105, 855, 516, 313, 7, 492, 209, 162, 663, 214, 118, 934, 654, 990, 61, 914, 181, 1315, 418, 503, 742, 1056, 255, 531, 405, 1154, 297, 186, 59]","[14, 847, 1060, 632, 1117]","[214, 129, 1056, 663, 120]"
189,"[117, 302, 147, 751, 300, 628, 269, 222, 405, 333, 354, 471, 15, 313, 245, 272, 273, 591, 276, 544, 310, 326, 148, 100, 7, 237, 288]","[977, 974, 340, 717, 742, 282, 118, 294, 291, 748, 363, 1313, 895, 539, 125, 281, 898, 823, 989, 685, 121, 508, 597, 696, 546, 328, 258, 327, 826, 24, 930, 9]","[222, 310, 302, 544, 148]","[977, 1313, 898, 281, 340]"
190,"[302, 286, 301, 313, 86, 272, 300, 900, 750, 331, 340, 316, 345, 315]","[751, 754, 752, 288, 896, 307, 328, 269, 332, 343, 270, 891, 339]","[302, 900, 286, 750, 300]","[896, 270, 328, 332, 343]"
191,"[1061, 1160, 127, 301, 340, 1405, 302, 257, 1137, 258, 284, 50, 108, 25, 813, 515, 7, 100, 289, 9, 287]","[476, 948, 252, 276, 277, 121, 235, 125, 1171, 255, 1265, 269, 111, 118]","[302, 258, 1405, 9, 813]","[235, 255, 277, 252, 1171]"
192,"[941, 407, 1078, 627, 435, 393, 693, 673, 117, 276, 485, 174, 553, 684, 750, 301, 845, 127, 155, 443, 1406, 100, 210, 307, 194, 187, 366, 269, 310, 300, 508, 237, 1, 23, 742, 739, 1168, 905, 199, 313, 25, 280, 69, 177, 218, 153, 580, 755, 79, 286, 182, 159, 347, 487, 282, 690]","[96, 869, 879, 410, 790, 332, 554, 827, 368, 682, 195, 1132, 328, 288, 234, 465, 268, 871, 33, 111, 362, 2, 258, 1258, 815, 29, 689, 259, 56, 147, 260, 352, 928, 327, 722, 246, 73, 412, 274, 38, 402, 562, 82, 781, 94, 72, 541, 354, 763, 476, 403, 895, 1074, 343, 294, 161, 122, 121, 24, 826, 1407, 715, 333, 405, 1090]","[307, 280, 269, 673, 286]","[332, 871, 195, 410, 258]"
193,"[165, 466, 23, 187, 191, 647, 4, 792, 663, 530, 770, 520, 566, 431, 735, 56, 519, 52, 523, 51, 511, 317, 648, 1, 510, 218, 124, 185, 527, 58, 161, 44, 588, 98, 12, 526, 188, 144, 127, 193, 71, 427, 192, 64, 100, 197, 194, 503, 357, 69, 693, 9, 529, 837, 28, 22, 13, 467, 659, 655, 87, 238, 15, 483, 174, 580, 432, 294, 521, 474, 507, 157, 737, 173, 211, 179, 657, 518, 204, 168, 265, 186, 496, 515, 435, 661, 223, 318, 136, 199, 502]","[274, 385, 1211, 181, 1028, 54, 66, 172, 152, 77, 212, 239, 160, 478, 205, 234, 237, 82, 321, 1206, 404, 705, 576, 196, 410, 1183, 213, 470, 756, 971, 153, 216, 162, 62, 132, 708, 582, 30, 808, 631, 202, 433, 383, 1409, 450, 559, 117, 425, 517, 1220, 509, 284, 417, 26, 366, 215, 471, 744, 451, 175, 286, 514, 1058, 195, 198, 281, 289, 739, 232, 226, 946, 443, 203, 222, 636, 83, 227, 25, 7, 623, 616, 99, 94, 504, 210, 259, 941, 479, 660, 568, 482, 692, 1093, 780, 180, 951, 95, 235, 70, 939, 1045, 491, 485, 642, 403, 31, 154, 456, 376, 628, 135, 633, 178, 90, 1412, 229, 546, 498, 625, 481, 562, 423, 736, 356, 121, 405, 820, 1011, 1041, 762, 50, 414, 230, 182, 118, 225, 86, 1207, 732, 8, 1066, 73, 624, 997, 76, 549, 159, 134, 402, 183, 720, 1411, 991, 944, 91, 449, 640, 864, 241, 155, 380, 81, 371, 209, 276, 1091, 542, 88, 783, 419, 1044, 674, 29, 871, 1410, 1408, 89, 488, 282, 651, 629, 540, 516, 133, 143, 393, 219, 72, 465, 78, 387, 367, 97, 177, 1107, 679, 79, 125, 67, 167, 1112, 715, 228, 710, 790, 604, 570, 550, 712, 654, 575, 399, 208, 501]","[186, 518, 647, 188, 136]","[117, 1011, 790, 1220, 1107]"
194,"[273, 751, 328, 1014, 265, 496, 387, 181, 887, 14, 100, 1084, 591, 298, 258, 421, 1089, 304, 651, 213, 823, 1418, 271, 55, 132, 47, 127, 500, 143, 1193, 313, 276, 451, 134, 234, 582, 1315, 135, 242, 507, 615]","[1052, 300, 154, 186, 407, 477, 227, 99, 469, 61, 1013, 1228, 831, 67, 779, 325, 46, 771, 1417, 921, 636, 235, 558, 59, 264, 797, 753, 982, 1416, 1407, 326, 413, 152, 508, 809, 198, 1413, 93, 1415, 678, 877, 740, 373, 433, 384, 1030, 1414, 386, 358, 60, 748, 431, 841, 109, 366]","[651, 258, 1418, 271, 328]","[748, 740, 831, 1407, 477]"
195,"[393, 381, 655, 67, 306, 238, 663, 111, 25, 286, 692, 8, 428, 1118, 108, 382, 285, 1007, 411, 153, 1022, 845]","[242, 251, 580, 94, 70, 66, 257, 202, 340, 287, 116, 1241, 13, 762, 173, 269, 110]","[382, 381, 428, 1118, 306]","[287, 110, 269, 242, 257]"
196,"[96, 347, 511, 300, 515, 294, 176, 570, 449, 510, 566, 651, 181, 328, 187, 195, 344, 89, 750, 127, 258, 289, 233, 161, 79, 1228, 174, 226, 316, 210, 362, 313, 665, 232, 684, 435, 22, 230, 245, 228, 265, 172, 526, 183, 879, 554, 82, 177, 311, 568, 272, 50, 576, 802]","[346, 688, 302, 55, 229, 518, 849, 288, 231, 431, 770, 1419, 68, 385, 748, 720, 340, 808, 779, 271, 92, 33, 321, 690, 62, 578, 286, 190, 880, 530, 550, 259, 323, 188, 399, 333, 586, 678, 895, 56, 39, 373, 679, 354, 2, 11, 322, 38, 29, 307, 403, 241, 332, 1222, 4, 182, 1420, 184, 538, 947, 326, 751, 227, 306]","[576, 127, 187, 879, 230]","[779, 306, 288, 550, 229]"
197,"[258, 7, 135, 179, 214, 651, 1169, 427, 511, 746, 357, 11, 429, 188, 23, 217, 629, 172, 318, 193, 654, 197, 176, 509, 182, 527, 154, 183, 174, 501, 660, 198, 187, 979, 173, 403, 1142, 215, 168, 210, 101, 1, 56, 98, 191, 216, 132, 655, 200, 1245, 153, 727, 69, 382, 64, 480, 186, 127, 531, 50, 447, 181, 475, 526, 474, 89, 137, 942, 151, 96, 81, 428, 238]","[498, 58, 234, 118, 658, 100, 24, 640, 180, 549, 385, 1117, 249, 156, 51, 148, 568, 402, 97, 323, 15, 1014, 184, 748, 241, 636, 410, 692, 175, 95, 79, 82, 196, 65, 631, 203, 228, 33, 218, 381, 559, 1094, 280, 455, 959, 693, 871, 690, 25, 300, 222, 763, 276, 121, 208, 298, 6, 411, 356, 117, 143, 55, 161, 923, 70, 433, 1244, 265, 185, 237, 195, 581, 369, 73, 431, 434, 652, 122, 164, 108, 131, 820, 27, 4, 707, 824, 229, 823, 518, 405, 462, 291, 31, 248, 230, 201, 939, 343, 423, 71, 682, 367, 204, 470, 128, 684, 93, 673]","[216, 727, 651, 1142, 174]","[118, 690, 230, 402, 117]"
198,"[221, 268, 258, 473, 242, 276, 285, 286, 475, 508, 116, 93, 7, 313, 9, 14, 408, 269]","[324, 322, 678, 988, 294, 111, 117, 405, 948, 687, 259, 989, 1, 892, 1326, 100, 323, 539, 813, 751, 243, 1354]","[508, 93, 258, 14, 221]","[100, 259, 539, 243, 989]"
199,"[222, 673, 318, 304, 96, 365, 11, 892, 588, 478, 241, 665, 402, 227, 72, 265, 586, 229, 191, 225, 431, 286, 528, 831, 7, 218, 121, 357, 25, 143, 82, 29, 33, 205, 294, 570, 578, 15, 173, 313, 174, 685, 473, 231, 208, 373, 584, 196, 560, 391, 2, 768, 840, 929, 802, 183, 8, 215, 148, 559, 1228, 717, 228, 210, 674, 276, 50, 147, 576, 597, 123, 432, 135, 258, 771, 88, 56, 125, 755, 420, 140, 393, 739, 419, 58, 99, 188, 679, 1, 515, 280, 826, 451, 1419, 282, 69, 169, 177, 226, 28, 392, 179, 89, 195, 54, 98, 325, 549, 866, 358, 68, 760, 63, 501, 890, 527, 568, 552, 1091, 472, 423, 141, 117, 496, 161, 193, 483, 118, 132, 385, 91, 509, 462, 924, 443, 62, 582, 202, 95, 596, 71, 234, 94, 742, 79, 1217, 378, 951, 449, 230, 9, 720, 380, 172, 176, 812, 470, 204, 288, 429, 22, 465, 447, 523]","[291, 24, 409, 103, 820, 45, 151, 38, 743, 1060, 112, 1033, 1411, 580, 652, 660, 542, 363, 692, 1049, 1139, 495, 841, 546, 1219, 1034, 984, 107, 982, 411, 401, 758, 756, 43, 235, 48, 748, 410, 622, 455, 405, 323, 243, 245, 1073, 609, 931, 930, 934, 239, 1028, 139]","[470, 215, 402, 99, 523]","[291, 622, 660, 24, 1219]"
200,"[219, 767, 1100, 203, 518, 1245, 79, 197, 853, 313, 405, 587, 475, 23, 651, 242, 4, 26, 480, 991, 213, 98, 198, 461, 275, 150, 190, 357, 271, 276, 447, 708, 1194, 204, 482, 285, 324, 340, 596, 325, 57, 156, 176, 302, 670, 50, 56, 331, 642, 1169, 260, 693, 655, 100, 223, 773, 188, 435, 76, 288, 234, 962, 1428, 227, 82, 1193, 772, 956, 1268, 11, 588, 423, 582, 129, 1070, 191, 408, 1135, 466, 334, 47, 458, 179, 42, 216, 172, 127, 318, 218, 233, 469, 1128, 556, 196, 346, 185, 86, 137, 1131, 59, 65, 160, 607, 200, 515, 183, 192, 1170, 715, 96, 144, 855, 212, 46, 93, 157, 134, 58, 268, 468, 1174, 656, 182, 506, 640, 12, 479, 1398, 603, 792, 201, 55, 697, 1208, 508, 33, 1137, 237]","[979, 146, 695, 649, 960, 272, 432, 148, 209, 747, 215, 51, 1229, 509, 919, 69, 660, 206, 1010, 403, 686, 421, 117, 292, 332, 943, 326, 370, 37, 452, 777, 2, 1211, 375, 844, 558, 980, 823, 87, 164, 1424, 210, 304, 32, 380, 1187, 1063, 281, 676, 955, 8, 454, 896, 537, 175, 1425, 513, 61, 1098, 128, 70, 68, 333, 265, 462, 406, 673, 1427, 193, 544, 684, 527, 1039, 77, 578, 99, 20, 856, 443, 847, 36, 187, 1153, 636, 240, 563, 589, 1227, 467, 531, 774, 221, 89, 92, 9, 27, 289, 597, 825, 319, 25, 385, 241, 321, 551, 1163, 123, 184, 1220, 1065, 62, 174, 1008, 71, 559, 413, 39, 658, 53, 448, 379, 950, 171, 1422, 387, 1011, 751, 455, 238, 735, 631, 789, 124, 438, 1224, 546, 505, 95, 591, 381, 1073, 729, 31, 121, 180, 425, 282, 464, 803, 207, 521, 231, 230, 1421, 1006, 679, 644, 923, 181, 667, 665, 514, 483, 699, 672, 1045, 1069, 750, 402, 222, 118, 567, 226, 186, 273, 258, 682, 303, 511, 269, 286, 228, 317, 145, 637, 473, 436, 1192, 202, 97, 1136, 431, 581, 685, 64, 1423, 972, 396, 315, 81, 568, 886, 654, 1401, 173, 17, 358, 895, 211, 1267, 1056, 733, 48, 441, 366, 10, 1426, 692, 770, 566, 116, 702, 22, 924, 29, 232, 590, 549, 217, 806, 1355, 1, 284, 125, 1166, 1103, 45, 737, 705, 7, 583, 239, 195, 15, 440, 28, 800, 471]","[1100, 179, 23, 11, 772]","[1166, 737, 207, 202, 590]"
201,"[484, 604, 258, 516, 269, 195, 96]","[283, 515, 172, 173, 286, 423, 204, 481, 242, 1, 318, 191, 179]","[195, 96, 516, 484, 604]","[173, 515, 172, 1, 204]"
202,"[471, 93, 181, 332, 117, 326, 24, 151, 50, 248, 250, 288, 815, 150, 283, 276, 222, 879, 477, 628]","[321, 282, 148, 336, 294, 271, 1, 619, 7, 304, 475, 100, 993, 257, 258, 323, 742, 1049, 890, 237, 748, 458, 744]","[222, 879, 815, 150, 628]","[294, 744, 619, 336, 993]"
203,"[216, 340, 292, 315, 191, 1194, 482, 1022, 297, 45, 302, 303, 242, 262, 170, 318, 1296, 301, 316, 269, 9, 12]","[172, 748, 258, 310, 286, 259, 245, 1, 336, 304, 1281, 874, 300, 321, 146, 322, 288, 268, 880, 333]","[9, 1296, 297, 340, 269]","[336, 268, 1, 880, 172]"
204,"[316, 333, 289, 326, 315, 242, 748]","[304, 678, 984, 313, 258, 269, 243, 328, 300, 286, 1025, 875, 268, 322, 294]","[289, 315, 242, 316, 333]","[258, 300, 304, 322, 875]"
205,"[302, 333, 288, 1127, 896, 258, 895, 315, 313, 269, 748, 346, 272, 310]","[323, 900, 1394, 245, 903, 362, 904, 873, 889, 1430, 750, 678, 294, 260, 882, 314, 990, 1313, 891, 690, 309, 340, 361, 308, 262, 1434, 691, 1022, 359, 1024, 749, 683, 1431, 1395, 300, 1062, 343, 337, 1176, 1432, 360, 682, 332, 1429, 242, 1175, 1433, 1233, 326, 336]","[313, 288, 272, 315, 310]","[1431, 1430, 903, 889, 1233]"
206,"[258, 318, 25, 1046, 4, 87, 531, 508, 98, 14, 746, 133, 754, 170, 468, 1242, 273, 269, 529, 1098, 134, 1283, 186, 313, 42, 28, 187, 520, 568, 59, 194, 174, 1197, 161, 205, 153, 1147, 191, 79, 527, 15, 660, 23, 179, 483, 524, 566, 237, 514, 127, 609, 712, 742, 735, 197, 282, 509, 185, 196, 435, 521, 357, 655, 317, 69, 242, 216, 125, 9, 56, 526, 302, 143, 423, 64, 316, 871, 211, 515, 393, 208, 428]","[476, 591, 1115, 13, 845, 68, 107, 58, 554, 65, 1350, 192, 716, 1436, 810, 121, 864, 827, 203, 787, 410, 290, 131, 642, 576, 1102, 294, 53, 1378, 156, 135, 183, 171, 1118, 150, 188, 245, 1226, 540, 328, 832, 8, 144, 241, 2, 322, 433, 580, 997, 875, 100, 628, 265, 986, 154, 866, 978, 181, 1333, 841, 993, 224, 137, 291, 12, 562, 826, 298, 276, 458, 60, 88, 756, 210, 5, 696, 319, 248, 281, 111, 55, 462, 849, 38, 239, 684, 1225, 284, 1028, 33, 414, 175, 1049, 180, 70, 748, 631, 471, 202, 160, 233, 286, 92, 411, 722, 475, 182, 470, 226, 293, 1435, 546, 82, 1272, 461, 367, 1331, 204, 1012, 535, 96, 223, 117, 255, 22, 11, 158, 692, 763, 195, 685, 73, 597, 3, 538, 517, 385, 847, 18, 45, 129, 177, 1170, 1023, 805, 238, 792, 173]","[520, 242, 746, 170, 186]","[245, 248, 538, 135, 471]"
207,"[216, 663, 197, 202, 88, 514, 662, 430, 211, 428, 524, 523, 435, 402, 208, 186, 97, 194, 739, 310, 371, 66, 393]","[204, 302, 381, 56, 367, 70, 996, 517, 86, 781]","[524, 202, 66, 371, 430]","[302, 996, 367, 381, 781]"
208,"[251, 408, 242, 321, 50, 1137, 766, 1, 285, 181, 16, 127, 813, 1086, 293]","[906, 688, 269, 258, 351, 898, 349, 1105, 304, 301, 333, 286, 14, 271, 9, 249, 129, 276]","[16, 251, 1, 293, 1137]","[129, 249, 1105, 351, 349]"
209,"[204, 70, 97, 527, 274, 357, 161, 380, 58, 135, 96, 631, 134, 255, 465, 722, 160, 501, 404, 216, 447, 202, 186, 200, 176, 73, 25, 403, 484, 50, 735, 65, 185, 257, 211, 182, 692, 419, 187, 523, 276, 751, 152, 197, 300, 88, 127, 210, 420, 154, 1012, 172, 23, 94, 56, 180, 195, 517, 568, 327, 435, 290, 69, 482, 181, 483, 208, 657, 301, 4, 423, 99, 167, 153, 732, 514, 15, 315, 443, 234, 708, 654, 222, 655, 969, 79, 402, 1118, 98, 205, 1, 174, 302, 168, 121, 173, 132, 114, 651, 28]","[40, 502, 219, 49, 238, 44, 243, 188, 679, 662, 953, 864, 179, 926, 411, 629, 821, 956, 72, 392, 393, 235, 763, 755, 684, 105, 792, 451, 230, 1028, 832, 163]","[132, 204, 274, 65, 153]","[1028, 662, 684, 188, 40]"
210,"[127, 526, 257, 286, 457, 520, 423, 462, 205, 705, 199, 528, 117, 215]","[300, 678, 181, 310, 687, 263, 876, 357, 455, 303, 228, 69, 9, 1127, 491, 230, 1025, 64, 275, 596, 1330, 443, 890]","[526, 705, 199, 127, 457]","[275, 890, 876, 9, 300]"
211,"[515, 511, 286, 197, 427, 382, 527, 199, 423, 268, 528, 246, 735, 86, 631, 318, 87, 317]","[180, 191, 179, 645, 269, 127, 863]","[631, 527, 246, 318, 86]","[191, 127, 863, 269, 180]"
212,"[273, 172, 173, 515, 176, 13, 609, 12, 48, 144, 546, 50, 25, 447, 79, 715, 509, 11, 151, 135, 204, 2, 448, 514, 735, 684, 678, 97, 357, 200, 475, 628, 281, 193, 180, 603, 132, 234, 692, 121, 174, 568, 229, 274, 778, 591, 841, 238, 100, 318, 199, 214, 502, 156, 31, 175, 181, 432, 143, 504, 655, 511, 185, 24, 942, 257, 478, 479, 118, 187, 127, 284, 258, 521, 463, 182, 483, 192, 56, 455, 106, 164, 458, 597, 582, 213, 170, 508, 218, 55, 117, 64, 831, 627, 7, 154, 197, 212, 195, 42, 924, 288, 194, 98, 125, 157]","[235, 133, 294, 471, 690, 8, 474, 1, 1215, 685, 252, 286, 222, 405, 985, 393, 756, 69, 1012, 70]","[117, 284, 48, 609, 12]","[471, 222, 1215, 1012, 69]"
213,"[568, 478, 117, 137, 213, 302, 1129, 42, 151, 652, 79, 179, 1065, 121, 208, 45, 408, 531, 285, 1039, 7, 56, 236, 327, 248, 1401, 512, 221, 313, 39, 856, 238, 12, 195, 216, 32, 483, 23, 461, 132, 134, 20, 187, 509, 324, 185, 527, 708, 427, 650, 318, 479, 64, 127, 100, 180, 522, 475, 705, 166, 171, 462, 92, 174, 608, 156, 175, 603, 196, 1073, 169, 8, 89, 516, 93, 508, 191, 1017, 173, 496, 98, 357, 482, 188, 253, 114, 182, 896, 209, 11, 55]","[334, 131, 693, 275, 872, 325, 952, 294, 50, 257, 307, 22, 268, 13, 288, 346, 246, 269, 340, 752, 319, 181, 223, 154, 172, 135, 249, 24, 168, 298, 582, 69, 960, 276, 518, 721, 250]","[357, 248, 209, 188, 156]","[693, 250, 319, 131, 246]"
214,"[211, 421, 423, 197, 144, 157, 151, 194, 1039, 89, 64, 474, 483, 183, 210, 222, 185, 432, 216, 443, 186, 449, 434, 357, 179, 354, 227, 176, 523, 134, 480, 496, 191, 271, 313, 196, 50, 202, 99, 1063, 127, 228, 195, 237, 517, 28, 174, 56, 168, 98, 234, 132, 226, 87, 181, 208, 172, 54]","[212, 164, 22, 82, 11, 205, 239, 450, 230, 451, 8, 238, 215, 70, 258, 182, 23, 270, 380, 229, 15, 203, 300, 288, 636, 218, 180, 692, 77, 433, 88, 204, 272, 552, 159]","[87, 434, 237, 54, 179]","[270, 272, 23, 636, 451]"
215,"[144, 531, 55, 174, 196, 69, 697, 12, 286, 298, 202, 651, 721, 628, 172, 218, 204, 7, 4, 108, 93, 1161, 28, 153, 421, 1101, 282, 234, 357, 150, 200, 168, 9, 652, 122, 475, 188, 221, 182, 313, 58, 215, 82, 943, 318, 156, 11, 423, 789, 42, 237, 100, 216, 79, 98, 22, 735, 56, 64, 466, 238, 655, 302, 50, 184, 763, 673, 91, 747, 276, 508, 1, 496, 315, 81, 210, 65, 129, 134, 47, 1067, 97, 3, 147]","[658, 228, 143, 577, 249, 226, 274, 498, 1047, 231, 367, 95, 764, 824, 693, 15, 433, 368, 72, 1010, 405, 1035, 364, 928, 25, 1218, 412, 280, 790, 402, 569, 257, 408, 403, 201, 169, 396, 67, 66, 356, 416, 546, 27, 151, 189, 833, 181]","[108, 466, 943, 42, 238]","[257, 402, 405, 67, 833]"
216,"[597, 144, 7, 22, 82, 195, 566, 578, 685, 797, 117, 231, 665, 118, 391, 176, 33, 679, 79, 56, 210, 568, 300, 222, 403, 233, 96, 761, 11, 684]","[2, 182, 27, 1222, 810, 540, 53, 68, 554, 576, 185, 1303, 258, 174, 226, 840, 281, 363, 398, 38, 827, 121, 1228, 29, 546, 373, 541, 720, 550, 183, 50, 779, 147, 562, 181, 472, 172, 636, 586, 62, 1034, 385, 17, 405, 825, 808]","[222, 233, 7, 403, 761]","[17, 68, 181, 258, 62]"
217,"[209, 33, 516, 273, 762, 654, 12, 154, 100, 203, 168, 47, 1073, 183, 55, 659, 269, 648, 42, 176, 466, 603, 23, 514, 153, 657, 98]","[430, 208, 194, 504, 265, 695, 517, 410, 789, 5, 4, 173, 294, 712, 8, 56, 39, 642, 591, 175, 186, 204, 663, 288, 431, 164]","[176, 762, 466, 657, 603]","[288, 410, 712, 517, 789]"
218,"[179, 303, 546, 132, 114, 215, 269, 382, 616, 855, 258, 879, 936, 4, 631, 664, 223, 906, 433]","[82, 347, 882, 13, 935, 568, 1014, 71, 38]","[114, 382, 936, 223, 855]","[347, 38, 13, 568, 82]"
219,"[298, 303, 306, 288, 301, 286, 682, 268, 319, 300, 305, 294, 289, 269, 340]","[333, 325, 343, 264, 995, 258, 332]","[340, 288, 269, 682, 306]","[264, 332, 333, 343, 258]"
220,"[475, 943, 48, 327, 1059, 69, 204, 508, 268, 172, 250, 318, 684, 17, 1073, 100, 32, 467, 39, 92, 257, 789, 129, 721, 53, 272, 231, 1012, 940, 1134, 173, 24, 3, 461, 403, 76, 33, 568, 64, 385, 23, 335, 218, 298, 7, 156, 50, 240, 732, 79, 544, 763, 273, 96, 695, 282, 186, 1017, 178, 181, 346, 215, 286, 1217, 27, 762, 42, 174, 184, 210, 1011, 259, 55, 651, 1098, 578, 150, 246, 12, 847, 56, 751, 550, 737, 117, 144]","[1010, 780, 1250, 468, 1218, 1314, 1067, 1407, 895, 1035, 1210, 588, 623, 128, 118, 265, 70, 496, 161, 154, 685, 824, 4, 476, 258, 109, 470, 1090, 386, 358, 407, 402, 59, 222, 108, 29, 230, 566, 469, 1185, 576, 1267, 384, 391, 151, 94, 227, 809, 405, 485, 121, 1437, 399, 423, 288, 1016, 1208, 38, 633, 931]","[250, 117, 286, 56, 150]","[258, 227, 386, 1035, 38]"
221,"[366, 750, 755, 118, 77, 97, 173, 796, 53, 22, 88, 1057, 1042, 1044, 1284, 135, 157, 153, 298, 172, 210, 69, 433, 164, 739, 756, 155, 436, 96, 1226, 313, 182, 689, 62, 232, 449, 7, 125, 1438, 144, 357, 527, 239, 196, 746, 288, 9, 268, 202, 12, 204, 849, 276, 82, 399, 71, 385, 895, 1, 161, 300, 568, 218, 127, 591, 222, 215, 248, 318, 183, 636, 89, 475, 209, 651, 282, 79, 216, 176, 735, 729, 73, 228, 186, 521, 31, 238, 806, 271, 257, 710, 214, 549, 655, 11, 1011, 732, 168, 95, 365, 392, 28, 326, 66, 328, 181, 693, 619, 219, 56, 393, 742, 402, 156, 185, 237, 68, 195, 246, 356, 1220, 537, 117, 258, 67, 100, 54, 588, 50, 101, 198, 692, 147, 423, 174, 193, 48, 72, 566, 628, 98, 431, 380, 333, 685, 230, 223, 64]","[724, 151, 278, 781, 812, 26, 49, 448, 379, 87, 106, 1041, 148, 552, 441, 1207, 29, 323, 25, 426, 1053, 715, 58, 1078, 939, 217, 554, 501, 250, 700, 293, 93, 231, 1239, 972, 577, 550, 413, 234, 40, 829, 1089, 672, 94, 419, 364, 411, 4, 815, 946, 401, 819, 780, 529, 368, 783, 280, 247, 8, 432, 722, 670, 768, 949, 142, 665, 869, 944, 931, 1267, 92, 840, 1179, 240, 395, 1054, 160, 15, 452, 1059, 252, 810, 471, 200, 409, 1419, 302, 662, 719, 658, 2, 1029, 81, 373, 833, 159, 281, 261, 70, 120, 763, 403, 808, 111, 270, 825, 1218, 233, 450, 407, 623, 540, 772, 769, 229, 63, 24, 80, 679, 367, 208, 121, 546, 378, 41, 1016, 388, 506, 473, 723, 227, 845, 132, 396, 941, 391, 468, 338, 1139, 284, 569, 175, 1336, 102, 375, 580, 576, 642, 559, 1074, 620, 1087, 1178, 508, 826, 929, 225, 578, 712, 44, 934, 1060, 158, 424, 1188, 716, 816, 191, 377, 451, 747, 678, 571, 180, 294, 1066, 145, 51, 1440, 418, 386, 226, 585, 1045, 422, 476, 1035, 363, 109, 78, 627, 154, 140, 477, 470, 717, 455, 575, 255, 654, 541, 99, 1439, 150, 770, 91, 167, 188, 542, 412, 637, 596, 734, 17, 446, 1079, 38, 358, 265, 249, 738, 457, 35, 90, 245, 790, 472, 1145, 1250, 465, 597, 1291, 162, 1206, 410, 405, 762, 241, 133]","[153, 135, 436, 202, 449]","[700, 546, 25, 391, 541]"
222,"[274, 969, 318, 322, 237, 470, 845, 1, 216, 298, 69, 255, 276, 1014, 22, 282, 143, 111, 597, 294, 332, 95, 866, 749, 682, 926, 993, 333, 257, 1016, 117, 1088, 309, 820, 339, 71, 313, 155, 278, 28, 173, 546]","[328, 11, 1150, 423, 763, 908, 8, 977, 411, 596, 258, 323, 249, 248, 717, 369, 120, 1300, 118, 225, 321, 25, 286, 742, 756, 252, 409, 846, 826, 975, 300, 1197, 620, 929, 295, 476, 1291, 1009, 974, 930, 591, 924, 125, 864, 284, 1051, 619, 185, 243, 535, 984, 259, 1284, 1052, 329, 405, 873, 288, 289, 477, 1234, 819, 121]","[470, 597, 1014, 276, 69]","[929, 975, 977, 248, 125]"
223,"[77, 69, 178, 191, 215, 22, 387, 846, 392, 282, 662, 655, 1039, 720, 294, 318, 51, 300, 162, 196, 727, 686, 15, 403, 28, 280, 97, 470, 313, 326, 349, 423, 239, 582, 356, 193, 660, 157, 699, 328, 380, 553, 468, 222, 402, 570, 526, 378, 731]","[29, 245, 26, 583, 678, 873, 20, 332, 949, 658, 528, 149, 43, 708, 1208, 258, 778, 301, 1119, 1442, 632, 879, 977, 243, 322, 325, 569, 86, 212, 1085, 518, 724, 751, 148, 223, 704, 287, 893, 277, 1044, 1163, 620, 1053, 135, 1212, 323, 549, 723, 581, 1045, 962, 1441, 11, 366, 286, 1058, 556, 1221, 1401, 276, 284, 333, 736, 744, 689, 469, 365, 221, 1152, 329, 925, 748, 676, 687, 1381, 54, 92, 321, 70, 715, 980, 555, 591, 991, 125, 924, 544, 237, 107, 729, 147, 126]","[349, 178, 526, 318, 28]","[1221, 1442, 924, 544, 148]"
225,"[242, 56, 180, 270, 480, 7, 169, 14, 9, 28, 24, 98, 150, 258, 250, 405, 25, 174, 508, 527, 408, 224, 176, 713, 109, 191, 69, 813, 89, 203, 509, 286, 12, 179]","[147, 283, 1117, 209, 507, 182, 97, 652, 236, 275, 513, 370, 474, 23, 92, 596]","[508, 69, 174, 150, 286]","[370, 23, 1117, 275, 283]"
226,"[50, 295, 411, 293, 126, 276, 116, 7, 19, 1008, 93, 475, 25, 1017, 124, 137, 324, 1007, 14, 221, 1011, 1067, 129, 1143, 274, 127, 13, 285, 100, 1068, 319, 287, 15]","[9, 244, 117, 286, 1010, 150, 106, 121, 322, 288, 294, 1028, 321, 273, 934, 460, 748, 1047, 250, 240, 249, 405, 741, 823, 756]","[129, 411, 137, 50, 100]","[1047, 286, 249, 1010, 121]"
227,"[288, 651, 313, 427, 655, 272, 690, 286, 812]","[475, 886, 650, 87, 204, 327, 98, 938, 750, 137, 275, 56]","[812, 655, 272, 288, 286]","[750, 475, 56, 137, 650]"
228,"[286, 349, 302, 340, 311, 269, 288, 344, 896, 898, 882]","[328, 347, 313, 315, 260, 875, 358, 750, 748, 258, 312, 245, 272, 300, 937, 751, 303, 886, 316]","[898, 896, 344, 882, 288]","[300, 245, 316, 347, 313]"
229,"[680, 742, 304, 172, 963, 419, 202, 378, 142, 234, 210, 196, 402, 50, 154, 125, 633, 582, 185, 51, 969, 153, 8, 739, 1192, 186, 443, 432, 291, 276, 11, 176, 181, 357, 484, 97, 485, 70, 141, 71, 418, 515, 134, 570, 79, 98, 951, 265, 28, 237, 95, 204, 427, 1, 82, 650, 216, 280, 239, 420, 223, 121, 266, 132, 294, 451, 588, 498, 405, 435, 371, 496, 214, 211, 100, 168, 162, 22, 161, 117, 174, 499, 143, 423, 64, 627, 549, 69, 699]","[1444, 138, 238, 511, 673, 393, 199, 209, 1050, 7, 607, 526, 183, 96, 182, 144, 385, 140, 228, 926, 621, 501, 609, 240, 25, 568, 447, 693, 91, 99, 628, 491, 284, 504, 622, 205, 135, 431, 56, 233, 422, 10, 195, 203]","[161, 181, 588, 427, 142]","[56, 491, 284, 228, 447]"
230,"[181, 126, 252, 846, 121, 748, 405, 924, 289, 471, 50, 300, 15]","[127, 151, 476, 255, 1, 597, 313, 866]","[748, 405, 50, 126, 300]","[597, 1, 151, 476, 127]"
231,"[483, 52, 197, 91, 175, 705, 1, 638, 708, 523, 64, 921, 173, 462, 498, 315, 276, 81, 56, 181, 194, 96, 204, 191, 202, 272, 461, 98, 318, 14, 474, 493, 289, 133, 531, 246, 302, 603, 514, 132, 186, 419, 166, 32, 170, 655, 100, 250, 1149, 48, 423, 165, 582, 4, 690, 900, 50, 178, 172, 268, 475, 425, 196, 44, 435, 357]","[630, 8, 275, 471, 22, 215, 651, 313, 1128, 234, 747, 515, 919, 270, 209, 76, 150, 117, 750, 269, 127, 69, 589, 508, 294, 744, 286]","[56, 202, 531, 96, 91]","[471, 744, 508, 270, 747]"
232,"[202, 375, 177, 208, 482, 806, 357, 958, 48, 174, 57, 98, 418, 644, 495, 212, 492, 69, 269, 97, 654, 205, 568, 82, 276, 313, 1194, 381, 257, 191, 193, 923, 423, 56, 515, 249, 509, 603, 71, 584, 506, 483, 828, 261, 192, 47, 14, 378, 196, 527, 223, 197, 204, 275, 143, 194, 234, 95, 735, 100, 633, 498, 588, 318, 293, 371, 521, 504, 216, 187, 511, 478, 23, 133, 121, 614, 127, 435, 168, 70, 523, 528, 647, 304, 660, 462, 135, 180, 64, 9, 215, 845]","[99, 286, 117, 58, 31, 499, 501, 640, 8, 91, 129, 623, 432, 203, 12, 50, 89, 4]","[57, 509, 506, 82, 249]","[129, 50, 12, 8, 640]"
233,"[206, 187, 626, 318, 98, 1397, 1186, 582, 132, 20, 705, 482, 50, 134, 657, 229, 506, 462, 638, 966, 209, 491, 519, 191, 316, 292, 507, 1463, 8, 501, 709, 921, 490, 660, 152, 414, 603, 604, 423, 847, 136, 170, 91, 499, 289, 242, 502, 523, 1020, 193, 1458, 558, 135, 481, 234, 484, 634, 483, 654, 208, 428, 427, 1126, 194, 927, 673, 651, 1456, 1064, 419, 745, 23, 1203, 22, 285, 530, 183, 430, 1121, 602, 4, 69, 474, 842, 610, 1445, 463, 515, 528, 970, 124, 1169, 178, 432, 497, 488, 404, 64, 429, 863, 675, 525, 613, 313, 224, 505, 606, 480, 28, 197, 498, 166, 504, 923, 496, 416, 511, 510, 473, 1452, 1221, 99, 836, 770, 357, 607, 199, 30, 867, 520, 479, 100, 1021, 45, 378, 663, 466, 629, 106, 724, 611, 641, 964, 31, 52, 495, 513, 661, 367, 464, 1449, 165, 615, 127, 494, 792, 656, 200]","[1184, 141, 612, 1451, 448, 1462, 10, 81, 487, 632, 241, 147, 228, 648, 571, 808, 1015, 161, 614, 233, 617, 618, 71, 485, 151, 500, 616, 596, 1035, 959, 671, 584, 72, 471, 283, 1172, 628, 212, 486, 14, 878, 142, 521, 213, 850, 731, 192, 79, 294, 1123, 601, 526, 95, 157, 566, 291, 237, 221, 781, 965, 1, 274, 328, 54, 727, 96, 117, 1149, 210, 928, 87, 401, 32, 12, 435, 945, 179, 1050, 73, 265, 77, 300, 76, 168, 493, 1457, 70, 205, 1198, 196, 929, 21, 739, 85, 431, 322, 451, 844, 202, 198, 874, 872, 549, 1455, 1454, 732, 693, 433, 276, 7, 421, 15, 186, 747, 287, 782, 236, 1048, 1298, 1263, 1400, 403, 963, 1078, 588, 284, 472, 848, 1459, 751, 218, 288, 589, 434, 1200, 630, 182, 48, 980, 470, 216, 174, 1447, 47, 153, 5, 1168, 855, 746, 1269, 156, 180, 1051, 887, 735, 591, 16, 185, 1133, 137, 950, 381, 143, 131, 163, 546, 140, 1044, 195, 133, 1205, 160, 211, 393, 102, 516, 1204, 608, 319, 1453, 1450, 873, 25, 1461, 307, 417, 477, 188, 692, 642, 321, 268, 111, 609, 646, 524, 517, 649, 181, 531, 290, 389, 88, 175, 1039, 177, 785, 40, 317, 845, 636, 215, 489, 277, 418, 436, 259, 154, 66, 765, 650, 1100, 443, 13, 301, 223, 619, 1369, 173, 56, 44, 172, 1285, 942, 956, 222, 9, 712, 550, 1170, 478, 412, 226, 605, 806, 11, 1330, 1446, 279, 97, 625, 130, 492, 552, 286, 1063, 653, 273, 329, 219, 951, 358, 125, 445, 116, 647, 207, 238, 832, 557, 204, 243, 622, 164, 749, 989, 1075, 527, 694, 939, 702, 686, 837, 119, 82, 1101, 89, 465, 148, 1011, 925, 631, 93, 655, 280, 371, 662, 984, 176, 503, 1120, 162, 385, 144, 304, 635, 258, 1010, 843, 768, 699, 447, 1003, 190, 1460, 1185, 623, 86, 659, 2, 1448, 835]","[651, 127, 1203, 1397, 641]","[381, 54, 618, 622, 196]"
234,"[185, 230, 70, 87, 480, 647, 1149, 419, 511, 1464, 319, 85, 275, 684, 648, 100, 435, 433, 792, 22, 474, 269, 52, 705, 346, 135, 193, 523, 237, 174, 213, 190, 197, 188, 7, 520, 515, 211, 652, 79, 494, 194, 191, 69, 655, 1021, 303, 512, 83, 701, 192, 496, 175, 522, 692, 318, 86, 1193, 483, 195, 1176, 50, 1451, 971, 153, 1, 923, 179, 207, 429, 524, 170, 463, 344, 96, 970, 1134, 285]","[898, 198, 292, 747, 65, 1119, 327, 603, 181, 196, 431, 338, 462, 82, 1105, 66]","[207, 52, 96, 193, 83]","[338, 898, 603, 292, 196]"
235,"[57, 313, 286, 729, 506, 143, 1328, 289, 699, 170, 134, 79, 307, 735, 185, 223, 15, 419, 51, 222, 420, 111, 596, 237, 148, 546, 614, 1102, 705, 298, 549, 443, 69, 132, 203, 432, 483, 591, 216, 673, 462, 56, 127, 9, 692, 435, 423, 318, 750, 181, 934, 191, 328, 64, 97, 427, 133, 98, 199, 28, 282, 520, 304]","[71, 632, 265, 187, 686, 696, 507, 200, 172, 478, 204, 661, 864, 756, 1013, 153, 183, 66, 532, 58, 195, 659, 504, 1401, 523, 210, 1039, 211, 476, 496, 225, 685, 151, 275, 176, 174, 866, 196, 429, 207, 100, 117, 255, 274, 50, 505, 194, 655, 88, 370, 179, 135, 510, 526, 273, 294, 333, 595, 717, 521, 411]","[750, 506, 170, 729, 181]","[1039, 685, 174, 505, 265]"
236,"[514, 191, 494, 528, 100, 211, 23, 1192, 28, 98, 183, 83, 479, 423, 199, 513, 502, 603, 185, 357, 190, 179, 408, 9, 485, 178, 238, 197, 489, 180, 659, 525, 169, 127, 134, 474, 498, 656, 58, 174, 483, 64]","[499, 153, 705, 187, 176, 286]","[179, 408, 58, 659, 178]","[705, 153, 176, 499, 286]"
237,"[111, 300, 121, 458, 298, 471, 286, 538, 405, 257]","[252, 756, 118, 815, 476, 181, 1190, 220, 546, 258, 125, 926, 845, 301, 294, 1258, 255, 237, 151]","[111, 121, 405, 538, 257]","[1190, 476, 1258, 118, 756]"
238,"[56, 1099, 1070, 272, 491, 194, 513, 9, 96, 475, 58, 529, 187, 10, 478, 605, 612, 317, 183, 98, 671, 135, 923, 198, 1245, 479, 530, 493, 168, 654, 497, 124, 516, 8, 558, 1203, 701, 1056, 650, 855, 603, 305, 134, 210, 508, 432, 195, 175, 836, 705, 89, 488, 954, 663, 207, 736, 340, 527, 91, 484, 443, 162, 675, 185, 474, 512, 65, 421, 50, 961, 499, 427, 1204, 753, 132, 498, 504, 489, 150, 634, 434, 221, 428, 511, 174, 745, 172, 45, 165, 46, 1098, 462, 921, 171, 652, 180, 632, 242, 42, 137, 647, 238, 209, 531, 483, 12, 633, 505, 507, 276, 463, 116, 509, 179, 1065, 528, 39, 14, 433, 269]","[234, 430, 81, 204, 47, 286, 288, 312, 1020, 114, 79, 1192, 152, 690, 100, 492, 318, 181, 190, 268, 300, 589, 228, 659, 1332, 419, 69, 514, 482, 518, 64, 205, 208, 1115, 304, 133, 186, 382, 203]","[529, 185, 98, 427, 171]","[430, 79, 304, 514, 382]"
239,"[313, 898, 301, 288, 289, 272, 245, 269, 242, 340, 307, 895, 286, 302]","[879, 343, 300, 336, 873, 353, 751, 349, 358, 748]","[895, 898, 272, 242, 286]","[353, 873, 336, 343, 879]"
240,"[307, 750, 880, 292, 313, 887, 288, 310, 268, 300, 286]","[690, 294, 332, 350, 302, 343, 335, 682, 346, 689, 270, 895]","[880, 268, 286, 750, 313]","[350, 332, 270, 343, 335]"
242,"[1039, 208, 660, 223, 13, 28, 221, 582, 387, 127, 286, 268, 511, 435, 813, 531, 655, 196, 317, 632, 194, 83, 778, 1281, 1, 509, 1197, 514, 736, 458, 162, 318, 86, 732, 694, 477, 116, 191, 111, 285, 157, 10, 699, 631, 8, 306, 246]","[15, 225, 129, 275, 93, 713, 1466, 1368, 173, 69, 16, 137, 14, 7, 423, 1148, 215, 1465, 468, 461, 708, 22, 724, 151, 280, 25, 125, 737, 283, 367, 237, 26, 1115, 77]","[86, 435, 1197, 285, 582]","[1115, 423, 173, 367, 1465]"
243,"[815, 265, 381, 707, 183, 172, 790, 154, 409, 89, 380, 652, 7, 216, 31, 238, 676, 100, 743, 369, 237, 95, 509, 157, 428, 13, 596, 101, 1017, 324, 179, 747, 208, 1098, 90, 232, 20, 764, 22, 122, 508, 411, 180, 191, 1045, 168, 953, 258, 294, 204, 1039, 196, 1074, 181, 886, 475, 217, 135, 72, 209, 631, 69, 724, 955, 151, 559, 1048, 161, 584, 738, 77, 42, 866, 52, 566, 628, 856, 959, 410, 451, 92, 86, 581, 66, 200, 111, 537, 553, 946, 721, 660, 780, 215, 521, 941, 173, 1132, 162, 655, 246, 64, 318, 754, 156, 268, 3, 1057, 1168, 772, 50, 357, 197, 527, 169, 763, 317, 629, 697, 71, 1109, 949, 1188, 433, 68, 70, 241, 126, 26, 1, 1119, 9, 109, 1118, 1041, 708, 1150, 153, 114, 214, 1467, 249, 171, 651, 276, 28, 65, 924, 1428, 188, 193, 56, 88, 735, 67]","[51, 756, 673, 186, 17, 550, 310, 53, 662, 148, 167, 155, 220, 97, 278, 1225, 712, 226, 1178, 54, 818, 762, 287, 62, 240, 164, 1107, 117, 723, 290, 554, 367, 1047, 950, 365, 926, 1054, 255, 456, 685, 1209, 301, 145, 40, 739, 471, 32, 281, 833, 732, 1079, 105, 746, 458, 174, 401, 716, 468, 82, 393, 222, 235, 80, 1136, 158, 871, 1095, 609, 710, 144, 118, 1053, 234, 845, 1028, 58, 528, 744, 291, 1012, 383, 121, 455, 650]","[109, 173, 1074, 100, 856]","[1028, 1095, 121, 1047, 158]"
244,"[1028, 181, 222, 112, 50, 1033, 597, 300, 596, 258, 717]","[94, 411, 473, 240, 21, 133, 756, 1047, 894, 210, 151]","[596, 597, 50, 258, 1033]","[21, 473, 151, 1047, 210]"
245,"[201, 919, 665, 721, 425, 68, 816, 184, 121, 98, 1073, 109, 568, 100, 840, 675, 1101, 1, 588, 895, 719, 236, 547, 470, 403, 260, 151, 83, 55, 176, 265, 250, 444, 652, 211, 475, 853, 238, 567, 12, 208, 746, 24, 413, 81, 173, 198, 288, 219, 132, 741, 11, 178, 181, 172, 672, 185, 223, 724, 1039, 227, 616, 257, 651, 50, 735, 433, 175, 477, 658]","[416, 94, 561, 409, 239, 1218, 82, 8, 406, 728, 596, 80, 423, 356, 202, 578, 294, 215, 196, 426, 849, 99, 284, 802, 17, 410, 368, 451, 231, 385, 720, 541, 469, 161, 932, 145, 29, 402, 369, 289, 1222, 195, 585, 230, 117, 628, 790, 3, 232, 930, 743, 1232, 101, 831, 758, 38, 210, 25, 420, 41, 393, 138, 412, 441, 95, 679, 1052, 216, 77, 572, 1411, 993, 254, 118, 1139, 92, 1028, 559, 235, 981, 401, 1044, 1228, 633, 97, 228, 576, 798, 204, 431, 411, 1089, 748, 404, 550, 67, 1188, 96, 841, 809, 69, 432, 570, 174, 1135, 133, 447, 941, 155, 418, 1220, 827, 252, 56, 597, 111, 164, 765, 226, 240, 384, 159, 66, 739, 158]","[176, 616, 724, 211, 567]","[254, 426, 235, 849, 17]"
246,"[736, 251, 257, 272, 111, 50, 1, 151, 28, 269, 1022, 64, 750, 7, 121, 70, 58, 181, 258]","[751, 271, 300, 222, 259, 340, 100]","[70, 269, 750, 28, 1022]","[100, 222, 271, 300, 259]"
247,"[234, 589, 117, 475, 127, 181, 100, 55, 249, 183, 198, 515, 186, 11, 324, 96, 168, 854, 194, 405, 114, 176, 50, 64, 89, 156, 172, 98, 343]","[257, 174, 282, 474, 185, 928, 210, 153, 294, 179, 484, 290, 678, 235, 196, 7, 69, 22, 283, 250, 1, 180, 121, 806, 79, 187, 323]","[168, 98, 127, 100, 475]","[294, 121, 282, 235, 257]"
248,"[241, 188, 746, 88, 708, 723, 11, 124, 79, 23, 176, 22, 455, 182, 240, 58, 469, 13, 431, 333, 169, 684, 68, 100, 198, 174, 137, 98, 39, 479, 634, 202, 235, 24, 271, 55, 216, 86, 357, 42, 919, 222, 186, 686, 1103, 591, 9, 212, 300, 28, 168, 83, 249, 250, 298, 114, 1039, 283, 175, 53, 273, 583, 1073, 203, 89, 12, 423, 741, 467, 64, 1, 228, 789, 237, 483, 568, 183, 317, 117, 471, 478, 135, 1011, 462, 480, 806, 191, 56, 4, 96, 421, 173, 275, 258, 248, 403, 1069, 31, 156, 7, 409, 209, 242, 327, 144, 179, 603, 50, 853, 195, 408, 223, 318, 92, 69, 238, 302, 427, 1167, 844, 129, 658, 93, 147]","[239, 930, 255, 597, 476, 826, 411, 993, 628, 456, 472, 121, 172, 161, 245, 108, 748, 218, 1016, 1012, 742, 1047, 210, 588, 546, 309, 125, 290, 148, 405, 257, 294, 252, 2, 181, 407, 123]","[83, 69, 1069, 156, 173]","[930, 742, 121, 148, 407]"
249,"[496, 7, 238, 596, 196, 404, 338, 244, 260, 2, 127, 200, 64, 111, 44, 485, 378, 1014, 1, 582, 480, 92, 71, 969, 223, 129, 357, 23, 1161, 813, 293, 628, 240, 1137, 474, 135, 321, 89, 69, 56, 50, 501, 271, 844, 288, 333, 527, 313, 988, 676, 340, 179, 475, 270, 100, 258, 325, 181, 367, 558, 993, 116, 222, 95, 458, 754, 1426, 12, 1073, 191, 943, 418, 175, 98, 28, 55, 151, 91, 154, 183, 276, 588, 202, 159, 469, 81, 629, 144]","[264, 140, 204, 174, 294, 742, 184, 324, 195, 948, 477, 748, 678, 328, 688, 96, 117, 687, 331, 235, 1199, 237, 153, 751, 248, 322, 123, 933, 234, 9, 259, 323, 991, 984]","[588, 558, 135, 474, 127]","[174, 235, 742, 184, 259]"
250,"[100, 1014, 144, 109, 121, 50, 132, 222, 183, 237, 520, 612, 12, 172, 249, 15, 298, 418, 427, 295, 181, 288, 1012, 22, 64, 685, 429, 313, 151, 117, 281, 282, 742, 275, 45, 248, 210, 300, 60, 845, 125, 79, 1, 185, 480, 202, 25]","[748, 148, 55, 257, 258, 265, 596, 866, 476, 1028, 252, 111, 472, 33, 1016, 1098, 813, 118, 978, 147, 405, 250, 471, 24, 7, 535, 468, 595, 597, 294]","[237, 295, 418, 427, 429]","[257, 118, 147, 258, 597]"
252,"[465, 97, 510, 216, 50, 183, 203, 483, 210, 198, 568, 294, 566, 237, 188, 127, 173, 527, 282, 742, 117, 806, 95, 83, 87, 705, 487, 64, 496, 89, 79, 98, 328, 732, 523, 588, 22, 494, 12, 202, 300, 8, 100, 343, 15, 689, 485, 895, 220, 190, 96, 81, 222, 482, 659, 1, 1039, 427, 655, 234, 490, 121, 699, 132, 518, 200, 4, 966, 318]","[259, 746, 747, 647, 175, 298, 448, 243, 333, 273, 156, 182, 56, 331, 1016, 685, 591, 679, 125, 1468, 153, 433, 1404, 192, 1025, 82, 168, 751]","[190, 659, 742, 282, 485]","[1468, 192, 448, 82, 333]"
253,"[164, 662, 229, 230, 380, 50, 596, 183, 174, 222, 429, 199, 951, 98, 97, 234, 140, 419, 655, 258, 132, 136, 498, 133, 313, 1443, 64, 196, 8, 1183, 28, 423, 210, 449, 227, 181, 22, 204, 622, 82, 69, 416, 172, 118, 496, 143, 241, 228, 135]","[1444, 436, 121, 378, 357, 219, 379, 188, 575, 1116, 624, 418, 286, 649, 577, 141, 384, 240, 257, 99, 625, 501, 472, 243, 238, 125, 162, 259, 90, 15, 843, 214, 967, 610, 755, 504, 35, 573, 186, 103, 176, 75, 448, 892, 699, 621, 612, 443, 211, 561, 1133, 679, 1470, 94, 102, 1263, 400, 548, 542, 435, 78, 768, 1469, 265, 678, 71, 588, 225, 415, 1028, 1033, 151, 21, 417, 554, 1, 1091, 389, 1050, 323, 393, 465, 231, 403, 1060, 386, 616, 126, 343, 665, 29, 432, 629, 584, 871, 167, 142, 62, 441, 168, 269, 451, 138, 457, 112, 163, 200, 405, 526, 842]","[1443, 64, 143, 204, 1183]","[415, 259, 441, 75, 768]"
254,"[185, 258, 271, 249, 436, 763, 833, 405, 288, 98, 234, 831, 682, 147, 834, 559, 56, 335, 872, 597, 324, 219]","[1034, 472, 448, 678, 859, 217, 879, 984, 452, 551, 53, 569, 841, 565, 259, 406, 413, 748, 455, 825, 218, 976, 444, 323, 860, 441, 322, 245, 829, 200, 100, 672, 118, 685, 281, 447, 982, 564, 665, 5, 121, 264, 343, 895, 930, 222, 325, 300, 827, 117, 443, 273, 760, 546, 294, 7, 328, 743, 840, 332, 826]","[335, 219, 147, 258, 436]","[879, 325, 455, 827, 826]"
255,"[452, 781, 127, 86, 761, 472, 487, 25, 716, 939, 765, 413, 692, 819, 280, 29, 642, 756, 778, 291, 278, 195, 1289, 1028, 97, 783, 161, 12, 385, 49, 728, 181, 866, 2, 846, 9, 226, 51, 864, 188, 7, 4, 566, 742, 227, 925, 125, 1061, 779, 402, 1086, 550, 685, 775, 1210, 237, 473, 476, 724, 121, 748, 831, 98, 583, 89, 38, 225, 1, 234, 1109, 118, 769, 568, 1114, 403, 31, 106, 785, 79, 684, 185, 815, 741, 88, 210, 15, 22, 54, 1041, 233, 174, 117, 794, 151, 739, 288, 66, 203, 405, 808, 147, 5, 657, 1051, 1047, 323, 1046, 451, 538, 988, 678, 460, 243, 387, 628, 182, 82, 1042, 471, 284, 1150, 796, 546, 554, 732, 44, 1033, 591, 595, 322, 986, 409, 50, 381, 64, 96, 222, 265, 245, 11, 665, 977, 216, 274, 989, 100, 21, 829, 597, 230]","[849, 443, 220, 771, 1057, 802, 235, 276, 932, 1119, 576, 172, 662, 202, 1040, 982, 294, 1207, 552, 370, 77, 974, 406, 120, 827, 722, 834, 1231, 368, 1090, 620, 232, 56, 1228, 36, 356, 282, 1424, 283, 679, 319, 1208, 975, 363, 123, 218, 526, 229, 841, 228, 1471, 92, 984, 187, 449, 934, 930]","[925, 846, 225, 405, 385]","[841, 975, 56, 930, 370]"
256,"[137, 345, 59, 276, 289, 305, 151, 307, 50, 165, 100, 531, 462, 1462, 224, 1008, 324, 676, 70, 245, 1160, 181, 129, 582, 475, 166, 1129, 381, 313, 286, 275, 60, 57, 921, 113, 61, 14, 86, 285, 1010, 1137, 936]","[1260, 258, 288, 221, 237, 116, 130, 949, 301, 405, 1472, 269, 198, 1022, 121]","[313, 245, 285, 582, 57]","[221, 1022, 288, 130, 1260]"
257,"[323, 313, 310, 311, 751, 873, 748, 690, 272, 332, 286, 294, 326, 300]","[288, 893, 315, 243, 289, 333, 258, 328, 877]","[311, 310, 323, 272, 748]","[328, 289, 243, 333, 258]"
258,"[117, 255, 772, 959, 750, 210, 176, 12, 180, 313, 108, 357, 200, 98, 317, 179, 185, 147, 1135, 475, 154, 97, 298, 181, 484, 39, 172, 293, 173, 748, 286, 168, 928]","[269, 405, 762, 235, 121, 288, 15, 781, 65, 294, 1074, 271, 546]","[173, 313, 180, 108, 750]","[271, 65, 405, 121, 235]"
259,"[322, 990, 1105, 1025, 326, 682, 362, 313, 748, 882, 891, 1243, 333, 350, 334, 270, 881]","[319, 300, 272, 538, 288, 258, 307]","[362, 1243, 270, 313, 322]","[288, 272, 307, 300, 258]"
260,"[340, 875, 117, 259, 294, 322, 597, 339, 1025, 359, 410, 892, 301, 687, 125, 243, 288, 245, 326, 300]","[748, 988, 342, 1237, 304, 321, 596]","[301, 339, 300, 875, 322]","[342, 596, 304, 988, 321]"
261,"[1147, 64, 553, 179, 96, 11, 258, 292, 1278, 71, 1220, 275, 845, 238, 22, 98, 949, 778, 318, 191, 709, 588, 365, 111, 923, 7, 423, 660, 433, 421, 451, 40, 735, 582, 69, 131, 485, 486, 1014, 402, 427, 90, 56, 367, 65, 496, 650, 631, 338, 596, 655, 747, 70, 699]","[931, 28, 617, 174, 223, 386, 821, 293, 121, 568, 754, 47, 786, 509, 77, 91, 185, 406, 217, 50, 15, 628, 252, 405, 790, 336, 419, 1054, 44, 270, 145, 195, 237, 625, 929, 762, 143, 147, 447, 781, 432, 491, 122, 755, 332, 581, 140, 358, 815, 393, 200, 1048, 736, 974, 1035, 385, 99, 169, 235, 210, 1095, 181, 959, 55, 1013, 785, 473, 100, 559, 294, 288, 420, 72, 125, 1, 95, 52, 443, 411, 1135, 153, 283, 278, 955, 172, 546, 417, 68, 418, 369, 86, 66, 92, 132, 609, 58, 476, 727, 255, 567, 216, 204, 219, 82, 234, 269]","[486, 7, 735, 69, 338]","[473, 332, 210, 1135, 959]"
262,"[176, 419, 96, 568, 1451, 416, 510, 197, 523, 97, 272, 86, 183, 486, 79, 82, 69, 328, 245, 127, 1473, 318, 134, 143, 125, 205, 95, 144, 215, 177, 186, 526, 64, 162, 495, 423, 269, 483, 265, 648, 661, 163, 195, 528, 168, 188, 22, 496, 100, 1126, 316, 174, 202, 690, 87, 543, 58, 222, 498, 204, 646, 315, 527, 699, 136, 732, 515, 132, 511, 194, 622, 443, 50, 180, 482, 1, 98, 602, 133, 357, 465, 199, 662, 135, 484, 196, 434, 31, 435, 234, 378, 181, 141]","[117, 921, 333, 892, 521, 678, 514, 1444, 210, 886, 294, 153, 99, 432, 237, 614, 300, 250, 879, 271, 480, 1020, 588, 258, 520, 260, 28, 323, 23, 322]","[510, 515, 144, 197, 87]","[1444, 432, 886, 23, 480]"
263,"[200, 813, 721, 655, 70, 504, 475, 401, 1069, 659, 320, 516, 558, 208, 56, 792, 559, 219, 709, 25, 4, 153, 283, 381, 216, 168, 382, 183, 745, 210, 443, 433, 42, 345, 12, 606, 451, 1103, 602, 238, 230, 175, 654, 179, 671, 240, 204, 192, 367, 222, 702, 269, 1074, 194, 184, 288, 1355, 19, 514, 123, 185, 211, 14, 202, 26, 645, 1118, 1070, 1009, 656, 182, 478, 603, 116, 100, 525, 637, 7, 93, 23, 789, 201, 47, 186, 98, 235, 447, 675, 150, 275, 430, 234, 517, 173, 209]","[294, 448, 33, 524, 1270, 1225, 436, 203, 672, 762, 844, 683, 774, 676, 217, 873, 286, 856, 88, 1474, 746, 1475, 156, 137, 742]","[208, 123, 320, 1074, 602]","[856, 448, 762, 436, 1270]"
264,"[118, 471, 328, 742, 125, 410, 257, 258, 300, 591, 237, 298, 245, 293, 117, 756, 628, 748, 100, 282, 288, 284, 975, 294, 273, 1]","[7, 279, 472, 409, 181, 15, 477, 151, 934, 1197, 323, 240, 688, 327, 111, 107, 50, 676, 815, 1016]","[293, 284, 282, 125, 257]","[323, 934, 477, 111, 688]"
265,"[508, 272, 124, 313, 268, 285, 286, 275, 14, 100, 9]","[676, 874, 283, 25, 321, 319, 245, 237, 289, 325, 276, 924]","[275, 285, 124, 268, 286]","[321, 283, 325, 676, 237]"
266,"[518, 410, 17, 840, 403, 238, 739, 114, 654, 55, 50, 684, 145, 214, 484, 693, 28, 187, 1401, 470, 464, 7, 568, 1073, 250, 175, 177, 24, 22, 433, 642, 475, 943, 204, 479, 88, 824, 3, 474, 367, 273, 240, 780, 647, 168, 172, 80, 228, 727, 222, 480, 216, 33, 128, 189, 108, 65, 176, 231, 789, 515, 64, 732, 229, 655, 550, 408, 144, 182, 124, 169, 174, 665, 53, 159, 179, 31, 206, 218, 180, 156, 141, 209, 679, 143, 186, 47, 153, 230, 100, 127, 198, 56, 498, 82, 81, 483, 202, 614, 217, 92, 203, 239, 98, 715, 293, 158, 69, 233, 157, 1240, 210, 188, 135, 68, 161, 710, 12, 89, 181, 1035, 265, 195, 183, 431]","[121, 980, 386, 423, 94, 546, 147, 226, 559, 597, 324, 384, 622, 449, 552, 575, 771, 578, 685, 227, 393, 545, 67, 54, 294, 1471, 450, 566, 29, 944, 364, 455, 1090, 385, 164, 926, 405, 810, 380, 1185, 235, 62, 826, 720, 391, 774, 155, 1336, 411, 742, 579, 1028, 1145, 1110, 554, 77, 959, 576, 2, 5]","[98, 82, 56, 180, 89]","[1336, 2, 5, 423, 54]"
267,"[231, 147, 583, 135, 83, 42, 68, 250, 205, 425, 404, 154, 228, 31, 333, 403, 269, 114, 483, 153, 679, 209, 357, 7, 244, 182, 474, 169, 246, 183, 181, 211, 189, 433, 484, 98, 168, 134, 546, 55, 194, 198, 97, 1065, 527, 302, 582, 288, 10, 195, 654, 227, 480, 27, 124, 222, 4, 226, 324, 179, 89, 234, 249, 11, 184, 203, 174, 59, 506, 630, 12, 50, 1073, 173, 95, 56, 479, 191, 525, 257, 208, 655, 652, 200, 92, 562, 268, 60, 178, 188, 718, 286, 117, 96, 61, 475, 176, 713, 144, 127, 172, 408, 435, 116]","[1035, 930, 2, 145, 62, 436, 824, 217, 21, 955, 298, 386, 790, 580, 1041, 364, 1249, 1, 94, 63, 470, 52, 684, 264, 721, 672, 374, 566, 121, 99, 432, 540, 823, 252, 768, 946, 248, 123, 810, 163, 16, 552, 141, 949, 717, 1059, 826, 1090, 267, 161, 395, 558, 108, 265, 82, 129, 17, 746, 232, 421, 1157, 781, 139, 978, 998, 91, 762, 370, 735, 325, 382, 258, 73, 477, 1095, 67, 206, 453, 385, 699, 761, 569, 568, 732, 715, 928, 825, 1477, 105, 665, 472, 926, 101, 1002, 238, 122, 40, 800, 38, 233, 554, 1079, 1476, 284, 391, 710, 47, 241, 407, 402, 100, 780, 399, 120, 384, 71, 369, 1074, 158, 33, 579, 541, 738, 164, 229, 597, 128, 397, 729, 981, 328, 1091, 1037, 1054, 72, 1231, 381, 1046, 1222, 544, 260, 180, 1314, 658, 1273, 466, 727, 941, 53, 455, 204, 13, 1228, 743, 151, 235, 576, 574, 622, 1303, 802, 636, 159, 559, 70, 1098, 561, 728, 831, 240, 77, 223, 860, 1188, 294, 1118, 627, 405, 578, 156, 88, 39, 230, 1413, 3, 290, 201, 423, 588, 259, 79, 452, 358, 218, 25, 186, 550, 940, 143, 24, 219, 37, 51, 273, 210, 80, 1208, 765, 1178, 379, 388, 1110, 719, 185, 456, 29, 450, 239, 363, 449, 840, 1016, 380, 747]","[89, 525, 269, 59, 147]","[1037, 159, 252, 407, 747]"
268,"[504, 127, 522, 246, 198, 507, 13, 9, 47, 793, 285, 156, 616, 923, 514, 478, 1020, 136, 961, 640, 922, 168, 340, 131, 529, 474, 608, 959, 483, 209, 664, 211, 654, 179, 492, 64, 137, 316, 902, 919, 177, 645, 213, 506, 856, 98, 531, 175, 276, 525, 475, 171, 527, 1065, 238, 1101, 55, 423, 512, 152, 655, 427, 499, 194, 716, 998, 741, 396, 498, 100, 1017, 425, 469, 1148, 517, 488, 537, 357, 197, 528, 48, 582, 185, 715, 1397, 212, 659, 518, 1011, 632, 644, 182, 428, 42, 315, 56, 134, 523, 191, 410, 318, 200, 151, 602, 647, 192, 661, 631, 792, 496, 508, 1428, 509, 59, 663, 135, 521, 657, 639, 1103, 65, 52, 23, 432, 187, 132, 1005, 603, 371, 747, 479, 697, 108, 268, 673, 1361, 708, 124, 515]","[367, 845, 217, 22, 234, 705, 252, 1165, 674, 235, 658, 82, 729, 106, 411, 210, 72, 412, 180, 205, 76, 172, 174, 1014, 214, 405, 805, 771, 486, 15, 484, 1091, 761, 63, 482, 188, 153, 435, 293, 50, 1480, 272, 497, 387, 142, 139, 985, 70, 195, 436, 401, 444, 7, 93, 1071, 183, 5, 642, 809, 756, 120, 44, 886, 1133, 636, 1028, 614, 1168, 627, 414, 763, 665, 346, 505, 254, 1438, 447, 433, 843, 161, 143, 216, 176, 597, 568, 1154, 502, 928, 707, 148, 1479, 393, 821, 51, 154, 1135, 88, 723, 204, 239, 157, 778, 96, 77, 783, 462, 1006, 53, 274, 81, 1188, 931, 66, 69, 241, 218, 445, 58, 302, 1040, 160, 679, 111, 162, 660, 956, 365, 173, 403, 3, 417, 1444, 1073, 762, 1110, 629, 530, 255, 196, 448, 133, 649, 122, 208, 818, 8, 68, 402, 163, 831, 181, 451, 464, 121, 232, 775, 735, 604, 939, 17, 89, 186, 202, 717, 281, 170, 476, 1411, 231, 1427, 1074, 441, 11, 710, 806, 167, 825, 237, 1478, 940, 739, 378, 1267, 823]","[276, 23, 1103, 639, 998]","[76, 486, 139, 414, 1165]"
269,"[452, 25, 98, 558, 778, 671, 97, 736, 370, 83, 53, 466, 781, 306, 327, 148, 387, 70, 159, 1119, 281, 707, 379, 596, 441, 703, 741, 155, 173, 66, 156, 1014, 286, 222, 241, 800, 218, 13, 295, 747, 551, 288, 716, 1148, 714, 217, 275, 471, 569, 872, 684, 402, 1210, 1471, 176, 740, 181, 253, 183, 584, 50, 26, 546, 928, 60, 713, 722, 531, 90, 5, 279, 727, 257, 7, 447, 794, 581, 860, 79, 559, 1009, 583, 739, 164, 121, 694, 226, 421, 213, 535, 200, 665, 1073, 1074, 319, 251, 815, 123, 943, 93, 88, 475, 86, 268, 603, 219, 185, 234, 566, 242, 1007, 672, 1109, 56, 283, 265]","[230, 17, 553, 509, 282, 237, 258, 77, 145, 356, 335, 250, 244, 443, 742, 324, 582, 869, 574, 563, 118, 554]","[251, 1210, 566, 447, 1009]","[145, 509, 244, 742, 17]"
270,"[132, 346, 199, 378, 187, 705, 482, 750, 111, 514, 11, 211, 22, 8, 50, 242, 197, 191, 172, 180, 204, 490, 13, 661, 414, 657, 133, 435, 283, 732, 200, 83, 275, 1091, 248, 713, 224, 170, 52, 192, 510, 866, 1101, 402, 318, 44, 356, 141, 744, 739, 518, 530, 64, 95, 237, 549, 289, 642, 605, 430, 265, 70, 516, 423, 485, 31, 495, 193, 196, 479, 660, 12, 526, 137, 179, 393, 523, 98, 371, 77, 127, 286, 505, 257, 1046, 663, 614, 520, 135, 651, 234, 699, 269, 357, 509, 88, 285, 277, 529, 194, 79, 527, 521, 198, 461, 494, 648, 190, 4, 487, 173, 603, 205, 69, 498, 131, 847, 956, 462, 202, 511, 302, 697, 238, 208, 210, 493, 591, 313, 51, 707, 124, 48, 690, 480, 792, 692, 654, 215, 203, 97, 9, 506, 566, 496, 729, 100, 181, 216, 428, 963, 174, 427, 315, 735, 466, 429, 515, 186, 28, 169]","[709, 1028, 65, 56, 714, 220, 410, 630, 1266, 624, 121, 823, 274, 300, 451, 134, 241, 345, 338, 284, 25, 582, 15, 54, 328, 258, 294, 517, 58, 425, 411, 311, 419, 1133, 528, 185, 951, 317, 1139, 384, 1, 310, 742, 471, 221, 882, 117, 272, 644, 312, 38, 107, 130, 239, 756, 87, 118, 1411, 392, 218, 476, 507, 443, 235, 703, 602, 864, 89, 570, 441, 546, 161, 276, 659, 126, 845, 168, 580, 282, 62, 405, 347, 477, 177, 381, 924, 182, 73, 747, 474, 1120, 815, 504, 81, 499, 625, 47, 481, 40, 763, 2, 539, 188, 470, 148, 649, 1117, 472, 178, 125, 176, 43, 136, 116, 244, 1282, 610]","[462, 196, 357, 516, 523]","[1120, 62, 504, 241, 443]"
271,"[178, 12, 317, 1101, 48, 127, 8, 11, 172, 474, 22, 498, 357, 483, 521, 469, 288, 79, 211, 514, 193, 98, 210, 50, 23, 96, 42, 205, 183, 604, 423, 175, 654, 238, 204, 200, 651, 208, 234, 194, 174, 56, 32, 134, 69, 187]","[1393, 772, 201, 746, 133]","[204, 11, 174, 357, 8]","[1393, 746, 133, 201, 772]"
272,"[311, 902, 690, 319, 321, 303, 305, 315, 316, 272, 347, 268, 896]","[328, 345, 900, 340, 313, 304, 307, 286, 338]","[303, 902, 319, 896, 315]","[338, 340, 328, 900, 345]"
273,"[845, 405, 50, 748, 288, 25, 275, 496, 478, 208, 476, 742, 277, 83, 319, 713, 117, 88, 111, 1, 150, 118, 471, 164, 181, 71, 762, 1063, 274, 866, 98, 591, 282, 100, 69, 1152, 211, 685, 276, 125, 9, 15, 300, 628, 258, 220, 200, 318, 629, 1051, 237, 744, 1060, 234]","[411, 148, 546, 815, 255, 243, 294, 846, 924, 877, 280, 597, 472, 873, 596, 756, 1163]","[866, 258, 125, 300, 471]","[148, 546, 1163, 472, 815]"
274,"[98, 265, 520, 176, 523, 191, 423, 300, 222, 28, 746, 144, 101, 294, 50, 210, 1, 432, 164, 181, 199, 174, 228]","[597, 405, 186, 418, 1091, 69, 449, 501, 173, 258, 1066, 183, 588, 252, 969, 202, 630, 304, 89, 142, 95, 662, 496, 117, 102, 208, 636, 930, 118, 627, 451, 946, 226, 435, 826, 515, 154, 196, 71, 62, 99, 408, 135, 132, 416, 162, 257, 431, 420, 96, 121, 625, 472, 169, 434, 542, 1219, 470, 450, 624, 22, 448, 380, 473, 229, 393, 825, 230, 188, 419, 679, 227]","[265, 144, 523, 164, 294]","[71, 473, 662, 434, 969]"
275,"[2, 922, 70, 417, 188, 64, 181, 294, 324, 419, 474, 78, 357, 568, 845, 273, 157, 226, 550, 246, 180, 843, 301, 11, 1218, 429, 347, 270, 58, 318, 1135, 76, 56, 176, 207, 250, 770, 969, 463, 147, 448, 684, 22, 853, 230, 249, 228, 290, 496, 747, 746, 139, 272, 81, 737, 854, 117, 265, 164, 234, 1172, 282, 227, 276, 69, 432, 121, 238, 751, 141, 418, 340, 436, 649, 4, 420, 404, 302, 1240, 403, 307, 203, 168, 209, 315, 317, 427, 14, 471, 806, 210, 68, 127, 693, 547, 214, 288, 156, 125, 640, 171, 732, 268, 742, 169, 408, 566, 91, 1129, 588, 196, 206, 333, 559, 135, 186, 204, 101, 223, 1220, 423, 8, 569, 578, 581, 124, 154, 628, 262, 652, 198, 98, 258, 153, 197, 396, 653, 50, 473, 410, 942, 750, 240, 79, 354, 1301, 526, 192, 343, 691, 692, 558, 462, 222, 331, 128, 959, 17, 99, 603, 100, 916, 271, 298, 151, 144, 461, 915, 634, 433, 241, 24, 189, 239, 1170, 31, 655, 1056, 421, 53, 393, 658, 647, 458, 123, 47, 201, 9, 1118, 523, 411, 193, 183, 82, 1098, 735, 1267, 455, 328, 160, 475, 184, 313, 42, 195, 709, 174, 346, 382, 219, 72, 235, 1, 1482, 218, 28, 943, 202, 185, 173, 479, 25, 518, 443, 447, 7, 257, 501, 531, 508, 71, 385, 217, 65, 55, 12, 303, 179, 902, 428, 316, 334, 844, 248, 109, 425, 215, 96, 919, 150, 95, 187, 172, 685, 89, 269, 200, 237, 1199, 332, 710, 1019, 143, 23, 33, 284, 636, 469, 293, 92, 175, 772, 182, 300]","[796, 564, 54, 322, 1091, 57, 142, 40, 1081, 773, 1157, 939, 364, 1095, 38, 43, 406, 34, 384, 583, 291, 85, 789, 1416, 104, 401, 1131, 801, 66, 1314, 1478, 563, 780, 748, 561, 383, 786, 719, 1210, 456, 631, 229, 63, 597, 544, 77, 46, 231, 1013, 1253, 779, 1239, 1073, 1110, 879, 1274, 1228, 941, 366, 840, 1044, 682, 577, 669, 449, 450, 727, 232, 672, 595, 1089, 743, 831, 145, 1180, 571, 1471, 809, 41, 470, 930, 94, 74, 379, 386, 665, 5, 686, 816, 551, 118, 1035, 576, 977, 774, 409, 697, 562, 803, 876, 549, 734, 325, 451, 380, 591, 86, 825, 951, 1079, 1083, 1006, 1245, 426, 108, 1031, 1221, 1047, 720, 84, 264, 402, 931, 415, 823, 62, 797, 73, 21, 120, 158, 763, 1407, 800, 974, 802, 88, 1194, 715, 755, 1042, 289, 391, 323, 358, 395, 388, 1011, 1141, 399, 159, 721, 356, 44, 627, 572, 1028, 739, 771, 1244, 252, 765, 274, 281, 453, 367, 679, 768, 725, 759, 1109, 51, 794, 769, 546, 27, 375, 233, 552, 67, 355, 1481, 29, 122, 1046, 1074, 582, 1140, 890, 790, 225, 590, 1208, 928, 387, 254, 678, 624, 881, 3, 392, 871, 1016, 405, 431, 993, 1000, 783, 820, 148, 80, 260, 575, 1145, 1213, 397, 586, 472, 1483, 540, 1036, 39, 407, 554, 245, 567, 728, 975, 97, 1052, 373, 696, 452, 365, 1232, 1273, 949, 541, 1010, 161, 413, 807, 1413, 1090]","[469, 332, 518, 558, 301]","[44, 1141, 1073, 1131, 233]"
276,"[255, 279, 282, 1197, 273, 24, 9, 129, 117, 591, 302, 286, 15, 628, 25, 93, 274, 285, 237, 844, 276, 147, 742, 925, 619, 111, 508, 293, 258, 221, 100, 284, 1]","[257, 1011, 151, 748, 405, 121, 181, 872, 473, 1129, 50, 1283, 124, 137, 7, 472, 471, 762, 278, 1008, 1012]","[258, 286, 1, 591, 255]","[278, 181, 405, 50, 471]"
277,"[603, 311, 98, 525, 347, 22, 269, 173, 306, 294, 286, 315, 313, 752, 288, 538, 923, 515]","[301, 882, 245, 258, 302]","[286, 752, 315, 515, 525]","[245, 882, 258, 302, 301]"
278,"[154, 68, 1181, 399, 586, 741, 725, 168, 89, 96, 746, 144, 227, 1376, 491, 709, 789, 42, 1228, 1492, 1291, 163, 1093, 174, 382, 108, 363, 1413, 67, 780, 871, 1498, 202, 1209, 1500, 397, 1495, 992, 408, 702, 1000, 240, 464, 226, 175, 147, 469, 4, 92, 195, 24, 114, 207, 173, 578, 571, 1231, 209, 265, 820, 228, 290, 433, 652, 105, 998, 319, 1052, 384, 80, 654, 1271, 208, 121, 117, 224, 940, 391, 201, 1047, 804, 184, 238, 25, 236, 59, 841, 233, 465, 73, 719, 248, 434, 638, 721, 1007, 40, 831, 407, 156, 474, 1485, 229, 824, 712, 660, 153, 16, 398, 10, 413, 372, 128, 401, 624, 436, 597, 189, 109, 1305, 395, 455, 1499, 843, 1121, 60, 81, 1059, 802, 1206, 502, 186, 659, 380, 558, 166, 751, 425, 151, 169, 679, 1012, 301, 210, 137, 61, 342, 1321, 517, 1491, 410, 926, 710, 33, 1490, 1488, 239, 1027, 797, 1028, 977, 778, 230, 728, 211, 636, 514, 550, 864, 1178, 257, 1072, 364, 862, 373, 100, 1088, 1030, 385, 152, 450, 971, 1001, 687, 431, 1288, 2, 269, 56, 759, 566, 321, 1039, 1481, 833, 1034, 429, 27, 630, 482, 47, 17, 945, 826, 165, 7, 486, 83, 901]","[832, 1336, 1240, 501, 1497, 122, 1428, 982, 1162, 1048, 1151, 254, 79, 1182, 487, 509, 919, 116, 65, 827, 393, 88, 562, 1493, 249, 1017, 1113, 275, 368, 1484, 1142, 1095, 1411, 740, 685, 1118, 13, 415, 418, 577, 216, 1487, 167, 662, 530, 412, 753, 727, 390, 1180, 792, 762, 739, 1489, 490, 405, 732, 386, 101, 1133, 556, 432, 1, 810, 90, 50, 1230, 66, 120, 63, 214, 1032, 1239, 1035, 1120, 250, 952, 52, 235, 411, 1219, 489, 541, 1110, 534, 853, 472, 1312, 1501, 1247, 1011, 616, 273, 1108, 594, 367, 532, 274, 809, 990, 234, 1195, 396, 129, 421, 70, 146, 283, 181, 470, 1435, 99, 132, 932, 94, 444, 71, 291, 649, 1266, 219, 764, 978, 1087, 1402, 139, 190, 150, 529, 124, 1361, 172, 684, 403, 890, 158, 204, 41, 12, 554, 1215, 1025, 869, 294, 922, 666, 1132, 760, 1242, 663, 1486, 591, 176, 763, 625, 203, 976, 1037, 480, 1185, 31, 546, 130, 845, 1170, 671, 170, 288, 781, 1480, 28, 948, 456, 198, 515, 21, 44, 22, 29, 1205, 1244, 1494, 32, 193, 713, 462, 95, 805, 946, 30, 180, 461, 191, 1070, 449, 1224, 379, 375, 547, 284, 259, 131, 388, 451, 87, 1250, 854, 428, 62, 1437, 231, 222, 242, 1274, 576, 823, 644, 744, 544, 1496, 374, 1444, 969, 779, 64]","[841, 10, 189, 871, 940]","[1142, 1496, 1219, 739, 546]"
279,"[631, 1, 127, 781, 544, 1028, 975, 86, 96, 756, 225, 11, 566, 316, 265, 483, 286, 790, 53, 180, 159, 7, 117, 499, 95, 102, 5, 1313, 1459, 538, 586, 322, 663, 1478, 723, 40, 1168, 468, 942, 387, 1401, 69, 780, 629, 476, 431, 153, 274, 135, 132, 288, 1066, 699, 546, 1297, 31, 161, 746, 56, 925, 98, 90, 1035, 220, 1466, 1221, 235, 765, 324, 1041, 200, 1207, 697, 315, 389, 140, 156, 1112, 13, 66, 367, 67, 1048, 79, 527, 155, 393, 496, 402, 609, 486, 416, 8, 1217, 71, 764, 1051, 203, 1099, 742, 58, 384, 22, 660, 928, 1114, 167, 111, 385, 72, 584, 750, 619, 218, 142, 673, 392, 9, 423, 70, 451, 216, 946, 379, 318, 276, 12, 588, 233]","[508, 540, 1049, 845, 472, 128, 204, 554, 693, 38, 145, 99, 227, 202, 100, 231, 736, 571, 230, 419, 404, 323, 125, 381, 934, 144, 82, 1047, 542, 1479, 420, 449, 576, 690, 559, 568, 62, 92, 157, 448, 50, 181, 1015, 195, 692, 210, 237, 4, 282, 54, 722, 465, 1060, 735, 715, 234, 977, 73, 655, 1181, 77, 158, 118, 1133, 215, 232, 388, 162, 94, 176, 29, 217, 769, 507, 725, 239, 771, 219, 197, 284, 748, 731, 729, 174, 409, 313, 126, 751, 1473, 1182, 80, 678, 755, 294, 2, 229, 575, 528, 103, 728, 76, 226, 471, 88, 228, 550, 670, 380, 173, 866, 595, 3, 112, 68, 405, 245, 241, 403, 452, 33, 364, 411, 222, 1063, 183, 585, 182, 739, 172]","[220, 203, 8, 499, 70]","[568, 128, 228, 540, 736]"
280,"[332, 538, 877, 322, 288, 304, 310, 690, 271, 300, 748]","[338, 989, 938, 258, 682, 333, 308, 326, 294, 331, 301, 289, 342, 323, 259]","[288, 322, 748, 538, 690]","[259, 338, 682, 294, 323]"
281,"[288, 327, 269, 258, 302, 294, 305, 262, 890, 343, 268, 319]","[325, 271, 338, 307, 879, 689, 340, 300, 333, 358]","[302, 288, 890, 258, 294]","[325, 689, 300, 338, 358]"
282,"[1114, 432, 845, 83, 186, 70, 588, 627, 42, 24, 216, 709, 659, 238, 210, 455, 50, 125, 95, 209, 194, 435, 175, 202, 168, 49, 294, 409, 208, 820, 393, 56, 151, 1079, 204, 433, 412, 91, 100, 211, 173, 732, 109, 71]","[407, 288, 1487, 676, 625, 21, 866, 1009, 291]","[208, 175, 216, 83, 455]","[288, 407, 291, 1009, 625]"
283,"[304, 269, 305, 258, 344, 328, 887, 286, 346, 340, 301, 306, 262, 347, 307, 900, 272, 345, 268, 303, 903, 302, 315]","[322, 906, 259, 339, 682, 313, 324, 300, 332, 748, 539, 750, 938, 690, 754, 310, 751, 333, 687, 289, 270, 319, 877, 334]","[262, 269, 887, 272, 340]","[938, 748, 332, 754, 259]"
284,"[191, 269, 150, 151, 288, 538, 168, 313, 902, 276, 455, 682, 237, 302, 198, 100, 346, 205, 222, 357, 194, 300, 270, 183]","[216, 628, 514, 258, 64, 319, 185, 286]","[346, 270, 682, 300, 194]","[64, 185, 514, 216, 258]"
285,"[1014, 208, 379, 171, 143, 288, 153, 99, 357, 746, 298, 175, 73, 85, 154, 1316, 34, 709, 258, 628, 133, 7, 689, 151, 83, 1039, 341, 269, 1265, 465, 272, 248, 142, 196, 419, 96, 683, 191, 1091, 559, 11, 20, 89, 277, 50, 309, 738, 354, 1194, 55, 168, 289, 554, 404, 1, 57, 195, 881, 88, 1286, 268, 329, 574, 778, 710, 640, 155, 732, 127, 66, 275, 949, 423, 91, 1504, 393, 167, 381, 1280, 125, 186, 47, 394, 251, 658, 1105, 475, 883, 176, 111, 1375, 90, 924, 147, 224, 209, 216, 14, 737, 588, 707, 211, 179, 969, 396, 339, 40, 1288, 535, 336, 761, 312, 476, 172, 428, 527, 433, 95, 1038, 1075, 315, 210, 132, 174, 888, 483, 137, 569, 316, 781, 70, 198, 301, 742, 451, 17, 741, 340, 372, 4, 884, 1074, 462, 202, 382, 1051, 955, 431, 278, 747, 22, 821, 1101, 931, 116, 330, 42, 232, 929, 97, 250, 123, 280, 348, 1060, 408, 101, 235, 629, 906, 173, 183, 1133, 345, 1053, 800, 367, 537, 652, 72, 403]","[237, 44, 231, 721, 771, 158, 655, 425, 100, 1035, 164, 432, 13, 642, 228, 56, 704, 815, 234, 790, 325, 405, 1503, 107, 512, 1113, 477, 229, 1182, 952, 1140, 596, 1411, 29, 993, 1230, 577, 77, 636, 1047, 53, 1118, 161, 25, 290, 1202, 766, 792, 546, 824, 421, 214, 472, 768, 411, 597, 285, 552, 417, 181, 703, 144, 121, 1239, 763, 212, 217, 805, 818, 819, 930, 390, 461, 82, 139, 749, 739, 1502, 184, 946, 724, 934, 386, 1119, 762, 728, 204, 117, 257, 988, 734, 1079, 41, 401, 169, 413, 189, 455, 274, 16, 81, 3, 473, 402, 856, 215, 240]","[89, 969, 737, 742, 393]","[552, 214, 636, 472, 1047]"
286,"[327, 1, 926, 347, 294, 257, 249, 11, 56, 92, 1016, 218, 39, 156, 346, 591, 461, 248, 268, 28, 276, 117, 291, 201, 98, 340, 208, 748, 298, 200, 845, 50, 237, 9, 682, 4, 121, 313, 546, 108, 710, 100, 952, 652, 235, 168, 222, 64, 246]","[252, 111, 240, 301, 250, 181, 426, 476, 1067, 815, 941, 742, 895]","[156, 56, 64, 235, 461]","[426, 240, 815, 742, 250]"
287,"[305, 272, 127, 196, 200, 182, 97, 202, 900, 12, 317, 340, 157, 15, 13, 887, 300, 276, 50, 69, 64, 237, 178, 357, 318, 346, 22, 180, 544, 427, 345, 234, 268, 515, 216, 435, 1358, 520, 511, 136, 174, 651, 632, 1065, 528, 269, 197, 98, 211, 199, 176, 258, 205, 100, 286]","[132, 593, 527, 742, 1039, 177, 230, 223, 175, 880, 190, 121, 289, 688, 173, 134, 294, 214, 327, 210]","[286, 300, 544, 1065, 651]","[742, 132, 173, 121, 327]"
288,"[849, 7, 24, 1016, 685, 471, 742, 455, 117]","[282, 1, 815, 410, 473, 405, 926, 147, 151, 254, 21, 222, 125, 121, 15, 477, 109, 363]","[117, 685, 24, 7, 742]","[363, 109, 410, 282, 151]"
289,"[88, 143, 50, 161, 82, 222, 71, 274, 429, 202, 158, 216, 423, 98, 164, 432, 755, 193, 498, 118, 22, 204, 196, 625, 172, 210, 588, 15, 230, 434, 483, 496, 69, 1047, 228, 176, 141, 318, 265, 732, 174, 121, 1035, 419, 31, 1, 527, 28, 257, 596, 692, 135, 809, 181, 993, 66, 385, 95, 402, 472, 136, 64, 183, 99, 120]","[208, 132, 568, 393, 476, 21, 1028, 153, 218, 1013, 239, 380, 418, 546, 404, 818, 550, 1336, 473, 91, 243, 622, 474, 450, 685, 227, 739, 832, 523, 105, 54, 43, 162, 520, 1091, 436, 133, 144, 699, 826, 449, 742, 205, 515, 1079, 139, 683, 403, 1285, 926, 484, 167, 629, 465, 125, 435, 97, 1060, 271, 229, 252, 211, 199, 930, 720, 650, 109, 191, 117, 49, 651, 323, 168, 180, 89, 825, 405, 235, 234, 566, 102, 62, 357, 151, 378]","[257, 419, 483, 993, 193]","[54, 484, 243, 449, 205]"
290,"[1042, 144, 80, 686, 1178, 418, 1016, 15, 428, 7, 70, 501, 732, 250, 471, 214, 578, 226, 466, 54, 159, 77, 627, 99, 741, 824, 385, 460, 53, 168, 17, 558, 1017, 147, 410, 421, 1109, 455, 770, 396, 1078, 1098, 237, 41, 101, 1046, 56, 4, 790, 154, 46, 1244, 174, 567, 72, 28, 179, 496, 156, 48, 588, 1188, 66, 715, 218, 794, 106, 356, 401, 1210, 49, 1219, 1505, 294, 384, 24, 729, 181, 92, 284, 288, 1073, 685, 825, 9, 420, 448, 285, 581, 5, 1059, 8, 238, 31, 290, 469, 367, 655, 33, 140, 417, 403, 215, 763, 232, 128, 236, 79, 1077, 946, 12, 475, 566, 164, 55, 941, 1, 22, 82, 568, 325, 123, 416, 798, 735, 210, 427, 924, 90, 219, 411, 1012, 282, 1220, 933, 423, 67, 124, 780, 117, 202, 100, 69, 129, 93, 722, 11, 246, 204, 1067, 636, 550, 262, 820, 200, 212, 670, 1277, 234, 413, 772, 631, 291, 172, 1248, 173, 249, 96, 184, 98, 844, 64, 195, 223, 785, 50, 97, 747, 125, 151, 71, 939, 404, 402, 95, 943, 576, 405, 293, 240, 153, 582, 562, 508, 573]","[118, 376, 1139, 1028, 571, 366, 572, 273, 324, 1471, 816, 122, 672, 574, 555, 552, 175, 1239, 1253, 470, 379, 834, 1083, 551, 1213, 365, 155, 383, 375, 1215, 1273, 1376, 188, 395, 89, 755, 1157, 143, 1206, 619, 769, 540, 244, 412, 761, 706, 1478, 823, 546, 231, 563, 391, 1303, 565, 998, 569, 975, 1217, 829, 38, 121, 369, 85, 1229, 940, 235, 974, 393, 456, 597, 1079, 364, 985, 94, 1209, 1305, 756, 783, 245, 21, 84, 801, 3, 158, 977, 773, 774, 1090, 742, 592, 575, 717, 800, 1489, 27, 760, 928, 739, 577, 833, 1047]","[568, 284, 46, 785, 405]","[393, 755, 1157, 540, 551]"
291,"[515, 174, 11, 661, 589, 9, 195, 86, 276, 653, 183, 10, 132, 176, 488, 100, 525, 1050, 28, 1039, 657, 510, 124, 151, 429, 919, 479, 226, 475, 511, 484, 855, 1010, 654, 173, 111, 79, 83, 56, 423, 285, 234, 207, 300, 194, 144, 320, 659, 168, 265, 223, 408, 127, 705, 135, 190, 153, 24, 58, 1142, 523, 482, 156, 607, 298, 209, 180, 98, 528, 492, 844, 1, 1073, 199, 499, 48, 491, 96, 631, 2, 64, 248, 50, 197, 117, 115, 486, 150, 603, 169, 181, 282, 419, 789, 228, 193, 331, 203, 165, 483, 602]","[328, 324, 405, 343, 252, 1014, 628, 288, 118, 222, 535, 125, 20, 214, 7, 250, 235, 748, 264, 462, 665, 472, 249]","[197, 117, 115, 484, 228]","[748, 462, 222, 405, 628]"
292,"[135, 132, 496, 293, 156, 484, 705, 654, 157, 87, 124, 216, 514, 647, 251, 194, 172, 144, 153, 447, 134, 657, 23, 55, 12, 82, 1147, 425, 164, 445, 183, 479, 474, 71, 480, 504, 151, 92, 443, 64, 435, 414, 215, 603, 467, 56, 298, 206, 649, 653, 582, 491, 416, 313, 89, 503, 297, 462, 160, 302, 482, 182, 942, 177, 636, 497, 463, 211, 196, 199, 48, 50, 357, 483, 198, 506, 492, 81, 272, 531, 273, 234, 1286, 200, 404, 174, 518, 638, 192, 180, 568, 179, 527, 427, 589, 317, 163, 1333, 4, 469, 528, 97, 285, 693, 152, 420, 429, 100, 173, 513, 143, 168, 185, 176, 223, 238, 432, 501, 98, 507, 45, 303, 127]","[5, 685, 471, 1267, 770, 249, 423, 137, 380, 708, 325, 166, 412, 39, 79, 605, 748, 779, 288, 346, 629, 1161, 665, 36, 724, 167, 729, 931, 1220, 148, 227, 1132, 195, 566, 521, 849, 386, 559, 264, 461, 210, 188, 646, 572, 125, 300, 1098, 553, 68, 655, 781, 282, 239, 1101, 257, 202, 99, 943, 8, 322, 228, 466, 679, 31, 27, 405, 616, 147, 761, 2, 871, 208, 158, 401, 720, 845, 76, 464, 155, 642, 91, 33, 619, 1057, 181, 69, 139, 583, 209, 485, 977, 554, 16, 843, 255, 419, 751, 627, 866, 1046, 421, 632, 366, 1217, 1011, 347, 54, 739, 430, 280, 53, 328, 804, 226, 1042, 710, 1017, 426, 1226, 637, 924, 747, 22, 549, 26, 290, 578, 742, 367, 809, 111, 3, 240, 258, 62, 955, 856, 933, 1208, 7, 684, 588, 25, 250, 38, 165, 746, 939, 660, 433, 29, 1229, 824, 732, 15, 252, 1248, 546, 460, 133, 651, 810, 291, 14, 831, 204, 941, 403, 591, 550, 544, 678, 283, 70, 248, 356, 294, 1311, 233, 222, 1298, 230, 49, 1016, 895, 658, 286, 159, 65, 203, 1048, 715, 77, 402, 1041, 393, 186, 129, 17, 1018, 265, 187, 121, 789, 780, 1421, 47, 510, 371, 686, 468, 232, 213, 1209, 67, 245, 275, 150, 316, 663, 455, 956, 218, 571, 175, 235, 436, 193, 161, 217, 1135, 11, 1228, 1, 877, 96, 815, 229, 451, 51, 88, 85, 237, 1264, 284, 696, 315, 411, 117, 410, 820, 73, 66, 712, 558, 628, 1119, 162, 122, 1044, 765, 502, 94, 28, 509]","[492, 469, 467, 198, 603]","[371, 322, 129, 386, 742]"
293,"[109, 271, 508, 127, 222, 288, 539, 483, 1067, 24, 250, 7, 603, 471, 147, 544, 248, 742, 355, 79, 350, 1007, 260, 300, 475, 895, 751, 246, 1016, 902, 343, 1132, 347, 340, 410, 331, 298, 269, 237, 121, 50, 546, 100, 249, 151, 111, 313, 879, 252, 1012, 535, 181, 324, 117, 123, 268, 538, 301, 286, 276, 93, 515, 334, 1, 872, 293, 520, 294, 295, 333, 328, 405]","[931, 1245, 930, 282, 1199, 676, 979, 120, 10, 876, 678, 547, 118, 299, 327, 264, 325, 689, 826, 346, 748, 411, 105, 125, 1013, 926, 322, 245, 823, 1161, 825, 358, 749, 406, 1079, 122, 1088, 472, 332, 476, 363, 752, 307, 619, 413, 240, 1081, 291, 928, 682, 235, 1134, 148, 1011, 827, 743, 1254, 1089, 323, 831, 597, 254, 1014, 273, 281, 258, 840, 986, 1028, 881, 257, 455, 255, 21, 354, 829, 1047, 342]","[603, 295, 475, 7, 539]","[273, 282, 358, 1089, 342]"
294,"[218, 194, 961, 739, 39, 190, 72, 172, 235, 704, 47, 73, 483, 151, 67, 727, 173, 4, 722, 405, 423, 966, 493, 736, 588, 404, 624, 378, 843, 153, 1459, 1221, 1401, 25, 102, 210, 485, 154, 1446, 99, 1135, 68, 419, 737, 215, 498, 226, 1115, 162, 164, 450, 602, 98, 157, 812, 1133, 7, 82, 241, 318, 1028, 1170, 380, 655, 86, 504, 174, 88, 747, 389, 133, 159, 414, 642, 1039, 435, 115, 290, 395, 371, 191, 94, 142, 648, 496, 720, 386, 238, 420, 965, 729, 181, 1473, 229, 217, 660, 91, 230, 158, 43, 161, 60, 631, 705, 125, 738, 527, 421, 417, 513, 105, 134, 22, 403, 137, 202, 95, 121, 431, 109, 427, 204, 208, 629, 559, 69, 228, 213, 196, 97, 65, 740, 357, 561, 265, 497, 382, 216, 809, 381, 465, 237, 70, 186, 222, 794, 385, 100, 743, 168, 79, 155, 89, 451, 71, 735, 227, 50, 83, 52, 1, 144, 951, 1297, 511, 461, 546, 402, 209, 449, 11, 143, 1050, 941, 582, 56, 132, 416]","[1503, 401, 1040, 412, 997, 53, 570, 946, 183, 1188, 42, 188, 118, 96, 790, 84, 470, 232]","[743, 451, 94, 235, 105]","[96, 470, 1503, 997, 188]"
295,"[705, 508, 20, 228, 222, 429, 855, 248, 258, 242, 48, 286, 272, 510, 275, 427, 83, 961, 544, 32, 1073, 96, 292, 950, 1142, 654, 279, 685, 98, 277, 238, 485, 172, 14, 750, 484, 22, 504, 923, 56, 274, 475, 124, 963, 204, 845, 121, 482, 284, 179, 45, 268, 134, 652, 89, 269, 435, 191, 521, 257, 357, 55, 287, 198, 293, 100, 125, 663, 79, 523, 180, 303, 199, 528, 237, 251, 515, 144, 1160, 282, 1284, 221, 480, 127, 628, 313, 1007, 50, 256, 19, 297, 301, 315, 1, 7, 181, 483, 11, 114, 285, 211, 276, 9, 632, 194, 469, 153, 898, 246, 514, 659, 462, 696, 1251, 187, 498, 23, 209, 137]","[1009, 948, 255, 15, 455, 10, 846, 281, 151, 298, 210, 117, 815, 24, 240, 309, 259, 61, 294, 688, 111, 304, 289, 186, 13, 244, 250, 150]","[20, 144, 1251, 275, 191]","[151, 259, 186, 281, 250]"
296,"[133, 57, 89, 275, 25, 432, 588, 736, 307, 628, 286, 216, 20, 301, 22, 223, 176, 480, 86, 12, 699, 515, 97, 475, 98, 56, 50, 135, 175, 238, 116, 7, 1296, 273, 143, 173, 269, 209, 272, 24, 1007, 128, 108, 183, 129, 201, 137, 70, 222, 447, 508, 603, 114, 8, 302, 154, 237, 258, 117, 298, 283, 83, 11, 55, 268, 474, 185, 174, 455, 109, 752, 582, 750, 168, 211, 32, 90, 156, 28, 210, 124, 181, 357, 196, 527, 208, 479, 751, 100, 659, 690, 284, 153]","[716, 73, 234, 233, 182, 218, 1016, 198, 202, 574, 443, 300, 652, 282, 692, 277, 194, 31, 678, 629, 157, 250, 79, 864, 448, 235, 257, 102, 1217, 705, 625, 267, 195, 245, 748, 423, 596, 204, 742, 95, 231, 471, 197, 293, 1014, 326, 435, 687, 118, 47, 69, 53, 271, 17, 265, 430, 514, 160, 13, 919, 213, 288, 1, 191, 1073, 249, 4, 151, 230, 243, 347, 419, 529, 746, 984, 200, 535, 546, 42, 27, 111, 215, 228, 92, 498, 465, 248, 144, 485, 147, 367, 946, 294, 148, 34, 724, 1136, 338, 1109]","[603, 55, 90, 475, 1007]","[288, 257, 1, 864, 228]"
297,"[474, 317, 181, 625, 252, 8, 842, 477, 261, 432, 98, 418, 465, 1142, 172, 498, 144, 195, 496, 237, 286, 502, 651, 993, 69, 71, 197, 28, 507, 503, 178, 511, 471, 483, 705, 527, 194, 58, 430, 134, 23, 318, 1, 79, 257, 118, 97, 514, 588, 530, 603, 127, 186, 435, 951, 22, 205, 393, 143, 168, 604, 484, 211, 423, 208, 523, 88, 196, 284, 193, 265, 215, 419, 820, 132, 479, 210, 333, 526, 199, 174, 50, 121, 427, 549, 204, 9, 357, 187, 282, 482]","[281, 486, 1346, 152, 91, 151, 660, 652, 200, 473, 311, 213, 274, 202, 185, 203, 596, 99, 183, 864, 294, 133, 866, 946, 153, 504, 276, 546, 845, 125, 356, 742, 275, 485, 402, 679]","[435, 427, 484, 842, 588]","[652, 1346, 402, 99, 660]"
298,"[144, 955, 14, 134, 847, 588, 615, 641, 516, 238, 176, 174, 168, 210, 26, 270, 137, 50, 286, 645, 367, 418, 742, 1141, 479, 127, 485, 715, 208, 347, 318, 1039, 1020, 216, 462, 936, 509, 333, 482, 1119, 285, 702, 135, 778, 150, 511, 151, 198, 13, 1073, 710, 662, 173, 136, 433, 86, 276, 52, 543, 59, 175, 56, 170, 607, 475, 606, 204, 345, 692, 813, 1006, 191, 311, 190, 300, 1506, 484, 1005, 962, 508, 1050, 529, 275, 514, 474, 811, 47, 251, 746, 498, 1103, 129, 483, 732, 915, 488, 965, 302, 298, 647, 23, 1056, 171, 730, 792, 28, 478, 81, 213, 202, 48, 487, 91, 502, 970, 727, 513, 152, 248, 60, 154, 512, 169, 98, 753, 396, 166, 165, 517, 97, 515, 480, 642, 12, 10, 855, 747, 408, 503, 211, 510, 49, 354, 89, 83, 114, 61, 179, 212]","[229, 111, 1018, 577, 305, 303, 387, 1047, 240, 235, 971, 186, 1322, 921, 271, 24, 602, 739, 343, 32, 71, 1074, 101, 1227, 501, 378, 297, 1021, 889, 257, 496, 582, 959, 100, 17, 67, 998, 222, 916, 115, 752, 95, 423, 950, 181, 182, 73, 724, 919, 553, 294, 143, 522, 546, 655, 1132, 70, 954, 278, 393, 1214, 289, 473, 288, 185, 264, 19, 728, 346, 167, 259, 895, 88, 461, 197, 432, 538, 58, 255, 652, 634, 249, 237, 228, 1507, 209, 1223, 283, 25, 94, 1226, 1, 531, 274, 402, 77, 1036, 55, 820, 194, 7, 239, 99, 153, 749, 1258, 72, 207, 313, 244, 435, 93, 384, 603, 4, 481, 118, 1068, 1300, 785, 597, 856, 241, 640, 381, 733, 399, 1379, 319, 20, 45]","[692, 333, 52, 662, 813]","[889, 895, 294, 186, 4]"
299,"[948, 243, 322, 872, 257, 456, 876, 288, 300, 409, 881, 833, 1094, 1012]","[328, 261, 100, 264, 294, 687]","[243, 288, 409, 948, 881]","[294, 328, 261, 687, 100]"
300,"[98, 790, 401, 56, 79, 604, 33, 523, 660, 202, 1228, 174, 496, 172, 184, 1035, 58, 384, 1112, 11, 95, 410, 123, 230, 732, 483, 511, 651, 187, 281, 168, 380, 182, 8, 216, 7, 686, 427, 519, 215, 470, 66, 154, 756, 849, 88, 96, 1, 173, 1028, 673, 864, 99, 333, 357, 269, 300, 201, 204, 194, 871, 222, 199, 831, 176, 443, 22, 719, 1012, 607, 474, 42, 73, 237, 94, 588, 143, 144, 76, 527, 405, 156, 240, 265, 203, 29, 118, 403, 181, 132, 447, 502, 195, 127, 196, 47, 28, 373, 133, 559, 426, 109, 568, 197, 455, 1016, 121, 82, 51, 43, 1283, 465, 64, 693, 702, 150, 763, 797, 210, 742, 97, 340, 12, 250, 576, 451, 959, 186, 68, 546, 412, 271, 71, 431, 218, 50, 363, 219, 4, 232, 318, 323, 481, 284, 429, 294, 128, 409, 205, 233, 282, 866, 69, 117, 15, 24, 367, 425, 258, 226, 288, 755, 17, 100]","[554, 227, 191, 138, 606, 610, 395, 53, 25, 515, 456, 9, 771, 89, 692, 514, 77, 152, 411, 159, 407, 160, 684, 67, 31, 772, 54, 151, 582, 161, 710, 273, 423, 164, 1091, 180, 597, 153, 566, 229, 241, 105, 419, 276, 239, 385, 231, 2, 631, 252, 737, 179, 743, 552, 120, 824, 550, 1074, 91, 665, 739, 521, 81, 228, 235, 501, 746, 111, 1135, 39, 3, 193, 142, 418, 163, 735, 393, 758, 462, 802, 678, 503, 145, 1013, 1052, 420, 249, 162, 562, 685, 1230, 157, 404, 402, 122, 658, 387, 636, 90, 80, 820, 299, 41, 334, 62, 721, 183, 217, 655, 155, 21]","[864, 43, 150, 17, 258]","[1230, 142, 411, 407, 157]"
302,"[919, 69, 134, 404, 200, 161, 68, 393, 418, 1098, 693, 411, 1109, 433, 176, 1286, 209, 435, 65, 302, 182, 179, 460, 1007, 99, 408, 203, 262, 421, 235, 654, 129, 181, 202, 410, 233, 9, 318, 194, 480, 506, 160, 234, 79, 451, 96, 153, 257, 80, 231, 91, 249, 288, 164, 210, 582, 183, 67, 186, 473, 219, 294, 232, 276, 396, 122, 568, 1012, 739, 735, 742, 184, 237, 792, 1226, 1021, 55, 531, 705, 778, 558, 201, 591, 651, 42, 172, 1048, 44, 208, 226, 26, 430, 449, 763, 367, 436, 218, 1188, 152, 1187, 268, 185, 286, 507, 483, 156, 198, 223, 90, 12, 216, 517, 95, 482, 575, 13, 381, 847, 11, 603, 258, 137, 387, 525, 518, 420, 25, 544, 357, 616, 270, 658, 340, 508, 151, 50, 250, 650, 1073, 1142, 168, 215, 721, 741, 780, 64, 673, 979, 709, 715, 470, 423, 100, 56, 170, 195, 443, 475, 762, 960, 502, 1218, 379, 109, 692, 98, 474, 70, 22, 251, 82, 402, 150, 23, 501, 171, 269, 143, 425, 255, 746, 491, 298, 127, 124, 956, 845, 41, 174, 93, 246, 653, 132, 813, 241, 790, 875, 187, 665, 385, 386, 144, 228, 8, 319, 773, 479, 588, 128, 1039, 1, 293, 403, 405, 123, 92, 204, 333, 596, 461, 236, 97, 514, 83, 147, 17, 47, 4, 559, 615, 287, 484, 805, 655, 77, 284, 631, 7, 290, 33, 562, 419, 173, 221, 831, 238, 81, 116, 427, 191, 88]","[785, 842, 815, 252, 397, 779, 1160, 426, 145, 94, 120, 738, 1037, 277, 87, 291, 1315, 369, 323, 1095, 748, 330, 867, 700, 576, 549, 327, 273, 1090, 398, 716, 31, 1508, 1267, 373, 840, 325, 450, 1071, 416, 366, 849, 49, 1016, 1014, 1224, 62, 260, 926, 326, 159, 1088, 476, 376, 391, 125, 545, 24, 15, 722, 118, 574, 300, 1222, 844, 43, 139, 245, 364, 729, 998, 578, 1011, 1178, 697, 1239, 1118, 141, 1258, 38, 384, 551, 167, 685, 462, 1199, 541, 755, 1303, 765, 248, 158, 358, 820, 452, 759, 229, 809, 1210, 825, 948, 1047, 940, 2, 872, 321, 953, 222, 678, 720, 324, 800, 1270, 808, 1157, 29, 1273, 53, 458, 117, 28, 239, 540, 3, 54, 550, 382, 455, 952, 1510, 328, 928, 1013, 619, 586, 1232, 1089, 1110, 1411, 227, 106, 1426, 535, 413, 334, 1511, 78, 264, 1215, 552, 801, 1145, 871, 1153, 824, 1023, 85, 1092, 583, 72, 597, 283, 281, 111, 395, 829, 734, 282, 1230, 1135, 670, 5, 1509, 569, 1052, 1220, 388, 477, 230, 271, 833, 1034, 744, 1407, 73, 564, 595, 554, 1182, 866, 21, 432, 1046, 679, 1337, 375, 401, 1335, 873, 1097, 725, 1040, 636, 783, 993, 997, 121, 869, 289, 46, 1228, 1044, 1041, 687, 577, 390, 63, 155, 412, 71, 240, 1209, 259, 542, 634, 943, 368, 546, 1217, 627, 939, 1086, 363]","[218, 90, 98, 746, 100]","[248, 1217, 1040, 783, 564]"
303,"[237, 271, 298, 322, 275, 294, 313, 300, 278, 763, 274]","[259, 681, 288, 682, 893, 310, 343, 742, 286, 895, 328, 111, 243, 879, 323]","[275, 271, 274, 322, 278]","[111, 328, 288, 682, 893]"
304,"[427, 471, 425, 654, 512, 483, 50, 189, 187, 61, 923, 529, 186, 203, 209, 216, 14, 302, 169, 947, 1101, 298, 151, 357, 638, 156, 660, 154, 557, 178, 511, 530, 134, 258, 778, 1456, 655, 289, 207, 921, 7, 175, 423, 98, 856, 527, 183, 1104, 963, 628, 12, 904, 582, 690, 168, 971, 64, 180, 170, 286, 792, 223, 317, 735, 480, 70, 793, 251, 181, 199, 315, 42, 171, 196, 165, 48, 172, 269, 1, 382, 713, 198, 709, 408, 528, 285, 431, 1018, 160, 166, 486, 863, 176, 474, 475, 86, 462, 650, 45, 311, 242, 127, 97, 1286]","[451, 117, 214, 71, 79, 11, 960, 347, 15, 87, 238, 679, 56, 131, 403, 210, 1411, 610, 257, 76, 733, 338, 212, 192, 806, 943, 52, 245, 249, 602, 239, 482, 188, 204, 100, 174, 385, 190, 305, 81, 129, 268, 272, 83, 550, 405, 201, 246, 237, 96, 200, 748, 163, 88, 1513, 479, 1015, 153, 631, 327, 121, 195, 16, 215, 1073, 941, 135, 1512, 686, 184, 202, 751, 91, 664, 179, 770, 282, 1485, 845, 143, 433, 144, 708, 300, 684, 287, 191, 1074, 89, 478, 749, 2, 597, 197, 729, 33, 275, 318, 326, 428, 464, 13, 49, 505, 60, 228, 59, 469, 66, 663, 865, 961, 222, 485, 69, 173, 566, 484]","[251, 947, 183, 86, 475]","[222, 482, 326, 81, 71]"
305,"[235, 287, 14, 242, 275, 319, 1009, 306, 100, 744, 13, 116, 269, 150, 111, 286, 1514, 19, 1251, 257, 285]","[864, 476, 25, 321, 756, 283, 258, 303, 1028, 289, 741]","[1009, 287, 116, 242, 269]","[1028, 289, 741, 25, 864]"
306,"[89, 174, 949, 1022, 173, 258, 1411, 71, 431, 1110, 21, 175, 313, 229, 527, 169, 463, 428, 189, 91, 154, 746, 81, 153, 511, 515, 408, 449, 655, 423, 24, 474, 197, 114, 214, 186, 82, 145, 462, 83, 230, 215, 227, 56, 181, 419, 135, 529, 257, 209, 1, 1028, 588, 70, 168, 164, 483, 99, 228, 172, 580, 64, 222, 433, 132, 109, 269, 708, 50]","[94, 634, 687, 265, 509, 100, 22, 393, 193, 143, 427, 450, 183, 402, 101, 1140, 239, 403, 195, 210, 286, 380, 401, 185, 204, 660, 200, 395, 631, 28, 739, 62, 163, 736, 178, 1065, 196, 72, 505, 161, 472, 121, 831]","[153, 50, 428, 135, 109]","[101, 185, 402, 395, 193]"
307,"[1, 1197, 649, 402, 640, 427, 81, 187, 59, 516, 436, 174, 95, 848, 741, 163, 559, 298, 581, 435, 634, 164, 85, 481, 467, 609, 4, 502, 673, 447, 965, 811, 511, 1019, 488, 746, 475, 1046, 490, 116, 319, 805, 968, 192, 178, 487, 204, 393, 87, 610, 584, 184, 1006, 183, 822, 45, 514, 433, 705, 70, 633, 12, 5, 25, 177, 160, 199, 498, 79, 589, 1404, 806, 463, 611, 181, 466, 742, 238, 455, 1021, 664, 44, 127, 64, 175, 486, 921, 91, 425, 509, 477, 1421, 107, 168, 89, 72, 385, 124, 100, 129, 461, 520, 618, 191, 154, 74, 686, 284, 675, 482, 213, 23, 648, 712, 209, 408, 186, 48, 208, 143, 82, 432, 318, 30, 708, 248, 88, 157, 641, 276, 1411, 558, 68, 241, 469, 430, 715, 201, 523, 512, 71, 357, 1456, 195, 655, 699, 96, 605, 517, 56, 646, 24, 945, 494, 568, 275, 176, 171, 202, 566, 162, 732, 92, 419, 928, 679, 288, 428, 825, 135, 423, 8, 663, 856, 403, 367, 32, 11, 531, 602, 665, 739, 962, 153, 603, 613, 230, 210, 203, 22, 50, 1135, 1045, 506, 588, 151, 134, 17, 382, 122, 285, 99, 1515, 152, 434, 1065, 657, 1169, 519, 420, 182, 567, 671, 194, 653, 131, 156, 661, 853, 200, 185, 410, 479, 654, 1140, 501, 42, 550, 770, 211, 293, 629, 179, 47, 1147, 180, 7, 392, 218, 172, 504, 223, 525, 480, 411, 257, 66, 1118, 583, 396, 642, 537, 530, 429, 9, 169, 255]","[55, 295, 1286, 215, 493, 863, 378, 165, 166, 417, 802, 579, 60, 291, 959, 1028, 628, 193, 528, 54, 452, 607, 569, 632, 109, 526, 736, 656, 826, 322, 233, 283, 170, 483, 521, 265, 515, 443, 98, 144, 234, 843, 205, 219, 755, 582, 1047, 28, 313, 693, 309, 161, 747, 1211, 616, 1073, 578, 264, 505, 133, 729, 197, 147, 660, 58, 966, 484, 226, 492, 692, 31, 495, 597, 235, 123, 473, 254, 510, 499, 237, 19, 231, 118, 15, 591, 522, 1126, 198, 448, 1154, 842, 97, 214, 371, 216, 294, 1252, 148, 404, 678, 239, 21, 117, 49, 65, 614, 321, 496, 77, 196, 942, 792, 615, 485, 61, 274, 507, 365, 141, 659, 69, 132, 471, 73, 472, 546, 273, 709, 1074, 637, 356, 1121, 449, 824, 259, 684, 121, 139, 513, 778]","[392, 393, 367, 1021, 99]","[161, 49, 109, 579, 196]"
308,"[326, 938, 242, 331, 1025, 319, 334, 258, 286, 879]","[333, 324, 303, 1393, 306, 300, 304, 1296, 989, 690]","[331, 1025, 938, 879, 286]","[304, 333, 303, 300, 1296]"
309,"[116, 24, 536, 845, 304, 257, 14, 740, 251, 1022, 275, 181, 50, 1142]","[258, 832, 748, 274, 222, 1386, 294]","[1022, 181, 740, 1142, 257]","[258, 832, 1386, 222, 294]"
310,"[432, 98, 9, 566, 716, 203, 83, 385, 172, 180, 28, 662, 366, 505, 568, 403, 495, 181, 229, 141, 70, 213, 73, 348, 22, 233, 205, 99, 484, 482, 692, 117, 310, 471, 204, 469, 378, 258, 82, 178, 174, 526, 708, 431, 275, 588, 199, 226, 748, 679, 527, 365, 627, 510, 187, 136, 161, 418, 188, 402, 515, 845, 132, 946, 1093, 491, 592, 193, 1, 183, 43, 329, 15, 234, 921, 778, 528, 200, 86, 89, 125, 523, 208, 1232, 315, 50, 387, 134, 493, 168, 941, 195, 723, 642, 322, 71, 1035, 265, 318, 480, 202, 306, 216, 483, 276, 465, 300, 729, 177, 127, 215, 121, 176, 750, 724, 196, 648, 423, 504, 479, 357, 651, 12, 8, 191, 31, 732, 218, 228, 520, 194, 521, 468, 501, 356, 639, 621, 416, 539, 399, 77, 1119, 72, 294, 173, 794, 1221, 498, 197, 101, 684, 64, 660, 735, 282, 88, 66, 755, 56, 655, 630, 499, 944, 393, 487, 494, 39, 238, 54, 97, 645, 570, 210, 1297, 942, 76, 380, 699, 231, 96, 496, 69, 222, 371, 51, 135, 966, 227, 739, 511, 428, 79, 448, 614, 230, 392, 170]","[179, 654, 559, 386, 143, 419, 849, 5, 1222, 68, 661, 518, 1116, 553, 720, 94, 118, 38, 671, 367, 433, 951, 326, 212, 470, 58, 965, 761, 715, 239, 485, 425, 232, 775, 211, 62, 1046, 41, 576, 420, 1479, 751, 785, 44, 604, 451, 584, 185, 323, 23, 622, 768, 321, 549, 63, 100, 562, 783, 444, 1042, 209, 519, 133, 449, 754, 1041, 530, 509, 700, 702, 796, 192, 1050, 623, 404, 186, 581, 1217, 967, 650, 726, 198, 417, 705, 747, 91, 47, 443, 131, 241, 81, 436, 939, 578, 781, 415, 550]","[98, 194, 729, 501, 468]","[604, 470, 747, 775, 661]"
311,"[692, 100, 133, 573, 28, 494, 921, 641, 480, 1299, 98, 408, 495, 631, 134, 1203, 557, 639, 675, 1124, 57, 234, 481, 498, 132, 357, 603, 96, 131, 482, 269, 485, 483, 489, 584, 496, 443, 659, 275, 8, 615, 170, 180, 604, 205, 593, 705, 435, 52, 528, 543, 503, 382, 474, 656, 588, 513, 190, 136, 114, 195, 1039, 611, 183, 968, 179, 204, 520, 713, 1167, 71, 653, 633, 89, 863, 276, 488, 70, 1, 69, 206, 463, 187, 174, 850, 493, 521, 176, 654, 1126, 524, 671, 684, 486, 510, 855, 211, 608, 185, 208, 165, 166, 505, 1516, 519, 432, 663, 835, 613, 1020, 537, 491, 191, 154, 487, 837, 531, 478, 1451, 515, 207, 526, 490, 607, 596, 172, 945, 479, 427, 506, 657, 194, 23, 10, 499, 589, 1298, 509, 610, 673, 612, 740, 606, 14, 507, 660, 648, 143, 178, 97, 223, 530, 661, 813, 638, 50, 213, 614, 1172, 618, 602, 189, 1050, 169, 836, 459, 529, 601, 181, 484, 429, 197, 511, 644, 647, 83, 525, 199, 430]","[153, 121, 228, 188, 676, 847, 144, 238, 1021, 587, 241, 209, 919, 967, 157, 151, 730, 1116, 173, 265, 516, 156, 4, 609, 372, 512, 186, 428, 434, 632, 514, 214, 414, 625, 175, 640, 137, 177, 1192, 152, 419, 222, 124, 91]","[863, 474, 1516, 507, 484]","[241, 124, 188, 609, 1192]"
312,"[117, 566, 616, 436, 99, 96, 673, 191, 71, 31, 175, 265, 488, 969, 205, 180, 131, 204, 136, 435, 608, 482, 114, 132, 174, 318, 187, 135, 182, 73, 100, 657, 97, 650, 203, 515, 527, 423, 501, 199, 194, 64, 69, 665, 134, 521, 628, 98, 234, 1210, 161, 498, 604, 471, 1050, 659, 526, 550, 516, 226, 23, 624, 684, 474, 185, 837, 328, 525, 480, 496, 770, 178, 420, 118, 663, 404, 483, 430, 655, 144, 479, 50, 393, 633, 1, 443, 632, 523, 333, 183, 484, 133, 892, 121, 193, 177, 215, 195, 503, 432, 505, 211, 300, 661, 202, 63, 615, 636, 568, 385, 519, 520, 588, 546, 147, 504, 625, 489, 309, 238, 514, 172, 654, 481, 141, 511, 427, 89, 127, 210, 326, 181, 216, 176, 225, 497, 357, 79, 490, 603, 197]","[478, 22, 200, 745, 148, 65, 245, 208, 230, 740, 239, 139, 415, 151, 163, 670, 609, 44, 162, 494, 487, 417, 1066, 448, 578, 405, 843, 831, 154, 156, 67, 228, 565, 473, 674, 649, 56, 164, 29, 849, 441, 155, 586, 946, 66, 403, 218, 414, 542, 391, 662, 768, 8, 192, 25, 823, 486, 322, 77, 94, 428, 258, 167, 493, 168, 1091, 409, 418, 840, 485, 449, 629, 95, 88, 538, 820, 739, 720, 153, 461, 152, 186, 495, 735, 744, 748, 683, 499, 142, 419, 102, 502, 452, 331, 28, 696, 231, 157, 402, 47, 143, 465, 125, 82, 58, 222, 15, 1470, 237, 651, 742, 232, 631, 229, 582, 576, 778, 559, 235, 845, 531]","[114, 309, 178, 300, 435]","[840, 418, 487, 231, 228]"
313,"[28, 1150, 535, 95, 417, 692, 1518, 1218, 9, 791, 1139, 833, 73, 468, 924, 735, 54, 29, 366, 328, 623, 591, 268, 204, 1276, 672, 983, 42, 143, 402, 147, 138, 215, 105, 255, 869, 1220, 282, 597, 155, 218, 5, 763, 64, 288, 578, 237, 780, 68, 71, 819, 220, 1136, 1517, 7, 682, 873, 418, 94, 1032, 795, 327, 739, 409, 88, 111, 246, 1473, 946, 762, 278, 378, 761, 1210, 501, 794, 1152, 393, 411, 423, 588, 996, 125, 815, 1041, 367, 11, 1311, 78, 627, 1471, 993, 161, 806, 685, 699, 22, 1519, 866, 845, 121, 562, 721, 67, 66, 294, 202, 99, 628, 257, 410, 405, 1016, 151, 1469, 742, 496, 655, 332, 318, 65, 731, 1012, 790, 546, 15, 542, 820, 939, 150, 132, 283, 934, 1253, 808, 827, 117, 38, 1053, 419, 949, 1063, 41, 1145, 1, 1047, 8, 812, 69, 568, 1048, 476, 1297, 322, 609, 12, 932, 768]","[1263, 276, 1289, 90, 1095, 743, 929, 620, 938, 126, 1520, 785, 120, 941, 765, 693, 1054, 1221, 406, 399, 274, 724, 1503, 1085, 122, 1028, 1057, 959, 24, 377, 772, 395, 764, 948, 1089, 1178, 1165, 781, 1229, 595, 280, 697, 284, 1267, 801, 942, 1014, 379, 196, 796, 216, 36, 56, 783, 106, 470, 747, 775, 158, 53, 1074, 25, 401, 717, 433, 70, 72, 997, 412, 722, 508, 710, 846, 787, 365, 1094, 173, 756, 1217, 477, 540, 585, 144, 93, 1291, 1225, 1029]","[1, 1518, 983, 283, 73]","[70, 948, 1221, 93, 722]"
314,"[13, 185, 305, 657, 98, 230, 531, 654, 216, 223, 302, 55, 46, 156, 211, 285, 127, 603, 100, 180, 269, 48, 709, 508, 238, 12, 792, 168, 340, 186, 187, 194, 461, 382, 178, 56, 25, 428, 173, 176, 327, 1065, 276, 175, 513, 523, 154, 645, 209, 286, 642, 204, 23, 520, 303, 164, 4, 137, 433, 741, 673, 475, 79, 1084, 318, 93]","[273, 651, 431, 8, 17, 234, 504, 732, 746, 31, 271, 183, 770, 203, 121, 324, 301, 163, 466, 202, 288]","[285, 4, 286, 23, 93]","[203, 8, 17, 651, 324]"
315,"[98, 306, 292, 213, 483, 549, 735, 1084, 19, 197, 64, 190, 357, 283, 9, 1039, 521, 180, 22, 463, 318, 14, 132, 191, 170, 923, 730, 83, 707, 651, 515, 633, 531, 44, 286, 275, 716, 427, 582, 100, 223, 97]","[588, 50, 614, 71, 265, 289, 530, 234, 507, 276, 199, 173, 185, 168, 183, 678, 187, 172, 69, 673, 482, 89, 435, 192, 174, 162, 462, 58, 127, 988, 487, 323, 304]","[515, 923, 283, 180, 170]","[588, 185, 988, 435, 192]"
316,"[350, 300, 328, 331, 245, 313, 264, 748, 355, 299, 288, 354, 260]","[326, 271, 268, 323, 351, 322, 879, 678, 683]","[331, 350, 299, 245, 288]","[326, 683, 678, 322, 879]"
317,"[474, 356, 257, 631, 659, 476, 64, 648, 508, 204, 610, 357, 72, 197, 194, 315, 503, 239, 934, 481, 750, 182, 66, 509, 655, 127, 88, 501, 12, 419, 137, 158, 162, 485, 237, 435, 186, 414, 15, 140, 211, 326, 312, 657, 285, 157, 138, 708, 697, 142, 69, 213, 24, 605, 1044, 94, 282, 378, 628, 566, 174, 480, 132, 1012, 58, 26, 70, 191, 255, 527, 301, 269, 739, 318, 385, 179, 321, 722, 210, 866, 1048, 732, 540, 14, 712, 1050, 100, 8, 133, 40, 265, 216, 531, 482, 692, 275, 898, 809, 1160, 134, 735, 187, 294, 208, 423, 167, 941, 451, 629, 458, 143, 25, 393, 340]","[768, 50, 660, 47, 286, 795, 1014, 524, 248, 1032, 49, 384, 1023, 396, 305, 401, 105, 160, 575, 63, 796, 815, 1521, 865, 229, 517, 792, 1120, 405, 205, 238, 381, 289, 161, 869, 376, 763, 56, 842, 284, 864, 892, 85, 404, 1063, 215, 403, 193, 77, 618, 196, 188, 4, 514, 307, 968, 1204, 121, 1030, 944]","[508, 809, 24, 58, 70]","[63, 396, 376, 85, 205]"
318,"[313, 879, 302, 267, 880, 333, 307, 268, 306, 332, 301]","[338, 340, 269, 750, 689, 259, 751, 346, 261, 682, 358, 350]","[313, 267, 302, 880, 332]","[269, 682, 751, 338, 689]"
319,"[117, 177, 294, 202, 284, 1157, 68, 99, 42, 210, 291, 433, 250, 11, 1210, 148, 174, 173, 1188, 3, 431, 188, 554, 159, 742, 1081, 90, 869, 123, 54, 97, 552, 100, 33, 739, 692, 129, 7, 849, 369, 403, 895, 685, 405, 22, 161, 62, 38, 156, 50, 184, 92, 164, 763, 627, 226, 2, 550, 421, 66, 288, 79, 568, 1091, 679, 241, 808, 800, 570, 458, 546, 17, 257, 300, 410, 385, 121, 233, 204, 1059, 274, 232, 89, 145, 195, 946, 176, 825, 183, 751, 172, 147, 1047, 238, 185, 625, 470, 56, 827, 358, 51, 96, 248, 774]","[399, 456, 118, 472, 411, 501, 976, 678, 576, 278, 1011, 716, 974, 1090, 1041, 452, 892, 77, 252, 4, 413, 771, 276, 1, 95, 566, 586, 71, 82, 1215, 1522, 588, 24, 453, 231, 368, 760, 769, 235, 122, 833, 572, 732, 240, 27, 1052, 1291, 597, 340, 292]","[431, 692, 68, 570, 1059]","[892, 576, 340, 411, 760]"
320,"[496, 631, 131, 615, 483, 30, 1194, 485, 494, 180, 709, 50, 8, 474, 135, 205, 514, 213, 736, 497, 199, 198, 56, 216, 484, 515, 462, 607, 100, 190, 45, 1331, 61, 529, 633, 211, 48, 153, 480, 510, 9, 83, 530, 186, 7, 60, 132, 513, 654, 657, 432, 604, 519, 170, 286, 357, 531, 86, 275, 611, 197, 19, 493, 511, 173, 435, 603, 479, 419, 221, 133, 659, 498, 428, 59, 478]","[287, 134, 523, 207, 194, 521, 224, 1028, 507, 143, 215, 276, 124, 527, 855, 191, 193, 614, 89, 647, 663, 14, 730, 20, 87, 64, 175, 1126, 499, 463, 863, 174, 382, 212, 32, 1050, 182, 283, 651, 491, 127, 116, 704, 1101, 705, 430, 526, 942, 52]","[180, 432, 61, 135, 611]","[526, 127, 647, 491, 704]"
321,"[197, 32, 50, 508, 479, 192, 185, 179, 318, 194, 92, 521, 12, 653, 313, 272, 514, 182, 150, 64, 234, 513, 196, 156, 23, 656, 603, 302, 48, 528, 157, 258, 654, 127, 505, 33, 507, 1019, 9, 483, 655]","[89, 216, 751, 1, 489, 591, 188, 608, 303, 346]","[272, 185, 64, 157, 127]","[751, 89, 489, 303, 1]"
322,"[223, 298, 333, 9, 127, 79, 246, 744, 199, 22, 100, 150, 327, 203, 255, 151, 467, 180, 508, 713, 210, 172, 215, 56, 1050, 238, 479, 186, 763, 292, 144, 11, 258, 293, 23, 50, 544, 1012, 762, 179, 93, 993, 268, 98, 64, 1073, 156, 273, 181, 651]","[257, 117, 546, 7, 1017, 886, 249, 332, 245, 282, 289, 772, 286, 300, 328, 15, 248, 764, 243, 875, 204, 475, 121, 741, 678, 933, 873, 619, 319, 288, 876, 222, 294, 295, 847, 334, 1048, 535, 322]","[127, 508, 762, 93, 467]","[288, 243, 876, 886, 257]"
323,"[748, 1033, 471, 597, 298, 1094, 754, 127, 258, 300, 9, 307, 322, 872, 288, 255, 123, 879, 248, 538, 275, 294, 260, 150, 323, 827, 14, 50, 289, 282, 293, 259, 475, 1, 328, 276, 331, 411, 301, 327, 458, 270, 250, 690, 285, 763, 340, 125, 286, 310, 873, 273, 268, 508, 846, 742, 410]","[283, 332, 877, 749, 875, 292, 678, 339, 321]","[300, 276, 298, 538, 50]","[678, 332, 877, 321, 339]"
324,"[430, 179, 656, 505, 514, 506, 98, 177, 474, 181, 484, 135, 1411, 521, 185, 614, 510, 193, 492, 152, 432, 475, 175, 835, 357, 493, 517, 127, 197, 180, 525, 286, 100, 99, 483, 137, 604, 434, 186, 50, 655, 961, 23, 654, 502, 498, 114, 269, 190, 443, 647, 1149, 1523, 205, 1203, 480, 529, 482, 199, 134, 530, 737, 469, 616, 511, 93, 408, 172, 386, 527]","[485, 402, 504, 154, 240, 187, 109, 865, 143, 168, 640, 325, 403, 95, 164, 305, 86, 340, 458, 107, 188, 313, 435, 542, 554, 47, 234, 526, 507, 133, 345, 174, 211, 2, 1, 272, 1003, 271, 28, 768, 1232, 191, 208, 183, 82, 115, 548, 319, 236, 628, 1230, 16, 650, 58, 200, 32, 132, 210, 182, 105, 495, 523, 1018, 195, 383, 176, 771, 1118, 71, 1487, 235, 1140]","[50, 434, 199, 23, 177]","[2, 133, 485, 458, 208]"
325,"[22, 186, 480, 153, 50, 496, 675, 444, 318, 732, 526, 79, 185, 633, 132, 144, 659, 566, 399, 233, 443, 445, 205, 655, 265, 172, 479, 386, 98, 969, 530, 527, 525, 603, 615, 89, 613, 136, 174, 183, 608, 485, 491, 8, 657, 64, 511, 651, 483, 434, 181, 837, 228, 393, 616, 173, 484, 515, 194, 226, 498, 391, 510, 378, 195, 550, 178, 520, 568, 427, 447, 474, 199, 202, 94, 648, 493, 196, 429, 428, 523, 519, 701, 211, 97]","[69, 168, 468, 282, 54, 646, 503, 448, 528, 134, 674, 559, 82, 612, 451, 210, 452, 204, 241, 200, 563, 141, 67, 944, 508, 679, 436, 88, 403, 665, 670, 564, 554, 671, 1231, 197, 48, 86, 234, 170, 208, 705, 38, 177, 720, 397, 501, 435, 230, 44, 72, 433, 96, 790, 33, 780, 654, 423, 154, 317, 565, 609, 232, 481, 182, 219, 216, 229, 180, 1, 441, 161, 239, 367, 419, 663, 176, 127, 187, 385, 4, 849, 449, 505, 135, 53, 175, 521, 611, 227, 588, 9, 500, 90, 507, 514, 1126, 131, 237, 478, 56, 1118]","[386, 97, 178, 233, 525]","[385, 127, 780, 397, 141]"
326,"[191, 533, 805, 192, 230, 558, 497, 655, 133, 93, 811, 451, 1098, 14, 469, 143, 215, 949, 237, 144, 435, 288, 1067, 32, 478, 1097, 645, 173, 650, 188, 198, 238, 127, 153, 710, 196, 659, 200, 514, 494, 806, 921, 652, 1075, 753, 197, 81, 603, 234, 381, 89, 588, 634, 219, 313, 1131, 344, 419, 9, 1100, 195, 132, 1, 959, 55, 10, 22, 151, 8, 4, 1170, 1103, 154, 70, 475, 190, 1007, 464, 285, 182, 708, 428, 1069, 686, 715, 582, 651, 172, 919, 865, 209, 340, 960, 11, 1101, 232, 100, 23, 527, 92, 856, 202, 482, 357, 204, 201, 1070, 150, 111, 98, 896, 86, 447, 99, 663, 131, 129, 792, 48, 709, 523, 160, 367, 507, 718, 684, 1218, 180, 174, 537, 246, 181, 178, 305, 168, 47, 228, 268, 433, 318, 176, 875, 275, 156, 498]","[461, 210, 300, 702, 274, 169, 474, 431, 962, 216, 849, 50, 886, 82, 90, 293, 1141, 25, 233, 294, 476, 583, 203, 1056, 410, 517, 382, 239, 281, 1012, 895, 418, 64, 258, 408, 264, 421, 735, 179, 455, 425, 96, 423, 411, 265, 13, 589, 226, 1019, 672, 147, 506, 88, 508, 874, 405, 559, 746, 2, 484, 85, 328, 327, 12, 211, 1017, 321, 218, 69, 298, 222, 502, 1073, 676, 772, 644, 550, 164, 72, 273, 301, 269, 117, 546, 65, 631, 79, 271, 26, 403, 682, 87, 658, 845, 152, 568, 311, 7, 302, 31, 108, 732, 186, 44, 95, 338, 286, 333, 336, 257, 184, 324, 56, 1129, 778, 255, 245, 28, 393, 749, 175, 161, 83, 396, 466, 121, 24, 33, 217, 250, 183, 952, 66, 42, 260, 249, 529, 628, 678]","[959, 1101, 419, 150, 190]","[33, 28, 676, 69, 56]"
327,"[9, 200, 742, 519, 521, 754, 655, 10, 523, 528, 144, 750, 188, 132, 451, 82, 265, 510, 55, 331, 31, 162, 443, 371, 98, 185, 100, 234, 483, 218, 661, 183, 726, 291, 22, 515, 245, 423, 289, 1136, 614, 205, 79, 211, 223, 531, 157, 511, 569, 199, 470, 474, 7, 203, 326, 1112, 241, 28, 699, 1483, 1313, 70, 317, 12, 172, 589, 186, 344, 601, 645, 161, 272, 127, 405, 180, 155, 117, 729, 286, 684, 315, 328, 685, 65, 77, 549, 692, 181, 956, 357, 744, 133, 89, 192, 73, 809, 318, 520, 58, 302, 689, 939, 657, 64, 69, 347, 313, 121, 498, 275, 651, 237, 50, 316, 96, 300, 71, 56, 258, 566, 281, 582, 435, 176, 187]","[905, 568, 271, 591, 43, 679, 216, 4, 431, 627, 1126, 1135, 1106, 402, 284, 349, 1277, 1248, 403, 370, 350, 1042, 482, 148, 231, 693, 628, 1015, 1109, 554, 570, 916, 550, 1041, 696, 332, 228, 736, 546, 1263, 480, 556, 76, 636, 879, 356, 294, 282, 322, 85, 504, 432, 503, 1139, 690, 579, 164, 639, 623, 222, 448, 595, 177, 333, 383, 273, 620, 748, 198, 553, 380, 11, 739, 665, 270, 823, 399, 688, 62, 226, 559, 649, 540, 232, 561, 323, 44, 912, 301, 755, 97, 195, 1439, 708, 149, 1478, 29, 215, 752, 8, 449, 637, 182, 204, 260, 118, 1217, 1107, 849, 984, 1518, 723, 229, 427, 597, 135, 230, 343, 153, 778, 194, 572, 433, 798, 662, 606, 227, 720, 915, 1021, 1401, 159, 235, 903, 23, 983, 646, 586, 911, 751, 299, 578, 327, 810, 72, 447, 471, 51, 385, 518, 715, 167, 481, 610, 38, 54, 68, 46]","[750, 569, 157, 317, 289]","[798, 222, 333, 322, 228]"
328,"[100, 512, 297, 98, 79, 515, 269, 124, 276, 855, 300, 303, 272, 181, 655, 12, 483, 197, 198, 169, 137, 174, 313, 295, 333, 286, 199, 651, 302, 50, 423, 127]","[326, 129, 591, 258, 924, 338, 147, 81, 250, 245, 288, 282, 705, 892, 284, 274, 185, 331, 117, 194, 7, 323, 11, 879, 39, 1011, 186, 8, 248, 294, 657, 322, 534]","[515, 127, 855, 423, 333]","[323, 129, 924, 11, 282]"
329,"[11, 136, 235, 121, 51, 215, 447, 596, 465, 575, 8, 44, 204, 50, 181, 603, 38, 213, 275, 255, 485, 208, 97, 58, 549, 570, 72, 47, 1028, 692, 200, 845, 153, 172, 88, 427, 277, 393, 193, 71, 133, 763, 418, 473, 1044, 588, 286, 22, 174, 66, 419, 77, 161, 95, 73, 70, 118, 67, 370, 1084, 252, 357, 699, 238, 864, 148, 91, 132, 98, 99, 94, 28, 451, 568, 729, 210, 660, 197, 151, 470, 105, 216, 177, 739, 126, 866, 31, 651, 501, 432, 993, 257, 69, 100, 1, 102, 969, 15, 283, 385, 185, 1035, 202, 225, 21, 963, 405, 318, 237, 376, 989, 403, 694, 422, 443, 284, 423, 479, 64, 966, 25, 228, 143, 117, 82, 468, 627, 231, 496, 732]","[584, 823, 1016, 80, 747, 527, 63, 554, 293, 135, 168, 195, 205, 708, 559, 209, 384]","[97, 231, 64, 447, 193]","[527, 80, 747, 293, 195]"
330,"[7, 47, 69, 100, 277, 868, 64, 305, 811, 59, 503, 182, 242, 81, 180, 947, 223, 694, 32, 124, 735, 958, 198, 414, 234, 238, 286, 682, 221, 1296, 269, 304, 1101, 302, 175, 268, 22, 160, 306, 511]","[486, 479, 133, 1100, 190, 454, 653, 705, 58, 933, 702, 215, 514, 11, 475, 1141, 482, 214, 1194, 491, 1017, 178, 1199, 506, 634, 467, 31, 8, 1, 132]","[811, 305, 59, 234, 160]","[132, 11, 933, 479, 1017]"
331,"[566, 693, 228, 229, 284, 232, 451, 233, 673, 1188, 98, 595, 156, 148, 1016, 258, 82, 655, 300, 288, 332, 354, 271, 7, 181, 1218, 97, 978, 291, 449, 218, 728, 928, 204, 342, 879, 1244, 22, 546, 5, 410, 1028, 144, 326, 95, 265, 127, 120, 684, 54, 174, 106, 182, 298, 8, 293, 12, 257, 815, 11, 159, 763, 273, 456, 1090, 597, 322, 333, 328, 746, 369, 237, 123, 679, 252, 282, 1, 405, 470, 227, 841, 234, 895, 210, 651, 122, 450, 172, 121, 77, 742, 628, 294, 230, 96, 323, 56, 833, 222, 313, 452, 118, 79, 125, 195, 73, 9, 31, 327, 240, 1042, 117, 840, 431, 307, 827, 255, 682, 41, 1157, 471, 748, 226, 678, 568, 411, 173, 367, 147, 385, 350, 685, 89, 64, 50, 820, 974, 562, 245, 302, 550]","[770, 975, 44, 1150, 696, 1013, 235, 249, 871, 717, 934, 409, 831, 866, 295, 53, 1315, 1011, 982, 931, 264, 370, 1047, 824, 70, 105, 756, 845, 406, 38, 983, 356, 660, 769, 225, 276, 552, 1210, 472, 984, 554, 619]","[77, 22, 31, 255, 9]","[824, 931, 53, 984, 1047]"
332,"[66, 739, 748, 98, 316, 88, 276, 315, 300, 435, 513, 153, 186, 168, 174, 100, 520, 483, 127]","[894, 79, 180, 873, 294, 255, 269]","[100, 520, 315, 88, 174]","[255, 294, 894, 269, 79]"
333,"[282, 603, 222, 52, 1163, 93, 86, 100, 1108, 481, 1008, 223, 8, 59, 207, 183, 276, 302, 204, 1315, 475, 922, 387, 1073, 1010, 316, 311, 961, 1524, 1133, 200, 608, 514, 7, 153, 515, 285, 684, 663, 1051, 427, 525, 160, 191, 22, 505, 558, 421, 709, 396, 168, 792, 631, 268, 313, 652, 173, 306, 708, 1404, 628, 135, 408, 840, 1137, 512, 945, 531, 174, 213, 429, 131, 430, 582, 969, 1313, 230, 346, 333, 89, 655, 50, 1170, 591, 428, 642, 83, 197, 657, 286, 510, 425, 423, 488, 1312, 640, 297, 163, 127, 483, 221, 151, 498, 175, 1525, 324, 98, 272, 237, 906, 58, 185, 115, 315, 606, 12, 886, 228, 318, 902, 303, 484, 634, 79, 134, 42, 856, 433, 1426, 494, 20, 887, 181, 675, 81, 462, 116, 629, 899, 124, 203, 23, 9, 257, 91, 248, 537, 169, 82, 238, 19, 1048, 283, 337, 56, 154, 171, 1226, 896, 179, 707, 521, 196, 258, 753, 275, 529, 150, 129, 246, 190, 193, 1202, 187, 1020, 44, 208, 11, 236, 130, 1011, 403, 1263, 10, 518, 479, 549, 99, 47]","[117, 635, 224, 229, 269, 293, 317, 4, 1207, 250, 461, 474, 72, 289, 450, 693, 77, 620, 716, 210, 436, 1172, 502, 245, 170, 1241, 1411, 216, 227, 322, 340, 182, 845, 69, 443, 888, 326, 658, 742, 577, 300, 132, 1006, 870, 70, 566, 476, 319, 449, 111, 1016, 271, 500, 347, 239, 877, 277, 762, 95, 61, 345, 310, 1014, 678, 28, 125, 746, 371, 905, 1041, 1198, 312, 405, 231, 338, 305, 937, 13, 68, 265, 955, 235, 485, 288, 328, 287, 936, 74, 553, 176, 855, 143, 865, 736, 712, 155, 879, 744, 1132, 508, 740, 710, 506, 569, 255, 164, 172, 1504, 301, 607, 931, 217, 1074, 73, 244, 950, 225, 689, 186, 815, 846, 220, 29, 307, 137, 209, 866, 142, 71, 761, 496, 527, 121, 882, 810, 561, 38, 218, 290, 419, 214, 14, 304, 161]","[515, 185, 969, 1263, 479]","[235, 224, 217, 693, 931]"
334,"[245, 269, 347, 271, 288, 333, 305, 902, 323, 307, 300, 322, 340]","[328, 324, 260, 678, 258, 313, 748, 355, 342]","[288, 269, 333, 271, 307]","[748, 258, 678, 328, 342]"
335,"[1047, 1057, 276, 49, 154, 67, 1074, 1012, 1017, 216, 153, 122, 168, 121, 105, 762, 4, 56, 90, 237, 275, 186, 70, 284, 765, 42, 1048, 15, 710, 204, 26, 475, 257, 294, 210, 591, 949, 1118, 273, 50, 173]","[66, 108, 577, 619, 13, 405, 202, 864, 395, 571, 117, 208, 845, 239, 999, 742, 451, 282, 655, 399, 738, 692, 232, 1059, 824, 722, 1054, 1218, 124, 410, 1098, 158, 1230, 926, 41, 790, 401, 33, 1037, 94, 63, 732, 796, 1041, 575, 1437, 388, 1496, 1011, 125, 383, 111, 100, 998, 1051, 290, 88, 288, 859, 763, 1188, 785, 1446, 780, 1183, 1079, 546, 151, 628, 3, 959, 367, 781, 1, 585, 368, 871, 1249, 1094, 734, 25, 407, 85, 716, 393, 238, 579, 746, 72]","[710, 186, 1012, 1074, 1118]","[282, 72, 864, 824, 1051]"
336,"[631, 230, 1133, 742, 371, 135, 1016, 121, 222, 515, 471, 520, 15, 449, 636, 125, 380, 228, 50, 392, 227, 67, 151]","[106, 257, 235, 229, 450, 127, 250, 831, 879, 181, 25]","[636, 1133, 449, 125, 631]","[106, 181, 257, 450, 127]"
337,"[211, 79, 604, 511, 408, 484, 945, 663, 133, 462, 134, 483, 174, 792, 306, 582, 100, 603, 516, 212, 170, 435, 480, 654, 301, 607, 513, 443, 708, 175, 216, 514, 490, 474, 135, 650, 427, 213, 52, 1124, 197, 525, 488, 286, 189, 269, 498, 180, 517, 275, 86, 479, 169, 990, 382]","[494, 613, 168, 204, 310, 56, 486, 294, 194, 606, 132, 83, 1, 208, 196, 215, 523, 497, 143, 478]","[650, 435, 134, 480, 474]","[486, 208, 613, 310, 478]"
338,"[132, 582, 47, 856, 435, 97, 475, 82, 198, 133, 12, 190, 183, 636, 431, 32, 693, 589, 806, 248, 42, 516, 478, 673, 523, 28, 154, 11, 479, 175, 188, 632, 631, 240, 65, 25, 181, 23, 126, 607, 228, 770, 347, 98, 286, 522, 496, 1039, 772, 642, 135, 469, 661, 509, 845, 525, 194, 1113, 153, 163, 302, 182, 1244, 192, 603, 1, 196, 56, 269, 89, 45, 179, 637, 461, 447, 675, 91, 257, 484, 433, 1017, 650, 209, 86, 69, 99, 88, 436, 234, 317, 100, 702, 483, 150, 357, 127, 530, 186, 276, 157, 428, 709, 640, 508, 197, 134, 203, 208, 735, 151, 180, 1110, 649, 474, 22, 663, 511, 160, 130, 1526, 79, 4, 528, 942, 498, 50, 527, 521, 185, 427, 1153, 199, 64, 174, 74, 156, 488, 657, 81, 939, 205, 1404, 131, 485, 7, 549, 124, 327, 238, 191, 546, 168, 173, 404, 136, 503, 167, 170, 515, 655, 222, 200, 396, 639, 506, 293, 187, 1240, 504, 434, 9, 211, 53, 654, 92, 250, 143, 213, 346, 178, 644, 518, 660, 241, 480, 176, 212]","[1030, 55, 288, 30, 58, 226, 573, 270, 214, 73, 101, 139, 550, 231, 67, 514, 298, 1301, 739, 380, 1139, 402, 1248, 76, 961, 159, 258, 411, 265, 403, 233, 383, 451, 117, 410, 678, 161, 80, 227, 423, 29, 195, 5, 737, 614, 235, 415, 566, 204, 449, 1267, 1135, 144, 719, 568, 145, 823, 121, 343, 1258, 218, 94, 229, 736, 790, 216, 217]","[942, 496, 317, 632, 589]","[736, 218, 227, 101, 139]"
339,"[172, 435, 1, 405, 204, 1133, 418, 265, 186, 526, 181, 205, 402, 423, 174, 71, 588, 486, 946, 215, 199, 88, 50, 520, 173, 417, 143, 274, 66, 15, 95, 497, 480, 969, 196, 378]","[504, 662, 428, 584, 179, 180, 502, 211]","[1133, 71, 1, 969, 418]","[428, 211, 662, 180, 502]"
340,"[876, 880, 1527, 292, 288, 887, 1025, 330, 872, 895, 335, 299, 881]","[294, 877, 948, 358, 259, 682, 1280, 908]","[288, 299, 872, 330, 895]","[294, 259, 908, 948, 682]"
341,"[746, 288, 1007, 132, 427, 1368, 1071, 156, 237, 175, 191, 56, 95, 58, 189, 657, 655, 108, 204, 4, 584, 32, 1128, 483, 100, 523, 255, 558, 517, 92, 129, 813, 179, 122, 143, 134, 23, 815, 663, 123, 209, 133, 606, 223, 301, 423, 8, 131, 367, 124, 286, 7, 197, 144, 699, 547, 818, 193, 238, 47, 656, 482, 208, 408, 433, 378, 965, 93, 251, 319, 327, 487, 212, 496, 192, 499, 381, 216, 320, 654, 11, 169, 293, 152, 149, 1012, 114, 488, 486, 182, 246, 428, 476, 9, 12, 475, 153, 514, 14, 507]","[1047, 792, 764, 591, 723, 607, 25, 544, 518, 974, 257, 574, 240, 1160, 1048, 581, 724, 274, 220, 952, 297, 287, 975, 1166, 928, 1073, 950, 13, 1300, 1009, 762, 772, 508, 160, 1163, 111, 727, 248, 1014, 15, 28, 282, 732, 26, 1167, 410, 174, 196, 68, 382, 357, 1103, 298, 194, 1170, 326, 125, 866, 535, 478, 1315, 873, 789, 1008, 1528, 135, 756, 846, 412, 531, 692, 98, 3, 1070, 421, 294, 844, 276, 262, 461, 875, 1057, 188, 289, 763, 88, 249, 89, 150, 1094, 137, 716, 1016, 42, 1011, 324, 236, 165, 57, 1010, 833]","[1012, 192, 123, 152, 507]","[111, 866, 98, 15, 873]"
342,"[186, 135, 82, 47, 712, 76, 655, 187, 275, 20, 12, 474, 423, 1132, 143, 702, 211, 792, 367, 483, 303, 228, 727, 191, 163, 724, 306, 458, 919, 8, 88, 654, 250, 199, 778, 708, 642, 156, 980, 196, 435, 97, 475, 214, 132, 498, 269, 147, 124, 499, 69, 237, 194, 405, 961, 921, 100, 188, 52, 463, 175, 11, 169, 427, 174, 137, 79, 23, 238, 144, 87, 324, 83, 744, 152, 786, 521, 614, 42, 530, 1, 177, 229, 508, 943, 180, 302, 1073, 231, 63, 277, 1211, 86, 1194, 357, 168, 297, 703, 58, 57, 471, 153, 334, 631, 581, 90, 527, 515, 3, 283, 449, 4, 50, 176, 657, 236, 193, 65, 536, 134, 98, 179, 1008, 747, 429, 10, 1039, 127, 7, 56, 81, 318, 9, 197, 523, 28, 276, 606, 462, 223, 53, 154, 189, 208, 408, 510, 235, 203, 215, 403, 198, 157, 202, 13, 150, 496, 1267, 64, 286, 387, 531, 72, 22, 663, 425, 258, 222, 116, 466, 252, 583, 735, 715, 317, 478, 963]","[1107, 55, 44, 569, 371, 375, 823, 25, 951, 118, 333, 684, 130, 38, 164, 48, 62, 382, 121, 729, 546, 358, 66, 559, 117, 1067, 77, 155, 660, 528, 89, 931, 930, 257, 739, 950, 241, 200, 461, 265, 68, 1140, 473, 385, 67, 288, 582, 26, 159, 561, 476, 234, 568, 555, 410, 217, 1047, 1117, 260, 274, 1112]","[231, 277, 475, 515, 13]","[461, 67, 25, 546, 951]"
343,"[479, 306, 119, 619, 283, 508, 175, 204, 537, 196, 25, 663, 451, 568, 707, 315, 111, 45, 190, 87, 1007, 288, 195, 12, 433, 9, 248, 228, 172, 191, 79, 1172, 213, 176, 303, 511, 208, 183, 222, 246, 896, 251, 486, 255, 301, 357, 7, 972, 509, 272, 955, 137, 129, 459, 487, 202, 647, 8, 1142, 151, 298, 275, 14, 210, 216, 124, 89, 316, 174, 198, 372, 1014, 708, 367, 203, 96, 127, 285, 694, 709, 4, 297, 516, 86, 494, 269, 95, 751, 169, 98, 276, 273, 478, 311, 132, 529, 50, 19, 588, 83, 408, 1020, 628, 530, 64, 463, 473, 100, 496, 715, 173, 302]","[278, 39, 462, 215, 181, 97, 1283, 716, 597, 477, 58, 106, 313, 268, 421, 244, 148, 5, 684, 125, 678, 845, 274, 471, 245, 286, 660, 284, 304, 237, 1050, 559, 1165, 472, 535, 295, 73, 764, 815, 385, 696, 291, 405, 70, 280, 926, 121, 322, 88, 844, 1, 1082, 1137, 864, 281, 928, 71, 11, 476, 742, 118, 13, 562, 713, 235, 122, 26, 22, 546, 431, 1048, 762, 69, 290, 117, 258, 319, 756]","[530, 169, 86, 273, 433]","[69, 322, 26, 286, 215]"
344,"[651, 367, 402, 88, 48, 174, 151, 285, 956, 173, 508, 251, 172, 216, 297, 197, 479, 313, 295, 317, 451, 221, 315, 443, 93, 283, 284, 660, 246, 724, 100, 33, 302, 732, 676, 64, 387, 132, 301, 51, 739, 269, 405, 15, 13, 98, 311, 846, 972, 1047, 272, 582, 126, 381, 196, 568, 117, 170, 11, 1117, 56, 702, 111, 143, 223, 534, 70, 382, 241, 709, 655, 416, 298, 772, 50, 378, 955, 239, 433, 79, 234, 762, 639, 287, 69, 4, 255, 485, 1281, 131, 81, 9, 293, 303, 258, 498, 237, 191, 742, 204, 715, 268, 305, 14, 518, 124, 65, 1101, 744, 87, 137, 262, 1007, 470, 91, 248, 200, 238, 462, 86, 12, 980, 469, 684, 58, 215, 318, 210, 150, 181]","[1160, 722, 708, 202, 473, 121, 919, 1082, 1315, 403, 1017, 988, 949, 559, 845, 282, 866, 903, 1247, 333, 1048, 1016, 356, 1011, 471, 49, 289, 1, 26, 879, 481, 1014, 77, 25, 535, 332, 550, 291, 716, 748, 325, 71, 312, 476, 235, 1221, 1053, 148, 1096, 1226, 43, 696, 288, 28, 1008, 1023, 294, 588, 365, 278, 1012, 226, 464, 747, 736, 245, 44, 66, 125, 620, 300, 461, 1074, 566, 274, 323, 220, 280, 738, 886, 737, 118, 781, 1009, 5, 628, 385, 974, 38, 570, 54, 412, 244, 393, 678, 40, 815, 161, 42, 218, 286, 941]","[955, 1101, 258, 315, 1117]","[66, 1315, 288, 471, 44]"
345,"[245, 4, 33, 237, 133, 546, 134, 31, 742, 76, 518, 210, 684, 291, 879, 174, 83, 121, 1222, 241, 265, 176, 147, 132, 550, 92, 394, 22, 572, 273, 431, 29, 89, 141, 748, 117, 12, 50, 1135, 300, 180, 802, 56, 181, 172, 156, 2, 358, 77, 496, 183, 549, 54, 333, 204, 318, 1228, 168, 11, 144, 520, 55, 127, 423, 385, 211, 64, 97, 657, 1258, 203, 1217, 188, 233, 177, 79, 182, 159, 88, 472, 96, 515, 175, 566, 195, 693, 151]","[213, 582, 62, 187, 322, 727, 1110, 218, 17, 977, 232, 392, 167, 780, 561, 72, 932, 809, 415, 128, 294, 685, 569, 673, 831, 732, 1090, 158, 143, 1018, 785, 94, 53, 455, 967, 405, 186, 571, 302, 110, 616, 157, 173, 259, 7, 215, 951, 944, 746, 636, 38, 366, 576, 369, 184, 288, 959, 293, 375, 470, 712, 100, 578, 325, 1025, 1231, 642, 250, 98, 276, 597, 363, 91, 739, 120, 240, 67, 391, 541, 842, 743, 1232, 234, 403, 216, 3, 669, 219, 708, 1039, 153, 161, 68, 164, 196, 1011, 720, 660, 658, 58, 395, 226, 365, 640, 1188, 1210]","[245, 2, 176, 147, 54]","[660, 91, 455, 951, 276]"
346,"[22, 501, 79, 227, 144, 168, 609, 435, 423, 268, 69, 85, 288, 300, 328, 472, 280, 239, 829, 82, 222, 291, 257, 230, 246, 182, 132, 871, 7, 568, 96, 298, 55, 215, 56, 125, 385, 410, 475, 959, 127, 721, 98, 223, 273, 172, 233, 68, 403, 118, 1, 187, 157, 77, 432, 240, 226, 692, 356, 117, 404, 470, 17, 31, 763, 333, 50, 28, 1039, 1012, 258, 181, 544, 471, 97, 655, 163, 245, 550, 689, 202, 203, 159, 405, 943, 192, 742, 76, 188, 686, 977, 156, 195, 293, 369, 204, 177, 174, 200, 418, 282, 210, 95, 180, 249, 696, 11, 4, 147, 186, 546, 237, 627, 411, 693, 357, 427]","[1035, 416, 465, 208, 317, 1088, 879, 735, 323, 216, 87, 588, 1283, 173, 806, 819, 65, 12, 318, 841, 286, 685, 462, 324, 699, 294, 1059, 1028, 392, 73, 827, 25, 241, 151, 597, 271, 820, 70, 831, 235, 164, 158, 756, 982, 460, 252, 468, 276, 1016, 508, 371, 99, 176, 930, 290, 595, 100, 386, 183, 660, 24, 928, 15, 1047, 91, 137, 926, 106, 123, 121, 1011, 284, 148, 421, 105, 748, 713, 260, 1244, 455, 363, 1291]","[181, 627, 239, 187, 85]","[87, 317, 176, 1283, 323]"
347,"[628, 370, 405, 928, 819, 288, 1, 742, 147, 975, 294, 406, 472, 245, 411, 834, 15, 313, 1028, 476, 100, 1061, 924, 831, 409, 107, 934, 126, 111, 121, 291, 323, 7, 756, 118, 123, 25, 974, 117, 237, 685, 827, 596]","[240, 276, 473, 1120, 412, 225, 988, 546, 926, 368, 1060, 243, 477, 151, 369]","[827, 819, 323, 472, 291]","[243, 276, 368, 926, 477]"
348,"[411, 847, 823, 475, 9, 20, 10, 544, 15, 458, 125, 100, 276, 619, 285, 284, 459]","[105, 370, 744, 455, 237, 412, 1117, 288, 120, 596, 121, 471, 325, 1128, 118, 1028, 126, 291, 106, 546, 985, 696, 713, 25]","[619, 823, 411, 9, 847]","[25, 325, 471, 985, 120]"
349,"[174, 1, 228, 530, 340, 657, 324, 616, 176, 589, 286, 604, 193, 204, 133, 172, 185, 210, 136, 50, 479, 515, 489, 179, 195, 173, 168, 435, 89, 132, 654, 23, 483, 480, 98, 181, 187, 427, 603, 190, 127, 1039, 429]","[153, 211, 265, 258, 214, 183, 271]","[190, 228, 173, 210, 193]","[153, 258, 265, 211, 271]"
350,"[879, 1316, 313, 984, 538, 1105, 359, 292, 990, 750, 754, 286, 751, 326, 327, 300, 1024, 322, 289, 678, 341, 888, 323, 689, 311, 328, 748, 332, 310, 312, 989, 882, 307, 898, 258]","[340, 873, 288, 245, 880, 343, 301, 895, 304]","[312, 286, 311, 1105, 326]","[340, 304, 343, 880, 288]"
351,"[746, 182, 216, 96, 181, 234, 657, 183, 568, 89, 100, 195, 172, 50, 129, 385, 12, 302, 156, 144, 56, 39, 86, 176, 98, 79, 174]","[55, 4, 7, 173, 273, 692, 82, 17, 228, 194, 653, 92, 431, 210, 175]","[12, 172, 568, 234, 79]","[431, 273, 17, 228, 173]"
352,"[286, 316, 272, 340, 332, 258, 245, 905, 331, 346, 315, 333, 750, 313]","[271, 300, 328, 326, 358, 327, 270, 301, 343, 260, 898]","[258, 750, 905, 315, 272]","[358, 343, 260, 327, 301]"
353,"[242, 463, 694, 86, 191, 269, 480, 882, 631, 297, 208, 268, 175, 657, 900, 497, 1007, 285, 61, 382, 962, 904, 47, 149, 213, 736, 705, 929, 124, 414, 57, 428, 659, 603, 664, 344, 529, 199, 174, 435, 511, 483, 1241, 134, 197, 52, 136, 740, 584, 498, 479, 792, 7, 958, 419, 638, 513, 707, 516, 387, 154, 275, 100, 20, 1194, 509, 889, 753, 652, 661, 423, 604, 14, 709, 89, 166, 116, 531, 258, 1137, 956, 1511, 1119, 93, 489, 558, 251, 59, 190, 50, 186, 286, 248, 308, 533, 582, 311, 303, 60, 381, 528, 143, 855, 246, 606, 737, 485, 270, 464, 171, 238, 478, 494, 811, 306, 19, 305, 83, 168, 1466, 610, 221, 896, 710, 65, 676, 165, 181, 170, 527, 8, 292, 45, 714, 10, 744, 1039, 887, 922, 936, 283]","[462, 133, 257, 847, 716, 508, 180, 702, 1101, 276, 70, 155, 79, 318, 953, 699, 732, 58, 152, 607, 87, 629, 153, 321, 162, 651, 211, 131, 692, 605, 1017, 173, 287, 955, 863, 507, 137, 421, 189, 1065, 660, 202, 255, 1197, 515, 66, 193, 272, 32, 9, 1063, 281, 151, 216, 98, 169, 88, 650, 1085, 25, 135, 81, 473, 241, 733, 429, 518, 109, 520, 487, 865, 42, 313, 496, 209, 735, 602, 433, 222, 724, 655, 13, 185, 747, 971, 196, 451, 512, 432, 97, 210, 319]","[143, 248, 166, 269, 855]","[66, 487, 1065, 602, 724]"
355,"[313, 689, 272, 748, 328, 333, 326, 315, 347, 316, 1294, 307, 258, 288]","[937, 300, 892, 310, 292, 331, 286, 312, 322, 294]","[258, 347, 689, 288, 272]","[294, 292, 331, 937, 310]"
356,"[284, 222, 928, 742, 294, 833, 291, 235, 258, 125, 118, 326, 819, 334, 864, 405, 287, 866, 713, 237, 977, 1, 1047, 744, 280, 270, 10, 595, 245, 105, 147, 597, 820, 471, 117, 123, 151, 1277, 273, 220, 274, 24, 546, 111, 275, 304, 455, 126, 1028, 932, 150, 121, 926, 748, 283, 508]","[7, 1095, 984, 1034, 476, 472, 831, 685, 473, 760, 411, 407, 687, 322, 456, 1048, 825, 412, 826, 841]","[274, 287, 294, 150, 597]","[412, 456, 1048, 1034, 760]"
357,"[469, 896, 132, 357, 59, 584, 863, 558, 318, 213, 324, 582, 1021, 639, 8, 512, 1524, 1266, 1006, 179, 65, 114, 258, 221, 1159, 1396, 1005]","[482, 1529, 643, 918, 382, 511, 529, 268, 127, 666, 1149, 855, 638, 174, 45, 208]","[357, 896, 1524, 1005, 469]","[45, 482, 1529, 638, 511]"
358,"[250, 751, 273, 117, 270, 455, 313, 1, 408, 7, 286, 298, 472, 121, 268, 181, 930, 50]","[831, 295, 24, 405, 246, 546, 748, 118, 323]","[1, 286, 455, 270, 313]","[546, 405, 831, 246, 323]"
359,"[334, 238, 511, 14, 134, 237, 735, 197, 302, 28, 283, 79, 242, 663, 251, 166, 157, 181, 127, 963, 191, 207, 269, 423, 10, 23, 744, 45, 582, 124, 483, 515, 308, 50, 248, 306, 170, 205, 165, 936, 357, 304, 286, 100, 64, 172, 654, 531, 25, 275, 1149, 661, 187, 210, 1039, 199, 56, 297, 479, 1142, 521, 520, 223, 285, 83, 955, 651, 257, 258, 193, 471, 137, 474]","[116, 309, 195, 303, 588, 194, 222, 496, 13, 1197, 1, 405, 174, 328, 326, 748, 284, 845, 271, 523, 933, 1134, 321, 69, 879, 96, 15, 175, 144]","[223, 479, 520, 651, 654]","[588, 284, 328, 405, 326]"
360,"[275, 652, 949, 238, 498, 286, 709, 183, 97, 14, 185, 12, 88, 684, 466, 203, 100, 517, 739, 179, 234, 531, 524, 197, 156, 513, 435, 654, 173, 66, 525, 813, 59, 475, 737, 1103, 514, 639, 170, 430, 502, 60, 129, 504, 673, 165, 190, 269, 56, 23, 213, 204, 237, 98, 657, 212, 694, 86, 659, 178, 707, 79, 207, 611, 168, 276, 166, 705, 228, 176, 70, 216, 194, 283, 285, 603, 319, 47, 527, 50, 692]","[273, 222, 387, 26, 148, 1041, 402, 111, 655, 1074, 340, 1119, 762, 934, 781, 90, 333, 53, 150, 274, 83, 770, 258, 421, 49, 794, 451, 218, 742, 727, 55, 186, 28, 443, 202, 155, 121, 226, 1152, 367]","[498, 47, 737, 502, 79]","[222, 274, 421, 1074, 340]"
361,"[333, 258, 312, 288, 302, 350, 689, 245, 332, 313, 300, 347, 879]","[336, 268, 294, 323, 328, 264, 748, 322, 1025, 678, 683, 321]","[333, 288, 879, 689, 312]","[678, 328, 323, 336, 268]"
362,"[405, 1495, 288, 102, 189, 1007, 55, 433, 336, 183, 2, 591, 114, 1485, 144, 746, 1019, 346, 196, 473, 307, 93, 66, 1016, 1010, 685, 152, 188, 128, 474, 169, 679, 809, 81, 96, 792, 91, 154, 825, 444, 428, 137, 443, 222, 752, 11, 293, 117, 531, 859, 448, 603, 298, 271, 179, 625, 578, 317, 380, 657, 518, 774, 805, 710, 185, 1073, 172, 174, 597, 171, 56, 511, 778, 747, 550, 709, 1012, 408, 660, 195, 50, 227, 90, 173, 210, 208, 161, 248, 946, 235, 552, 919, 151, 89, 4, 47, 65, 429, 393, 549, 223, 770, 176, 12, 150, 302, 455, 385, 1056, 116, 127, 17, 372, 8, 39, 28, 789, 496, 652, 100, 224, 313, 80, 168, 238, 181]","[391, 1168, 673, 97, 616, 316, 906, 71, 1267, 182, 802, 134, 237, 270, 163, 426, 212, 82, 555, 228, 658, 366, 417, 472, 62, 569, 1099, 959, 347, 588, 156, 370, 145, 351, 665, 87, 767, 265, 561, 546, 217, 350, 5, 184, 505, 940, 387, 1228, 402, 155, 229, 9, 37, 761, 218, 741, 215, 461, 554, 1074, 403, 101, 1052, 44, 333, 258, 557, 568, 290, 431, 631, 1512, 699, 653, 566, 469, 1035, 760, 159, 742, 68, 79, 651, 70, 72, 537, 1214, 216, 322, 58, 7, 895, 29, 707, 849, 571, 121, 88, 200, 77, 193, 54, 164, 831, 264, 650, 423, 231, 678, 979, 250, 32, 1, 590, 698, 559, 226, 575, 572, 506, 523, 98, 451, 682, 1101, 206, 201, 640, 284, 22, 691, 1009, 1157, 95, 204, 69, 435, 816, 854, 325, 283, 1014, 38, 187, 282, 449, 328, 67, 234, 675, 186, 120, 719, 143, 933, 1215, 315, 735, 73, 239, 1067, 737, 24, 751, 589, 312, 148, 257, 232, 153, 180, 256, 386, 705, 1478, 582, 25, 230, 384, 301, 1013, 260, 42, 273, 739]","[496, 685, 597, 96, 28]","[940, 387, 1157, 505, 164]"
363,"[690, 1048, 288, 269, 294, 948, 990, 286, 302, 325, 678]","[321, 289, 875, 988, 262, 319, 261, 268, 687]","[690, 990, 302, 288, 269]","[988, 262, 319, 687, 289]"
364,"[301, 1017, 258, 813, 124, 287, 275, 321, 25, 150, 272, 762, 315, 995, 269, 288, 151, 1137, 271, 222, 100, 340, 895, 473, 285, 277, 268, 476, 1, 591, 316, 319]","[15, 109, 908, 894, 7, 13, 1048, 289, 742, 948, 342, 1420, 294, 235, 125, 137, 326, 846, 276, 309, 352, 237, 1011, 815, 741, 108]","[319, 301, 272, 340, 287]","[109, 908, 13, 894, 1011]"
365,"[853, 448, 672, 447, 185, 436, 164, 443, 573, 56, 184, 854, 219, 559, 98, 413, 445, 561, 217, 671, 201, 53, 200, 288, 675, 637, 17]","[860, 218, 7, 234, 773, 758]","[56, 288, 185, 201, 436]","[234, 218, 7, 860, 758]"
366,"[1012, 250, 246, 760, 17, 774, 665, 436, 100, 334, 56, 201, 326, 448, 288, 452, 219, 258, 379, 200, 567, 234, 53, 406, 561, 218, 919, 176, 179, 559, 183, 672, 324, 563, 333, 302, 670, 7, 800, 184, 413, 50, 98, 5, 164, 443, 268, 185, 217, 331]","[441, 551, 769, 145, 637, 564, 565, 876]","[672, 184, 800, 179, 234]","[769, 145, 564, 876, 565]"
367,"[379, 50, 551, 17, 320, 89, 56, 181, 201, 313, 217, 774, 11, 184, 292, 183, 100, 127, 7]","[637, 396, 436, 219, 288, 96, 567, 218, 569, 672, 145, 561, 98, 670, 234, 777, 5, 559, 573, 53, 448, 447, 844, 164, 441, 413]","[11, 7, 89, 127, 379]","[559, 145, 218, 672, 448]"
368,"[271, 181, 114, 50, 172, 166, 919, 752, 268, 316, 900, 346, 751, 179, 196]","[948, 988, 168, 243, 890, 358, 335]","[268, 181, 196, 50, 346]","[948, 358, 168, 988, 890]"
369,"[265, 209, 12, 238, 511, 659, 493, 22, 608, 631, 257, 604, 514, 98, 607, 135, 195, 183, 176, 64, 484, 661, 107, 923, 678, 50, 480, 603, 181, 172, 199, 423, 136, 269, 134, 443, 52, 193, 100, 525, 302, 137, 427, 650, 57, 170, 835]","[56, 42, 116, 657, 705, 175, 153, 294, 322, 435, 856, 285, 425, 114, 323, 433, 210, 174, 497, 613, 31, 321, 494, 222, 390, 523, 173, 14]","[302, 678, 493, 603, 137]","[657, 425, 323, 613, 705]"
370,"[97, 24, 177, 237, 55, 746, 663, 174, 98, 79, 234, 210, 265, 423, 627, 50, 64, 655, 197, 22, 180, 523, 527, 357, 186, 431, 183, 69, 443, 1, 504, 77, 31, 127, 73, 66, 176, 496, 204, 202]","[175, 179, 42, 117, 393, 452, 435, 181, 194, 449, 185]","[64, 663, 496, 22, 357]","[42, 175, 393, 181, 449]"
371,"[159, 219, 635, 200, 183, 672, 148, 441, 874, 547, 327, 561, 77, 574, 325, 581, 448, 12, 286, 23, 185, 1273, 262, 129, 1109, 559, 447, 452, 332, 333, 79, 628, 637, 288, 443, 446, 696, 56, 5, 436, 875, 299, 595, 98, 44, 678, 218, 674, 164, 292, 1090, 326, 872, 53, 844, 234, 273, 264, 1212]","[1083, 322, 649, 100, 176, 201, 7]","[1090, 234, 696, 288, 333]","[322, 1083, 201, 100, 7]"
372,"[694, 707, 724, 154, 2, 25, 290, 230, 151, 241, 420, 427, 89, 625, 68, 114, 357, 520, 278, 228, 747, 204, 58, 506, 729, 210, 487, 117, 102, 451, 485, 699, 378, 15, 269, 402, 404, 211, 649, 318, 566, 206, 514, 196, 651, 494, 658, 1079, 709, 215, 195, 949, 421, 527, 155, 660, 778, 161, 48, 633, 1147, 366, 392, 648, 265, 136, 401, 655, 432, 189, 64, 499, 66, 4, 208, 163, 186, 90, 191, 382, 165, 71, 173, 214, 96, 553, 225, 393, 181, 748, 209, 1110, 603, 70, 275, 746, 1119, 166, 627, 568, 1066, 431, 169, 95, 727, 435, 380, 83, 24, 1039, 946, 184, 496, 150, 99, 22, 705, 259, 50, 418, 12, 213, 941, 194, 172, 645, 88, 69, 529, 459, 153, 684, 170, 238, 328, 125, 216, 229, 735, 190, 465, 131, 168, 79, 317, 178, 174]","[588, 598, 139, 849, 81, 1135, 399, 596, 843, 94, 179, 28, 386, 127, 20, 1230, 488, 842, 105, 474, 704, 31, 97, 732, 1006, 82, 100, 559, 1113, 414, 286, 715, 1078, 162, 132, 1087, 480, 1188, 403, 156, 423, 143, 828, 385, 110, 144, 142, 409, 497, 226, 550, 734, 756, 175, 1133, 217, 180, 1228, 417, 472, 239, 679, 281, 571, 510, 232, 577, 202, 389, 390, 433, 80, 197, 177, 856, 367, 135, 233, 1530, 528, 739, 632, 471, 1444, 231, 187]","[435, 95, 380, 748, 275]","[94, 135, 828, 143, 156]"
373,"[685, 591, 129, 125, 292, 581, 454, 200, 735, 1011, 182, 880, 223, 824, 159, 216, 815, 127, 279, 237, 770, 385, 87, 1046, 28, 450, 692, 121, 265, 234, 204, 552, 405, 150, 1, 1042, 230, 310, 651, 210, 466, 844, 135, 71, 100, 56, 148, 144, 70, 186, 161, 974, 924, 226, 69, 872, 550, 963, 465, 1134, 176, 97, 64, 5, 521, 183, 665, 458, 48, 118, 393, 1051, 1094, 1033, 95, 77, 568, 174, 1210, 218, 98, 449, 197, 185, 1010, 222, 322, 192, 229, 820, 282, 412, 2, 975, 637, 467, 468, 11, 742, 228, 12, 1101, 38, 39, 789, 527, 762, 684, 288, 227, 153, 79, 526, 1197, 276, 54, 274, 443, 96, 693, 597, 239, 1194, 241, 27, 546, 732, 193, 82, 471, 25, 117, 504, 31, 164]","[1047, 126, 231, 356, 977, 173, 476, 162, 111, 1028, 122, 427, 930, 9, 948, 424, 931, 761, 363, 952, 195, 124, 540, 7, 116, 1150, 758, 1407, 932, 147, 29, 280, 475, 576, 257, 369, 717, 168, 544, 233, 120, 254, 291, 1014, 24, 151, 202, 845, 819, 763, 289, 252, 1215, 1049, 620, 89, 106, 928, 983, 741, 143, 743, 1277, 318, 978, 1513, 483, 463, 832, 696, 642, 247, 123, 1248, 554, 986, 566, 248, 423, 619, 558, 66, 172, 979, 1013, 403, 235, 323, 1001, 934, 1218, 240, 846, 156, 68, 1217, 50, 225, 15, 284, 23, 17, 628, 1048, 572, 756, 203, 294, 273, 4, 55, 278, 829, 779, 281, 713, 179, 1322, 1093, 472, 457, 806, 220, 1206, 818, 1059, 825, 595, 406, 654, 137, 196, 925, 823, 181, 88, 477, 411, 184]","[974, 174, 597, 27, 685]","[819, 986, 979, 948, 106]"
374,"[356, 684, 443, 566, 300, 77, 525, 288, 5, 185, 183, 302, 573, 233, 603, 1217, 176, 234]","[44, 583, 761, 1073, 39, 218, 939, 770, 773, 1046]","[77, 684, 234, 603, 300]","[761, 44, 1046, 39, 939]"
375,"[269, 275, 762, 14, 98, 197, 514, 198, 111, 427, 223, 181, 707, 11, 154, 357, 603, 100]","[237, 289, 274, 663, 246, 268, 321, 328, 301, 288, 705, 815]","[14, 100, 198, 707, 98]","[815, 268, 663, 301, 321]"
376,"[443, 354, 748, 288, 154, 164, 313, 56, 7, 316, 98, 508, 271, 194, 272, 168, 173, 234, 200, 258, 294]","[100, 751, 323, 219, 1105, 358, 268, 338, 682, 895, 689, 678]","[173, 316, 98, 154, 443]","[219, 358, 268, 682, 100]"
377,"[8, 52, 356, 289, 196, 215, 542, 191, 272, 162, 155, 508, 447, 148, 396, 451, 972, 1134, 302, 304, 527, 276, 54, 88, 175, 420, 739, 500, 596, 252, 133, 655, 283, 432, 419, 699, 194, 258, 939, 48, 100, 9, 121, 286, 50, 896, 241, 921, 12, 433, 172, 768, 401, 174, 559, 176, 423, 87, 62, 235, 792, 223, 806, 7, 210, 385, 732, 501, 15, 693, 387, 651, 404, 182, 277, 631, 469, 403, 632, 285, 153, 144, 736, 257, 203, 126, 686, 729, 99, 181, 969, 702, 727, 629, 692, 300, 161, 22, 485, 70, 143, 132, 703, 28, 742, 591, 273, 528, 234, 1531, 282, 1063, 715, 479, 86, 42, 237, 318, 79, 482, 95, 31, 213, 509, 468, 582, 568, 269, 709, 59, 1, 58, 1311, 207, 275, 255, 708, 435, 77, 173, 317, 167, 606, 14, 381, 89, 382, 458, 118, 543, 98, 96, 183, 47, 55, 531, 83, 193, 216, 71, 56, 164, 64, 265, 313, 443, 588, 82, 204, 660, 1147, 97, 436, 25, 735, 402]","[554, 63, 367, 202, 1267, 1284, 65, 1478, 274, 151, 793, 1180, 875, 4, 141, 386, 73, 197, 1044, 123, 179, 159, 546, 549, 1028, 1037, 222, 233, 465, 1220, 284, 288, 66, 301, 942, 866, 29, 411, 576, 734, 10, 230, 731, 1061, 696, 723, 418, 321, 1439, 979, 1046, 471, 1232, 449, 405, 110, 665, 328, 636, 1107, 959, 724, 231, 295, 49, 1523, 778, 91, 280, 195, 326, 226, 845, 117, 1135, 744, 619, 924, 380, 684, 157, 68, 496, 248, 11, 1048, 716, 1407, 1211, 217, 720, 200, 111, 21, 1230, 1181, 572, 1400, 756, 1042, 620, 450, 319, 476, 517, 1009, 635, 575, 227, 409, 796, 807, 365, 281, 787, 926, 294, 930, 694, 298, 180, 1145, 245, 977, 5, 53, 1058, 94, 125, 1035, 410, 2, 918, 775, 597, 755, 674, 254, 1047, 663, 780, 220, 393, 762, 135, 43, 747, 186, 106, 1101, 218, 722, 1425, 417, 623, 392, 951, 961, 1053, 13, 566, 1438, 707, 40, 239, 928, 160, 949, 44, 1074, 292, 370, 323, 1221, 225, 67, 470, 473, 1092, 932, 287, 561, 803, 550, 69, 569, 412, 399, 577, 728, 1168, 51, 956, 428, 38, 1091, 238, 441, 78]","[482, 304, 432, 528, 501]","[160, 43, 722, 762, 294]"
378,"[69, 705, 202, 520, 732, 554, 8, 443, 192, 164, 391, 176, 735, 230, 480, 98, 135, 522, 417, 50, 284, 523, 655, 211, 496, 651, 855, 216, 133, 451, 504, 196, 686, 530, 199, 448, 239, 83, 4, 23, 157, 82, 52, 177, 152, 603, 179, 203, 127, 517, 528, 9, 187, 100, 684, 89, 12, 200, 461, 701, 736, 285, 568, 631, 649, 191, 79, 447, 168, 153, 427, 659, 174, 205, 64, 172, 144, 576, 124, 622, 729, 204, 251, 511, 1, 88, 842, 131, 137, 238, 188, 357, 516, 654, 310, 393, 56, 178, 566, 116, 186, 372, 183, 414, 163, 710, 208, 210, 173, 227, 194, 141, 502, 257, 193, 644, 96, 331, 381, 428, 529, 419, 47, 1113, 286, 7, 577, 151, 94, 181, 185, 435, 524, 143, 234, 709, 526, 175, 474, 197, 265, 403, 843, 707, 28, 433, 317, 621]","[637, 616, 452, 402, 1032, 401, 90, 294, 1219, 300, 54, 2, 1206, 270, 405, 158, 62, 704, 93, 1022, 233, 559, 575, 527, 398, 195, 385, 271, 674, 383, 563, 436, 219, 434, 746, 63, 514, 306, 161, 395, 636, 339, 712, 1075, 97, 663, 1035, 345]","[191, 842, 181, 69, 230]","[674, 158, 233, 637, 1035]"
379,"[530, 132, 1449, 587, 313, 427, 709, 59, 732, 22, 69, 753, 527, 185, 496, 1, 474, 483, 465, 631, 183, 736, 71, 28, 95, 463, 61, 306, 168, 286, 654, 956, 425, 1065, 1113, 750, 315, 12, 663, 60, 100, 462, 258, 170, 194, 1116, 443, 357, 582, 98, 479, 515, 190, 151, 272, 845, 498, 50, 89, 480, 200, 79, 196, 86, 1101, 318, 302, 174]","[176, 197, 177, 186, 241, 172, 518, 1444, 154, 856, 62, 1168, 229, 652, 923, 433, 180, 118, 64, 428, 630, 181, 135, 114, 449, 300, 573, 529, 614, 31, 161, 134, 414, 416, 1404, 58, 1045, 770, 213, 665, 566, 699, 670, 81, 340, 512, 435, 423, 217, 38, 139, 751, 163, 182, 506, 7, 664, 382, 521, 712, 152, 502, 265, 419, 708, 1039, 744, 629, 9, 270, 570, 204, 121, 549, 959, 684, 222, 109, 554, 208, 651, 356, 561, 729, 228, 215, 238, 97, 211, 179, 610, 234, 199, 514]","[732, 302, 1449, 313, 663]","[1168, 1404, 435, 670, 573]"
380,"[582, 50, 212, 647, 191, 495, 378, 129, 652, 694, 216, 13, 1533, 97, 512, 501, 473, 83, 498, 304, 100, 30, 135, 133, 485, 175, 459, 89, 607, 631, 656, 493, 526, 657, 150, 517, 995, 1018, 20, 318, 847, 283, 99, 1117, 898, 1401, 228, 705, 16, 479, 529, 693, 1119, 95, 176, 931, 432, 151, 14, 487, 1098, 640, 514, 132, 778, 1, 525, 742, 509, 443, 294, 178, 462, 134, 1115, 124, 96, 196, 1060, 520, 268, 483, 419, 480]","[281, 771, 724, 403, 634, 914, 1439, 660, 1400, 77, 49, 79, 673, 1407, 566, 961, 139, 682, 102, 259, 214, 1532, 934, 217, 15, 121, 344, 887, 303, 59, 94, 276, 418, 855, 159, 307, 120, 313, 596, 118, 142, 588, 225]","[631, 1119, 133, 304, 129]","[159, 102, 682, 281, 1439]"
381,"[531, 474, 290, 1534, 1229, 9, 481, 56, 180, 197, 177, 100, 507, 511, 357, 23, 482, 334, 1017, 59, 151, 235, 1268, 168]","[127, 546, 276, 25, 171, 183, 475, 98, 508, 1142, 137, 639, 717, 150, 332, 14, 7, 504, 258, 50, 1381, 122, 135, 134, 496, 252, 514, 756, 286]","[168, 151, 290, 1268, 507]","[475, 98, 508, 122, 134]"
382,"[505, 464, 474, 321, 641, 425, 663, 603, 86, 137, 513, 14, 19, 9, 483, 197, 302, 237, 427, 639, 135, 81, 268, 504, 357, 100, 654, 1063, 340, 480, 315, 517, 285, 203, 435, 484, 514, 134, 193, 238, 182, 657, 132, 180, 479, 478, 58, 205, 496, 660, 316, 488, 166, 286, 528, 124, 604, 736, 188, 185, 213, 200]","[319, 475, 313, 272, 531, 223, 89, 345, 1005]","[504, 483, 200, 528, 478]","[223, 319, 345, 89, 531]"
384,"[1367, 209, 606, 221, 524, 367, 262, 340, 474, 661, 153, 1353, 1536, 337, 1071, 663, 285, 489, 56, 48, 408, 480, 156, 114, 1129, 485, 500, 128, 965, 325, 180, 922, 523, 189, 1021, 1097, 455, 616, 603, 1524, 185, 659, 479, 160, 865, 896, 604, 429, 1159, 175, 1066, 8, 134, 483, 169, 487, 1428, 192, 811, 127, 961, 461, 650, 900, 256, 18, 1143, 511, 657, 851, 238, 1121, 305, 1154, 675, 1158, 945, 1462, 89, 32, 653, 131, 525, 745, 187, 433, 207, 430, 235, 919, 58, 1069, 46, 173, 1252, 177, 652, 1499, 1008, 37, 529, 654, 484, 512, 47, 98, 855, 427, 182, 1449, 1456, 954, 1070, 656, 357, 504, 528, 533, 488, 497, 30, 1535, 240, 1506, 100, 693, 514, 197, 23, 132, 201, 522]","[4, 79, 435, 195, 99, 1411, 224, 129, 423, 767, 304, 673, 249, 290, 82, 172, 503, 458, 1010, 629, 447, 199, 216, 168, 253, 174, 1135, 194, 462, 293, 385, 705, 42, 526, 171, 218, 181, 286, 29, 794, 942, 403, 257, 87, 486, 111, 81, 136, 1286, 1128, 151, 152, 1012, 24, 674, 451, 145, 186, 1103, 1160, 425, 482, 496, 143, 871, 144, 658, 273, 506, 631, 384, 507, 1007, 444, 739, 508, 443, 211, 236, 122, 50, 208, 492, 1131, 959, 346, 498, 191, 200, 250, 719, 502, 276, 473, 135, 664, 254, 521, 183, 320, 428, 417, 93, 557, 1110, 1037, 727, 520, 12, 347, 318, 283, 53, 133, 732, 405, 383, 219, 940, 1022, 1017, 217, 1014, 1495, 419, 59, 61, 215, 198, 55, 205, 874, 2, 421, 176, 715, 671, 234, 1118, 558, 210, 378, 568, 251, 1065, 231, 204, 448, 92]","[487, 919, 529, 58, 1071]","[448, 503, 144, 403, 425]"
385,"[50, 1016, 515, 222, 117, 685, 24, 323, 840, 405, 825, 127]","[455, 121, 546, 7, 281, 833, 982, 273, 597, 118, 181]","[825, 1016, 685, 323, 117]","[455, 982, 181, 7, 273]"
386,"[56, 180, 199, 414, 520, 58, 942, 32, 200, 447, 1007, 224, 1019, 773, 198, 201, 183, 844, 501, 1012, 381, 82, 168, 461, 693, 182, 169, 1008, 845, 436, 432, 317, 854, 943, 227, 1143, 444, 189, 48, 210, 52, 2, 83, 203, 1199, 24, 1537, 114, 463, 473, 357, 603, 273, 223, 1240, 549, 209, 1128, 96, 50, 135, 98, 293, 222, 547, 277, 91, 47, 195, 113, 455, 250, 156, 265, 20, 663, 127, 8, 428, 238, 79, 228, 320, 93, 659, 952, 13, 99, 192, 508, 715, 515, 190, 558, 193, 92, 206, 258, 187, 1129, 434, 22, 474, 580, 528, 919, 679, 10, 856, 789, 772, 129, 68, 642, 205, 211, 89, 101, 526, 7, 248, 181, 583, 109, 513, 175, 100, 172, 191, 1187, 179, 718, 28, 42, 1, 530, 518, 324, 173, 153, 53, 12, 641, 188, 408, 174, 581, 214, 727]","[1166, 218, 514, 692, 559, 31, 423, 1097, 1115, 208, 566, 144, 564, 578, 333, 448, 697, 288, 672, 393, 46, 488, 1069, 674, 81, 651, 380, 1118, 984, 1538, 152, 431, 1014, 116, 418, 71, 744, 136, 441, 133, 561, 202, 294, 69, 458, 39, 55, 268, 184, 403, 4, 233, 215, 735, 64, 319, 969, 219, 61, 790, 226, 217, 746, 161, 1134, 147, 470, 151, 97, 768, 972, 650, 511, 176, 769, 1091, 806, 593, 102, 737, 117, 246, 76, 123, 194, 229, 582, 197, 532, 23, 732, 121, 230, 496, 684, 325, 619, 1018, 196, 321, 318, 625, 446, 107, 429, 295, 774, 231, 742, 410, 678, 27, 62, 241, 33, 186, 385, 11, 298, 1078, 1110, 569, 475, 289, 430, 477, 435, 1011, 563, 29, 516, 953, 286, 550, 521, 239, 399, 204, 178, 243, 551, 531, 567, 588, 367, 731, 655, 95, 676, 568, 665, 232, 25, 847, 1198]","[173, 549, 772, 265, 789]","[1069, 742, 619, 246, 441]"
387,"[313, 816, 5, 147, 184, 117, 310, 326, 690, 678, 845, 301, 682, 742, 298, 895, 569, 266, 333, 628, 288, 307, 559, 596, 300, 258, 237, 323, 591, 680, 302, 1, 98, 672, 218, 328, 294, 219, 200, 121, 53]","[56, 111, 769, 259, 508, 773, 9, 100, 315, 871, 276]","[682, 591, 298, 333, 98]","[315, 56, 508, 259, 9]"
388,"[955, 176, 613, 160, 204, 28, 124, 429, 845, 656, 507, 496, 792, 378, 836, 504, 98, 492, 100, 479, 194, 414, 1203, 1298, 493, 478, 518, 404, 736, 778, 517, 502, 1451, 498, 136, 275, 71, 4, 699, 151, 1286, 705, 965, 47, 475, 604, 64, 50, 558, 484, 497, 1147, 8, 152, 174, 172, 514, 519, 132, 127, 474, 602, 208, 610, 612, 234, 483, 411, 435, 69, 23, 954, 693, 531, 605, 631, 642, 423, 79, 179, 181, 185, 168, 480, 525, 58, 481, 191, 616, 1098, 923, 416, 65, 661, 732, 471, 238, 99, 491, 283, 506, 285, 202, 178, 1204, 56, 615, 427, 649, 499, 835, 205, 671, 197, 1050, 657, 59, 584, 346, 588, 945, 42, 301, 477, 501, 847, 1007, 82, 211, 509, 302, 134, 485, 709, 182, 603, 1121, 524, 969, 187, 199, 486, 664, 489, 654, 371, 1, 482, 430, 274, 663, 684, 418, 488, 87, 209, 367, 494, 347, 487, 618, 133]","[109, 1119, 249, 111, 607, 715, 1530, 550, 38, 785, 490, 583, 395, 216, 53, 153, 942, 662, 217, 402, 1052, 29, 756, 1074, 159, 1518, 142, 510, 526, 568, 712, 410, 401, 630, 95, 80, 467, 167, 90, 997, 780, 451, 105, 384, 131, 173, 81, 1444, 393, 454, 527, 739, 210, 503, 763, 40, 700, 1114, 25, 1041, 407, 66, 300, 154, 1036, 520, 396, 1197, 591, 72, 824, 383, 94, 420, 731, 186, 674, 118, 926, 428, 88, 77, 820, 1168, 67, 15, 946, 521, 135, 728, 386, 419, 161, 559, 553, 686, 722, 155, 196, 579, 412, 675, 608, 286, 240, 239, 257, 143, 629]","[835, 664, 923, 132, 618]","[94, 428, 510, 383, 1168]"
389,"[990, 989, 124, 100, 740, 181, 713, 304, 328, 515, 275, 126, 319, 742, 302, 283, 1, 286, 258, 9, 754, 300]","[331, 289, 277, 329, 845, 1296, 13, 475, 690]","[100, 126, 515, 740, 302]","[475, 845, 13, 289, 329]"
390,"[56, 26, 180, 134, 197, 357, 15, 97, 203, 474, 1101, 530, 47, 286, 238, 127, 507, 510, 200, 12, 64, 205, 60, 460, 604, 69, 318, 61, 659, 334, 462, 544, 132, 504, 282, 58, 511, 963, 480, 646, 59, 237, 100, 498, 182, 168, 213, 661, 490, 482, 603, 22, 174, 458, 173, 234, 479, 628, 48, 9, 215, 50, 651, 187, 194, 705, 177, 186, 301, 652, 696, 209, 427, 435, 98, 133, 648, 23, 591]","[527, 188, 264, 924, 195, 204, 497, 748, 300, 222, 678, 89, 31, 508, 328, 288, 8, 774, 276, 71, 294, 191, 11, 546, 491, 421, 772, 258, 483, 471, 148, 76, 125, 176, 1163, 322, 715, 228, 291, 378, 131, 96]","[194, 205, 237, 60, 134]","[11, 276, 76, 131, 71]"
391,"[178, 333, 302, 1143, 492, 165, 23, 293, 179, 276, 319, 534, 98, 321, 1142, 166, 129, 8, 511, 872, 632, 847, 268, 99, 199, 180, 297, 169, 1012, 170, 346, 134, 880, 59, 650, 325, 344, 488, 270, 114, 172, 515, 289, 491, 288, 248, 173, 304, 246, 127, 58, 257, 209, 310, 482, 312, 705, 615, 345, 303, 272, 294, 1007, 197, 189, 493, 50, 181, 313, 663, 340, 191, 347, 589, 510, 513, 517, 1226, 837, 604, 316, 11, 269, 657, 174, 528]","[258, 1014, 285, 873, 538, 286, 1160, 298, 200, 813, 249, 255, 328, 1258, 324, 271, 250, 244, 260, 463, 323, 300, 495, 326, 875]","[1007, 170, 59, 321, 515]","[200, 495, 300, 326, 538]"
392,"[1219, 471, 126, 683, 763, 651, 62, 275, 142, 12, 953, 596, 278, 265, 136, 31, 686, 836, 1446, 294, 227, 742, 386, 342, 690, 419, 500, 568, 705, 781, 366, 2, 215, 554, 83, 222, 378, 196, 328, 94, 49, 189, 50, 1169, 1179, 591, 303, 659, 123, 394, 756, 241, 55, 27, 38, 747, 840, 148, 41, 54, 313, 223, 470, 316, 161, 317, 842, 497, 845, 172, 409, 808, 87, 780, 237, 69, 1468, 376, 257, 480, 815, 761, 239, 494, 630, 410, 465, 274, 95, 622, 117, 479, 415, 194, 569, 147, 999, 173, 825, 588, 64, 1063, 243, 255, 578, 926, 79, 29, 1055, 28, 72, 270, 347, 4, 354, 291, 775, 628, 118, 68, 204, 696, 810, 168, 258, 924, 203, 22, 977, 944, 73, 620, 42, 51, 281, 405, 7, 794, 385, 459, 922, 939, 1249, 1049, 710, 280, 184, 1016, 139, 496, 181, 373, 1180, 298, 463, 1044, 333, 729, 96, 259, 322, 1531, 398, 125, 121, 627, 483, 282, 304, 332, 1409, 310, 833, 941, 250, 577, 684, 790, 625, 82, 732, 248, 272, 392, 143, 9, 315, 769, 210, 302, 1001, 787, 1058, 774, 399, 572, 97, 613]","[1034, 15, 1285, 318, 402, 1206, 633, 539, 932, 940, 128, 681, 1048, 88, 252, 890, 1095, 1469, 456, 1047, 431, 812, 349, 778, 1092, 374, 527, 1032, 715, 546, 169, 355, 1139, 789, 576, 365, 363, 362, 1314, 783, 1441, 1183, 792, 110, 1165, 779, 420, 728, 1091, 233, 71, 1221, 737, 672, 403, 380, 25, 1053, 396, 67, 1215, 725, 100, 831, 36, 805, 21, 70, 1043, 323, 202, 99, 540, 571, 1407, 48, 1178, 81, 1074, 391, 418, 997, 1120, 417, 727, 1244, 3, 685, 321, 929, 154, 717, 802, 1258, 90, 876, 1228, 559, 1185, 421, 356, 89, 870, 404, 1014, 56, 423, 473, 138, 443, 364, 1040, 1224, 843, 1239, 552, 85, 240, 1000, 751, 797, 905, 1210, 553, 739, 186, 821, 951, 476, 722, 271, 283, 826, 566, 1440, 26, 108, 109, 228, 721, 40, 824, 273, 1539, 144, 771, 755, 841, 24, 477, 1181, 105, 1168, 636, 1435, 290, 655, 84, 132, 1182, 561, 871, 153, 245, 377, 949, 1051, 1028, 930, 78, 65, 86, 501, 393, 369, 135, 5, 1337, 338, 644, 111, 544, 472, 357, 550, 1035, 964, 191, 11, 412, 17, 623, 122, 206, 58, 692, 731, 996, 344, 597, 687, 879, 538, 1039, 785, 449, 1076, 141, 451, 892, 1270, 288, 249, 395, 1225, 724, 560, 585, 80, 485, 195, 820, 411, 507, 689, 384, 748, 982, 77, 893, 541, 720, 66, 864, 33, 1, 1197, 367, 586, 652, 819, 866, 134, 575, 145, 934, 8, 1419, 823, 693]","[304, 1016, 742, 419, 378]","[144, 1051, 77, 86, 783]"
393,"[67, 42, 568, 174, 218, 227, 773, 161, 232, 181, 121, 508, 217, 559, 228, 117, 97, 979, 423, 561, 288, 72, 39, 132, 655, 550, 554, 79, 455, 50, 208, 101, 84, 210, 156, 56, 222, 385, 144, 433, 7, 4, 38, 313, 98, 265, 172, 195, 419, 1, 391, 540, 416, 739, 63, 402, 238, 496, 164, 250, 257, 109, 411, 28, 186, 68, 96, 179, 22, 771, 89, 651, 204, 24, 69, 202, 715, 173, 742, 431, 12, 91, 123, 546, 168, 118, 418, 403, 82, 1484, 176, 294, 549, 627, 183, 62, 151, 33, 393, 928, 380]","[1210, 88, 450, 1079, 552, 383, 154, 1033, 576, 679, 229, 128, 31, 541, 1371, 746, 802, 233, 282, 597, 449, 665, 780, 364, 184, 763, 226, 230, 73, 797, 386, 578, 216, 658, 158, 405, 252, 358, 141, 672, 940, 577, 29, 77, 795, 90, 720, 343]","[82, 84, 508, 391, 172]","[90, 184, 658, 383, 795]"
394,"[172, 315, 632, 174, 365, 924, 64, 338, 237, 210, 342, 98, 328, 257, 231, 378, 343, 181, 97, 196, 154, 89, 215, 50, 1, 100, 186, 423, 286, 127, 163, 515, 750, 318, 258]","[151, 121, 892, 255, 313, 596, 273, 240, 15, 458, 472, 252, 216, 739, 1028, 866, 748, 21, 300, 1060, 288, 118]","[1, 750, 210, 231, 97]","[596, 472, 892, 255, 313]"
395,"[841, 291, 148, 1025, 274, 106, 328, 986, 1, 322, 742, 333, 282, 222, 546, 9, 237, 471, 121, 597, 117, 472, 118, 271, 974, 323]","[751, 260, 678, 930, 977, 595, 288, 329, 591, 1399, 829, 619, 1028, 300, 100, 25, 871, 405, 1215, 455, 717, 245, 125, 840, 823, 281, 151, 406]","[597, 472, 282, 333, 328]","[1028, 595, 1399, 260, 871]"
396,"[7, 108, 1018, 178, 221, 56, 183, 657, 479, 705, 302, 288, 95, 896, 338, 174, 513, 504, 483, 615, 588, 22, 177, 127, 156, 345, 273, 171, 135, 475, 23, 197, 435, 423, 641, 100, 192, 199, 611, 855, 346, 134, 172, 223, 853, 181, 498, 286, 210, 50, 8, 318, 109, 268, 313, 186, 298, 182, 480, 58, 693, 484, 357, 474, 529, 591, 522, 12, 492]","[1019, 194, 988, 334, 325, 1298, 894, 324, 261, 327, 117, 322, 332, 340, 878, 457, 1001, 688, 989, 751, 680, 390, 195, 748, 991, 665, 652, 65, 289, 243, 343, 14, 358]","[268, 197, 7, 183, 156]","[325, 989, 324, 680, 390]"
397,"[514, 181, 69, 199, 423, 50, 520, 493, 172, 144, 15, 357, 70, 216, 204, 228, 276, 654, 191, 64, 479, 648, 1119, 234, 162, 1450, 58, 152, 393, 176, 435, 182, 1126, 126, 485, 95, 732, 88, 480, 735, 28, 85, 491, 82, 519, 197, 124, 87, 430, 194, 117, 496, 211, 602, 174, 495, 474, 203, 127, 604, 399, 132, 403, 588, 205, 510, 186, 498, 66, 523, 25, 969, 521, 429, 173, 183, 56, 692, 196, 178, 484, 705, 96, 71, 610, 603, 837, 208, 684, 482, 427, 79, 655, 633, 478, 185, 483, 97, 153, 1]","[227, 504, 481, 12, 659, 417, 284, 661, 991, 31, 501, 65, 663, 167, 993, 4, 163, 154, 158, 134, 63, 953, 94, 125, 494, 49, 274, 159, 700, 715, 497, 385, 476, 239, 229, 525, 502, 230, 796, 737, 710, 1020, 2, 432, 73, 47, 756, 168, 13, 589, 235, 591, 72, 202, 1041, 414, 447, 231, 133, 100, 607, 111, 662, 283, 135, 237, 86, 712, 8, 708, 367, 582]","[191, 498, 429, 144, 493]","[607, 504, 12, 284, 432]"
398,"[459, 924, 196, 742, 588, 148, 94, 114, 817, 295, 772, 475, 364, 746, 140, 98, 91, 318, 1137, 188, 97, 1139, 747, 214, 143, 566, 393, 301, 186, 727, 1074, 53, 738, 622, 549, 147, 203, 289, 1217, 455, 72, 470, 15, 779, 57, 241, 1396, 302, 24, 235, 218, 820, 328, 1, 54, 11, 182]","[813, 219, 591, 284, 1314, 8, 1228, 73, 486, 1543, 372, 402, 1232, 531, 33, 154, 655, 959, 527, 1279, 418, 229, 175, 732, 383, 71, 744, 986, 62, 127, 22, 128, 436, 946, 1274, 323, 168, 578, 230, 774, 550, 173, 768, 1135, 1179, 1401, 679, 2, 763, 568, 389, 1220, 42, 274, 273, 1459, 400, 969, 93, 228, 67, 413, 41, 684, 546, 597, 407, 187, 809, 265, 174, 84, 405, 722, 157, 1035, 1246, 651, 1231, 496, 452, 1184, 431, 12, 559, 710, 554, 226, 582, 587, 633, 975, 432, 1090, 384, 234, 195, 412, 1393, 95, 38, 760, 420, 48, 153, 1192, 382, 826, 118, 69, 471, 58, 180, 43, 117, 1244, 754, 282, 77, 941, 735, 231, 806, 155, 395, 264, 928, 50, 1178, 63, 338, 64, 977, 110, 80, 825, 1219, 423, 1480, 26, 156, 508, 386, 781, 288, 551, 237, 926, 1086, 542, 1541, 215, 210, 660, 399, 575, 204, 454, 161, 444, 506, 233, 544, 576, 451, 564, 628, 824, 1540, 56, 755, 68, 179, 79, 31, 227, 164, 332, 385, 307, 1170, 340, 132, 673, 693, 239, 697, 291, 5, 121, 450, 1210, 268, 616, 403, 720, 380, 276, 543, 55, 172, 102, 401, 501, 238, 66, 9, 99, 181, 378, 144, 388, 223, 845, 769, 468, 222, 379, 96, 419, 665, 39, 225, 545, 890, 658, 552, 78, 794, 540, 151, 176, 780, 320, 82, 560, 526, 426, 28, 541, 462, 139, 1207, 561, 433, 511, 465, 356, 1042, 919, 1060, 100, 404, 232, 366, 123, 29, 47, 246, 90, 343, 1542]","[1137, 72, 302, 746, 393]","[22, 986, 450, 560, 506]"
399,"[300, 895, 321, 304, 749, 323, 288, 286, 301, 258, 269, 343, 313]","[328, 259, 689, 307, 306, 294, 332, 690, 748]","[301, 304, 895, 749, 313]","[307, 332, 306, 690, 294]"
400,"[486, 638, 519, 111, 204, 527, 210, 462, 198, 603, 435, 196, 100, 70, 65, 162, 485, 144, 202, 528, 553, 318, 483, 632, 328, 724, 316, 197, 83, 194, 365, 276, 493, 356, 357, 684, 509, 651, 97, 735, 630, 25, 1009, 515, 174, 507, 566, 143, 275, 315, 44, 582, 133, 604, 471, 428, 278, 216, 211, 99, 185, 88, 482, 203, 610, 537, 191]","[117, 199, 135, 609, 499, 273, 322, 173, 26, 866, 284, 137, 654, 385, 294, 50, 520, 342, 13, 473, 661, 225, 501, 154, 248, 71, 280, 157, 237, 588, 404, 535, 1016, 430, 282, 762, 707, 1011, 272, 321, 168, 153, 9, 451, 172, 1, 64, 1289, 121, 147, 14, 655, 481, 69, 815, 235, 478, 659, 11, 161, 477, 511, 508, 257, 151, 748, 127, 302, 892, 312, 181, 484, 371, 286, 751, 678, 490, 584, 125, 591, 429, 634, 663, 188, 243, 405]","[435, 162, 97, 25, 194]","[199, 663, 161, 69, 125]"
401,"[257, 111, 255, 480, 7, 127, 126, 234, 151, 479, 48, 511, 222, 96, 25, 591, 124, 182, 529, 696, 50, 273, 286, 515, 258, 1101, 42, 135, 471, 12, 19, 204, 237, 1, 276, 9, 483, 510, 95, 275, 168, 137, 118, 15, 408, 100, 181]","[764, 16, 235, 245, 32, 1048, 864, 1060, 10, 476, 455, 475, 13, 628, 117, 116, 748, 228, 710, 1284, 410]","[181, 258, 483, 1, 135]","[116, 864, 628, 1284, 245]"
402,"[111, 121, 258, 925, 148, 181, 7, 866, 127, 471, 845, 288, 748, 685, 117, 129, 864, 477, 472, 291, 222, 515, 235, 276, 100, 118, 151, 147, 1, 476, 50, 405, 237, 282]","[546, 123, 240, 410, 274, 284, 1047, 1012, 597, 370, 106, 9, 928, 257, 760, 1199]","[276, 7, 129, 405, 111]","[1012, 597, 546, 1047, 274]"
403,"[269, 748, 294, 313, 328, 259, 258, 739, 678, 300, 332, 270, 302, 22, 310, 690, 307, 683, 66, 272, 938]","[687, 333, 327, 892, 342, 243, 289, 343, 331, 1238, 348, 754, 879, 901, 689, 245, 323, 750, 286, 876, 339, 301, 288]","[313, 938, 690, 302, 678]","[892, 901, 689, 301, 342]"
404,"[56, 521, 210, 692, 186, 11, 172, 1554, 232, 135, 214, 127, 90, 575, 451, 527, 673, 467, 318, 28, 192, 423, 197, 393, 949, 559, 302, 452, 655, 624, 50, 185, 66, 191, 67, 732, 98, 729, 419, 404, 85, 73, 710, 427, 397, 651, 939, 1063, 82, 403, 22, 5, 94, 586, 376, 132, 215, 388, 195, 234, 219, 347, 356, 1053, 433, 842, 204, 23, 447, 193, 8, 1044, 480, 12, 448, 143, 736, 238, 1218, 659, 794, 317, 173, 420, 218, 208, 64, 728, 29, 38, 288, 202, 47, 568, 571, 4, 187, 418, 735, 781, 392, 1041, 99, 357, 429, 443, 792, 181, 658, 378, 954, 69, 313, 174, 79, 445]","[592, 1582, 171, 580, 1409, 953, 994, 387, 1432, 190, 1177, 1503, 524, 570, 721, 465, 583, 78, 1578, 787, 414, 430, 773, 178, 647, 789, 1118, 426, 1338, 656, 1561, 440, 722, 540, 997, 1100, 442, 72, 700, 1434, 96, 1565, 734, 1469, 964, 1250, 450, 719, 1230, 206, 1531, 695, 92, 1176, 639, 366, 470, 1555, 699, 422, 1353, 1227, 1188, 1207, 230, 62, 771, 1247, 188, 578, 1563, 350, 1046, 432, 775, 650, 1316, 1275, 361, 551, 1113, 1109, 785, 581, 30, 759, 1058, 1317, 1519, 1045, 959, 1217, 449, 169, 1029, 1248, 371, 593, 1435, 795, 1167, 396, 1421, 1178, 1557, 579, 386, 510, 765, 1562, 768, 1175, 1180, 511, 1004, 530, 652, 1550, 522, 1424, 217, 88, 670, 437, 1586, 1318, 941, 565, 228, 541, 514, 623, 216, 87, 1066, 1110, 463, 227, 1391, 1168, 1580, 1268, 999, 308, 1384, 53, 753, 693, 1530, 462, 1119, 77, 946, 175, 669, 142, 654, 793, 1479, 189, 574, 400, 778, 625, 671, 31, 664, 653, 1240, 622, 40, 1139, 947, 1566, 49, 648, 772, 1210, 1589, 212, 552, 780, 469, 431, 1111, 969, 179, 1592, 996, 1099, 1018, 1267, 1547, 207, 1400, 557, 76, 649, 239, 1346, 812, 791, 761, 726, 2, 554, 1439, 395, 560, 374, 1221, 1253, 1290, 1588, 573, 1166, 1590, 1148, 525, 776, 644, 957, 416, 1587, 769, 211, 1307, 788, 667, 1108, 714, 1571, 971, 1200, 1549, 226, 627, 702, 643, 399, 569, 41, 70, 1182, 548, 1558, 39, 517, 1575, 1159, 1274, 720, 588, 51, 1425, 1074, 796, 1579, 1112, 519, 707, 1184, 1265, 1239, 1522, 956, 555, 1104, 183, 141, 528, 556, 1539, 1444, 1179, 1231, 1042, 265, 1585, 68, 1209, 1422, 421, 1518, 1442, 504, 904, 606, 1470, 1478, 184, 1193, 1560, 1206, 802, 1471, 537, 520, 1553, 1517, 199, 1559, 1032, 415, 645, 461, 807, 779, 1146, 509, 1404, 1484, 1031, 1576, 1437, 739, 200, 1078, 364, 391, 786, 515, 1249, 562, 63, 1569, 1568, 716, 383, 1399, 798, 1408, 52, 233, 1224, 1359, 584, 661, 549, 523, 585, 482, 58, 149, 75, 810, 603, 1222, 567, 536, 57, 379, 1474, 712, 1225, 1583, 577, 55, 1468, 1091, 83, 561, 48, 694, 1072, 1037, 944, 201, 1438, 553, 1030, 558, 1394, 516, 849, 774, 97, 853, 1570, 697, 808, 783, 1232, 679, 642, 37, 843, 666, 1103, 1070, 684, 1219, 784, 790, 101, 1271, 1036, 1415, 1405, 81, 859, 960, 1407, 464, 1107, 377, 1572, 770, 851, 1441, 438, 1147, 745, 45, 351, 563, 441, 61, 1548, 439, 674, 91, 1297, 1499, 955, 1195, 367, 564, 402, 566, 1229, 1065, 816, 1228, 782, 139, 434, 180, 80, 384, 715, 675, 921, 42, 231, 1021, 43, 71, 1261, 662, 518, 453, 1509, 102, 943, 626, 951, 708, 501, 529, 861, 1581, 1584, 855, 747, 1194, 444, 60, 727, 545, 777, 365, 858, 723, 1387, 1035, 1073, 32, 1305, 731, 860, 543, 33, 854, 1062, 446, 198, 526, 417, 1311, 161, 229, 168, 755, 1076, 746, 942, 381, 44, 1577, 1019, 205, 646, 436, 36, 65, 1334, 1540, 203, 1006, 1487, 1055, 380, 1551, 373, 140, 59, 26, 209, 856, 241, 1556, 737, 1567, 970, 1308, 920, 1591, 923, 1412, 425, 182, 468, 698, 1546, 303, 398, 54, 401, 512, 542, 1552, 703, 1564, 1192, 213, 1419, 1544, 1574, 663, 640, 668, 1535, 733, 27, 1266, 725, 1545, 372, 672, 35, 194, 724, 1488, 382, 1464, 435, 704, 46, 940, 730, 1027, 757, 341, 89, 1069, 1429, 1101, 709, 738, 1529, 170, 1573, 466, 1090, 621, 665, 550, 641, 385, 1043, 1220, 1480, 1005, 806, 428, 1306, 972, 1208, 638, 877, 176, 1382, 660, 389, 1260, 582, 657, 86, 576, 110, 95, 1445, 177, 1423, 1475, 513, 375, 1246, 196, 958]","[732, 302, 521, 388, 85]","[1073, 1338, 1552, 552, 1474]"
405,"[48, 479, 962, 156, 318, 496, 605, 429, 488, 645, 14, 463, 58, 469, 436, 608, 588, 501, 317, 12, 701, 195, 745, 612, 482, 675, 199, 527, 181, 435, 443, 99, 410, 1010, 188, 50, 942, 732, 164, 647, 713, 511, 127, 1008, 69, 825, 183, 7, 633, 30, 42, 589, 1021, 93, 430, 526, 715, 634, 476, 427, 921, 172, 175, 632, 135, 276, 641, 204, 474, 772, 508, 179, 211, 235, 411, 174, 519, 133, 421, 117, 240, 357, 434, 234, 705, 699, 428, 498, 813, 190, 89, 543, 203, 64, 607, 624, 404, 52, 639, 520, 5, 8, 638, 504, 524, 505, 92, 53, 123, 663, 39, 1194, 136, 194, 1, 11, 480, 134, 96, 499, 478, 447, 115, 47, 182, 15, 191, 420, 121, 129, 32, 86, 418, 528, 507, 132, 582, 491, 180, 492, 23, 193, 513, 466, 924, 97, 150, 285, 806, 709, 197, 661, 657, 100, 124, 483, 506, 176, 631, 671, 432, 1170, 57, 1109, 372, 56, 9, 1101, 1147, 95, 674, 185, 367, 210, 462, 382, 98, 154, 217, 393, 654]","[664, 823, 239, 85, 1126, 651, 419, 186, 640, 213, 523, 414, 662, 1047, 396, 503, 642, 79, 209, 40, 826, 1267, 238, 591, 490, 24, 22, 187, 515, 692, 735, 25, 787, 275, 769, 453, 481, 737, 756, 28, 831, 596, 222, 63, 431, 3, 514, 461, 923, 148, 71, 215, 219, 1202, 198, 206, 529, 652, 4, 168, 468, 1220, 202, 173, 212, 559, 20, 274, 746, 72, 1065, 960, 1118, 125, 573, 381, 452, 693, 13, 945, 87, 712, 517, 665, 919, 131, 845, 487, 451, 143, 610, 237, 220, 747, 405, 151, 575, 228, 611, 1203, 727, 289, 368, 158, 561, 218, 284, 196, 277, 153, 655, 509, 170, 10, 152, 672, 606, 485, 660, 122, 629, 521, 433, 208, 216, 558, 724, 444, 602, 565, 88, 702, 282, 281, 73, 1197, 163, 563, 130, 70, 670, 472, 604, 531, 569, 1073, 425, 1153, 207, 502, 1079, 294, 144, 184, 157, 26, 286, 101, 601, 205, 971]","[12, 447, 121, 53, 183]","[1065, 73, 186, 602, 919]"
406,"[433, 205, 196, 50, 211, 217, 194, 174, 969, 655, 200, 222, 238, 478, 68, 746, 418, 182, 147, 432, 1118, 510, 56, 313, 173, 69, 2, 4, 202, 99, 185, 448, 316, 218, 519, 208, 230, 1, 291, 345, 172, 28, 732, 91, 403, 197, 100, 357, 525, 483, 993, 97, 484, 70, 705, 385, 423, 180, 710, 201, 479, 183, 255, 657, 177, 132, 143, 729, 248, 715, 315, 561, 203, 223, 250, 496, 209, 257, 258, 8, 235, 72, 656, 286, 214, 228, 427, 89, 514, 588, 603, 239, 98, 508, 45, 186, 216, 153, 195, 491, 184, 134, 154, 176, 659, 151, 162, 175, 737, 85, 189, 219, 152, 498, 408, 121, 191, 168, 94, 73, 288, 169, 210, 7]","[249, 231, 785, 428, 616, 755, 466, 642, 157, 117, 493, 1028, 161, 82, 476, 163, 949, 62, 265, 179, 144, 382, 416, 371, 1188, 399, 1230, 684, 88, 660, 869, 859, 269, 879, 244, 629, 227, 405, 502, 635, 455, 1012, 29, 1044, 229, 290, 118, 400, 712, 289, 181, 565, 972, 559, 521, 25, 40, 123, 436, 159, 648, 447, 449, 96, 188, 226, 193, 393, 1090, 215, 135, 232, 274, 127, 756, 158, 675, 844, 796, 504, 930, 204, 95, 395, 747, 388, 739, 569, 67, 708, 402, 1263, 1041, 568, 234, 1160, 443, 71, 131, 650, 101, 474]","[484, 969, 208, 479, 185]","[402, 1012, 231, 650, 568]"
407,"[748, 319, 288, 315, 358, 302, 313, 324, 270, 1296, 294, 327, 272, 310, 242, 751]","[689, 683, 258, 300, 286, 347, 539, 312, 328, 271, 334]","[272, 748, 288, 302, 324]","[312, 334, 271, 258, 683]"
408,"[65, 50, 223, 659, 1176, 199, 6, 516, 59, 214, 995, 1021, 664, 165, 480, 479, 684, 154, 181, 203, 325, 168, 133, 604, 527, 429, 276, 489, 97, 709, 162, 135, 474, 9, 12, 60, 210, 153, 483, 191, 484, 478, 615, 166, 514, 496, 855, 318, 89, 1537, 175, 382, 1524, 433, 170, 204, 427, 1593, 174, 98, 172, 213, 283, 58, 30, 633, 618, 482, 1194, 286, 523, 708, 1073, 285, 493, 186, 209, 192, 661, 606, 195, 1449, 179, 608, 23, 607, 430, 498, 275, 733, 1558, 1099, 647, 528, 1369, 303, 530, 216, 428, 14, 505, 100, 357, 61, 1541, 1070, 1512, 1020, 180, 475, 923, 45, 211, 116, 171, 127, 206, 603, 134, 1050, 511, 79, 663, 529, 466, 136, 854, 178]","[1295, 1242, 48, 288, 200, 99, 197, 497, 201, 520, 518, 680, 202, 270, 22, 8, 339, 965, 187, 491, 381, 937, 654, 87, 173, 321, 676, 749, 264, 1065, 609, 207, 156, 1393, 1379, 526, 1097, 322, 877, 28, 461, 631, 481, 343, 1360, 367, 1093, 266, 945, 504, 404, 300, 205, 486, 327, 485, 879, 714, 435, 1392, 115, 1159, 289, 705, 538, 657, 1346, 1328, 890, 876, 499, 83, 326, 632, 338]","[181, 168, 136, 1050, 647]","[202, 1159, 99, 115, 876]"
409,"[286, 313, 269, 315, 316, 873, 690, 905, 272]","[300, 312, 882, 748, 289, 538, 898, 886, 328, 347, 754, 258, 340, 311, 354, 323, 689, 303, 352]","[272, 873, 905, 690, 286]","[886, 300, 538, 289, 352]"
410,"[172, 651, 209, 405, 196, 168, 451, 770, 186, 709, 258, 265, 22, 527, 568, 566, 655, 38, 732, 50, 181, 28, 1197, 4, 73, 318, 208, 56, 210, 9, 1, 485, 603, 79, 194, 202, 174]","[182, 1470, 88, 304, 720, 227, 195, 161, 58, 229, 117, 1475, 435, 228, 230, 222, 449, 276, 8, 89, 238]","[196, 451, 209, 28, 73]","[229, 276, 182, 238, 1470]"
411,"[318, 28, 175, 427, 436, 135, 173, 634, 480, 193, 508, 526, 117, 288, 724, 70, 408, 7, 56, 114, 96, 172, 276, 64, 340, 651, 182, 23, 186, 211, 150, 684, 357, 939, 174, 431, 169, 1, 195, 208]","[218, 202, 92, 4, 487, 206, 154, 81, 24, 969, 214]","[526, 175, 436, 96, 288]","[202, 969, 154, 81, 92]"
412,"[222, 271, 306, 124, 297, 628, 181, 257, 236, 284, 9, 275, 508, 300, 270, 15, 269, 690, 471, 936, 303, 50, 258, 14, 286, 289, 515, 283, 276, 100, 237]","[255, 260, 301, 7, 326, 302, 245, 250, 877, 332, 328, 147, 327, 460, 307, 333, 25, 321, 273]","[515, 628, 257, 286, 50]","[260, 332, 255, 321, 7]"
413,"[100, 310, 300, 272, 346, 258, 302, 690, 340, 886, 288, 324, 313, 895, 11, 433, 270]","[264, 294, 678, 260, 301, 325, 343, 748]","[346, 313, 690, 300, 258]","[264, 260, 301, 678, 294]"
415,"[125, 724, 250, 356, 578, 69, 272, 210, 761, 277, 226, 1147, 234, 56, 134, 304, 220, 49, 866, 895, 770, 294, 427, 178, 327, 107, 1503, 479, 399, 405, 842, 568, 51, 506, 284, 71, 117, 959, 332, 64, 174, 301, 246, 230, 54, 287, 607, 936, 22, 1012, 213, 966, 202, 168, 501, 549, 258, 288, 652, 723, 480, 929, 217, 496, 1007, 385, 176, 204, 328, 123, 366, 443, 423, 708, 126, 155, 197, 747, 402, 11, 297, 82, 531, 339, 83, 633, 142, 739, 77, 317, 14, 1400, 93, 196, 515, 692, 750, 790, 81, 241, 331, 845, 1074, 283, 347, 1426, 268, 367, 219, 746, 346, 915, 25, 710, 144, 393, 468, 684, 13, 67, 248, 917, 972, 12, 588, 354, 326, 156, 627, 87, 720, 812, 98, 70, 576, 357, 58, 462, 143, 140, 775, 526, 416, 242, 827, 298, 689, 403, 194, 251, 1516, 591, 9, 469, 286, 918, 1, 127, 1217, 628, 433, 980, 1540, 1160, 275, 313, 564, 199, 121, 50, 498, 161, 763, 712, 658, 7, 195, 660, 821, 1016, 748, 662, 538, 24, 185, 209, 419, 651, 181, 676, 319, 44, 471, 239, 31, 187, 431, 333, 1262, 754, 463, 472, 27, 425, 281, 713, 686, 476, 840, 28, 707, 815, 1058, 211, 794, 955, 172, 781, 97, 200, 216, 66, 500, 99, 807, 1053, 792, 619, 252, 65, 1020, 873, 318, 755, 735, 2, 8, 154, 295, 183, 378, 191, 729, 215, 182, 1264, 132, 136, 157, 699, 509, 418, 553, 625, 274, 657, 148, 1189, 614, 90, 451, 690, 238, 1221, 15, 447, 232, 1011, 1119, 550, 265, 164, 421, 898, 302, 742, 477, 942, 150, 491, 924, 282, 293, 415, 273, 510, 520, 269, 1152, 345, 173, 620, 4, 765, 727, 147, 1483, 255, 470, 223, 1136, 303, 603, 1286, 1168, 124, 732, 535, 96, 392, 111, 184, 655, 100, 1133, 310, 300, 659, 291, 1594, 79, 153]","[874, 348, 1188, 43, 1035, 1098, 417, 738, 532, 32, 404, 721, 475, 768, 1517, 546, 819, 1407, 975, 92, 833, 941, 41, 1092, 266, 734, 254, 1478, 85, 10, 106, 928, 1521, 560, 1089, 930, 338, 997, 53, 1041, 1139, 1495, 259, 105, 276, 1091, 55, 554, 289, 1037, 21, 1336, 257, 682, 225, 329, 94, 785, 158, 783, 931, 879, 452, 448, 473, 916, 985, 264, 316, 249, 865, 388, 795, 245, 237, 1300, 934, 1051, 585, 559, 432, 1048, 824, 864, 307, 678, 1014, 1226, 203, 375, 937, 762, 696, 88, 29, 36, 312, 364, 778, 1220, 1132, 396, 685, 73, 137, 369, 717, 1054, 86, 1441, 737, 395, 834, 990, 1469, 42, 843, 849, 322, 401, 412, 133, 592, 159, 693, 1135, 315, 411, 253, 285, 1428, 240, 38, 938, 1077, 323, 803, 151, 353, 542, 846, 118, 791, 72, 311, 179, 80, 875, 103, 218, 571, 869, 631, 1337, 235, 78, 278, 597, 420, 387, 926, 624, 330, 544, 1229, 231, 122, 17, 95, 680, 305]","[121, 211, 136, 319, 498]","[1048, 80, 245, 834, 137]"
416,"[3, 147, 83, 423, 710, 42, 159, 12, 67, 196, 1023, 64, 403, 1135, 99, 132, 725, 195, 207, 11, 98, 425, 127, 1047, 200, 131, 250, 431, 692, 1014, 176, 484, 421, 748, 655, 638, 81, 727, 217, 201, 184, 792, 475, 419, 483, 778, 1000, 774, 293, 70, 56, 154, 118, 198, 562, 89, 72, 286, 65, 157, 474, 245, 385, 1, 248, 214, 183, 518, 1157, 746, 1183, 815, 326, 963, 173, 15, 384, 825, 642, 395, 944, 402, 186, 513, 97, 625, 433, 559, 258, 357, 946, 393, 498, 202, 234, 95, 1086, 80, 451, 168, 5, 465, 640, 290, 190, 223, 294, 55, 82, 1016, 444, 179, 796, 125, 246, 420, 182, 211, 723, 17, 732, 231, 203, 780, 506, 268, 180, 163, 515, 651, 188, 418, 151, 537, 134, 117, 238, 209, 191, 153, 365]","[781, 597, 1095, 551, 120, 578, 1044, 658, 552, 135, 208, 631, 747, 235, 588, 436, 742, 684, 1036, 979, 1209, 32, 226, 636, 563, 47, 29, 544, 541, 1039, 628, 614, 545, 762, 23, 769, 1550, 77, 139, 1028, 422, 449, 550, 1119, 765, 169, 358, 928, 392, 101, 7, 1215, 1018, 178, 441, 382, 508, 715, 242, 871, 428, 764, 1139, 728, 1207, 561, 1232, 1041, 1446, 679, 708, 20, 123, 273, 206, 265, 16, 367, 1182, 255, 39, 485, 665, 270, 943, 461, 1210, 579, 685, 325, 386, 68, 222, 181, 324, 323, 380, 340, 1247, 391, 174, 218, 73, 855, 555, 144, 27, 616, 396, 58, 50, 758, 999, 472, 669, 674, 167, 91, 264, 96, 800, 145, 797, 404, 1228, 69, 13, 388, 298, 709, 288, 24, 923, 62, 940, 364, 51, 257, 582, 849, 1011, 399, 63, 122, 827, 1416, 106, 895, 1040, 831, 44, 142, 219, 232, 804, 546, 216, 78, 109, 1091, 809, 1288, 574, 447, 1539, 100, 260, 413, 452, 783, 767, 373, 1090, 79, 810, 501, 668, 164, 162, 252, 172, 596, 171, 228, 156, 90, 1057, 322, 1230, 343, 4, 185, 411, 993, 49, 713, 743, 40, 161, 779, 230, 663, 405, 210, 450, 212, 111, 771, 823, 576, 25, 94, 121, 818, 141, 158, 66, 1411, 102, 496, 549, 568, 473, 302]","[498, 64, 188, 214, 238]","[380, 50, 551, 849, 636]"
417,"[304, 269, 258, 899, 288, 895, 333]","[362, 313, 301, 344, 331, 302, 315, 346, 750, 327, 328, 300, 1313]","[258, 895, 899, 333, 304]","[328, 327, 362, 301, 331]"
418,"[1451, 705, 173, 488, 306, 286, 223, 514, 257, 181, 134, 617, 14, 478, 615, 604, 100, 79, 50, 275, 191, 174, 1, 69, 197, 300, 269]","[89, 405, 212, 28, 494]","[181, 604, 69, 615, 300]","[494, 405, 89, 212, 28]"
419,"[283, 302, 137, 319, 753, 275, 251, 475, 408, 116, 100, 603, 750, 513, 14, 86, 484, 190, 124, 127, 855, 286, 690, 179, 285, 547]","[331, 19, 288, 508, 478, 301, 270, 173, 1347, 493]","[319, 86, 475, 408, 14]","[1347, 301, 478, 19, 493]"
420,"[474, 443, 156, 124, 915, 194, 238, 657, 89, 466, 182, 516, 174, 302, 176, 117, 56, 87, 333, 164, 674, 234, 96, 185, 12, 100, 82, 50, 144, 603, 183, 129, 127, 187, 879, 172, 709, 218, 98, 525, 79, 427, 498]","[200, 517, 7, 11, 914, 213, 175, 4, 448, 672, 219, 653, 197, 331, 208, 269, 423, 173, 509]","[302, 443, 466, 89, 172]","[213, 219, 914, 208, 423]"
421,"[671, 922, 184, 919, 854, 258, 126, 1017, 273, 276, 200, 477, 100, 448, 50, 181, 410, 222, 324, 53, 250, 515, 558, 127, 1187, 201, 257, 307, 334, 93, 98, 665, 1007, 286, 129, 396, 151, 475, 275, 137, 219, 447, 185, 237, 333, 218, 234, 441, 267]","[109, 559, 325, 926, 379, 1, 358, 270, 15, 293, 217, 235, 590, 682, 327, 1199, 370, 742, 760, 124, 288, 458, 551, 436, 287, 260, 452, 294, 326, 561, 672, 299, 5, 867, 670, 117, 248, 773, 567, 302, 859, 717, 295, 563, 339, 271, 323, 7]","[126, 1187, 665, 447, 475]","[859, 370, 1, 7, 287]"
422,"[744, 237, 315, 272, 258, 1134, 15, 898, 304, 1265, 276, 326, 690, 9, 689, 628, 313, 302, 754, 340, 924, 245, 344, 591, 286, 282, 127, 750, 293, 620, 316, 100, 887, 10, 292, 508]","[310, 323, 269, 348, 300, 355, 333, 1011, 977, 327, 347, 751, 328, 696, 148, 546, 1238, 471, 125, 299, 329, 823, 748, 322, 678, 307, 879, 339]","[237, 9, 316, 282, 276]","[310, 471, 327, 299, 300]"
423,"[1346, 25, 9, 294, 14, 275, 243, 289, 127, 323, 427, 333, 538, 740, 1084, 15, 100, 286, 990, 840, 304, 292]","[261, 989, 683, 689, 172, 310, 288, 681, 50, 435, 151, 115, 1, 882, 508, 276, 969, 690, 688, 259, 258, 300]","[304, 740, 427, 286, 840]","[689, 508, 690, 115, 258]"
424,"[271, 227, 39, 475, 172, 250, 56, 429, 273, 53, 222, 288, 204, 298, 302, 156, 68, 529, 17, 55, 327, 98, 474, 230, 853, 943, 198, 307, 144, 340, 127, 1434, 272, 357, 346, 79, 636, 358, 180, 550, 895, 100, 62, 316, 195, 200, 121, 168, 12, 92, 184, 854, 301, 181, 96, 64, 89, 228, 743, 334, 269, 403, 50, 4, 33, 293, 347]","[424, 748, 191, 185, 318, 183, 825, 38, 323, 83, 313, 759, 281, 259, 210, 1314, 322, 448, 324, 177, 678, 690, 491, 241, 447, 379, 363, 257, 7, 252, 515, 751, 877, 32, 675, 583, 22, 841, 286, 445, 1464, 679, 562, 597, 325, 1597, 229, 244, 590, 176, 187, 1596, 566, 670, 232, 1089, 831, 147, 207, 576, 178, 1419, 338, 305, 1016, 201, 568, 219, 289, 452, 218, 333, 145, 24, 117, 689, 823, 310, 171, 573, 231, 1, 750, 686, 209, 1595, 188, 2, 385, 538, 669, 234, 520, 118, 398, 362, 124, 976, 174, 343, 82, 540, 912, 355, 879, 522, 265, 546, 190, 217, 1110, 898, 5, 1416, 294, 319, 443, 672, 233, 1222, 157, 326, 1013, 435, 11, 1129, 161, 258, 455, 27, 684, 300, 97, 827, 70, 1188, 405]","[181, 346, 316, 156, 204]","[323, 310, 187, 201, 229]"
425,"[480, 603, 493, 504, 1116, 608, 633, 614, 211, 429, 526, 199, 651, 848, 606, 505, 478, 191, 132, 490, 510, 525, 605, 318, 1204, 524, 1064, 492, 616, 673, 657, 610, 98, 607, 332, 194, 655, 488, 185, 208, 99, 134, 1451, 511, 654, 427, 197, 50, 705, 23, 483, 133, 491, 178, 474, 196, 653, 1020, 205, 663, 100, 519, 482, 484, 136, 661, 659, 489, 671, 641, 481]","[486, 430, 182, 527, 428, 418, 754, 613, 494, 835, 435, 174, 601, 836, 204, 1079, 135, 648, 168, 631, 200, 432, 646, 609, 143, 968, 404, 617, 496, 289]","[655, 474, 653, 607, 478]","[527, 646, 617, 1079, 204]"
427,"[307, 690, 340, 316, 875, 332, 750, 313, 301, 289, 908, 331, 896, 879, 877, 300, 243, 272, 312, 334, 347, 538, 350, 338, 268, 1024, 1313, 259, 322, 886, 294, 315, 894, 302, 754, 352, 288, 242, 245, 892, 310, 269, 751, 749]","[343, 988, 323, 329, 305, 344, 326, 1280, 271, 286, 303]","[302, 294, 307, 1313, 750]","[303, 343, 329, 323, 326]"
428,"[64, 86, 511, 1016, 735, 709, 431, 97, 693, 318, 1039, 427, 197, 1136, 967, 744, 423, 710, 273, 144, 499, 162, 219, 467, 410, 127, 208, 153, 32, 193, 611, 56, 134, 436, 170, 89, 1203, 403, 705, 15, 291, 195, 570, 549, 211, 124, 166, 165, 216, 258, 137, 184, 164, 93, 762, 531, 185, 12, 47, 602, 223, 428, 55, 168, 151, 505, 702, 83, 763, 157, 238, 404, 186, 85, 150, 248, 732, 679, 58, 508, 265, 209, 188, 117, 387, 276, 69, 275, 1011, 652, 183, 475, 484, 22, 845, 298, 96, 114, 631, 742, 123, 82, 23, 527, 52, 210, 202, 181, 90, 496, 4, 249, 537, 432, 79, 419, 178, 232, 70, 654, 207, 584, 493, 435, 642, 50, 190, 603, 480, 191, 92, 340, 684, 174, 172, 430, 101, 277, 483, 203, 163, 470, 1118, 972, 1020, 257, 196, 530, 234, 510, 25, 469, 506, 204, 100, 789, 529, 1101, 443, 1301, 412, 136, 42, 173, 498, 293, 180, 357, 98, 507, 737, 651, 936, 177, 11, 528, 462, 663, 939, 194, 156, 182, 479, 129, 222, 199]","[73, 1222, 495, 628, 45, 1119, 371, 491, 941, 633, 1113, 944, 635, 109, 1296, 133, 321, 1425, 455, 1224, 1028, 26, 464, 229, 1545, 636, 1285, 747, 282, 415, 569, 1014, 806, 794, 568, 24, 128, 367, 826, 820, 1443, 640, 1035, 550, 481, 140, 201, 1079, 280, 1010, 504, 625, 673, 485, 31, 392, 1217, 692, 591, 1017, 264, 179, 1033, 448, 77, 366, 805, 457, 755, 581, 81, 578, 382, 1110, 520, 546, 48, 161, 768, 132, 535, 3, 356, 627, 441, 686, 154, 62, 225, 218, 283, 143, 274, 365, 833, 159, 502, 301, 671, 250, 761, 780, 662, 1418, 290, 95, 91, 2, 118, 319, 629, 500, 566, 1048, 233, 804, 53, 658, 1, 385, 68, 921, 708, 237, 418, 405, 700, 338, 281, 1218, 393, 726, 21, 482, 141, 468, 961, 1071, 928, 66, 559, 288, 466, 7, 63, 1209, 1089, 1228, 655, 87, 378, 756, 847, 729, 214, 411, 88, 28, 433, 473, 72, 672, 8, 514, 665, 99, 65, 200, 843, 786, 587, 39, 1076, 111, 167, 596, 147, 227, 155, 381, 582, 616, 176, 226, 1220, 228, 772, 358, 999, 307, 816, 1109, 380, 637, 425, 808, 235, 231, 284, 192, 685, 121, 1074, 1139, 1133, 607, 746, 230, 697, 241, 739, 540, 562, 300, 583, 796, 80, 71, 1112, 44, 1438, 778, 472, 1012, 217, 440, 409, 1018]","[483, 92, 101, 387, 527]","[578, 535, 583, 627, 365]"
429,"[10, 527, 656, 129, 237, 234, 436, 273, 288, 1347, 302, 221, 286, 12, 98, 100, 124, 514, 222, 56, 50, 515, 165, 328, 181, 318, 258, 674, 19, 152, 528, 1375, 523, 168, 151, 303, 297, 64, 127]","[253, 547, 744, 9, 293, 264, 117, 164, 1240, 628, 1007, 294, 462, 276, 248, 42, 137, 101, 300, 148, 121, 235, 748, 123, 298, 7]","[523, 258, 234, 221, 10]","[744, 300, 137, 1240, 9]"
430,"[286, 748, 538, 322, 300, 245, 294, 328, 303]","[879, 323, 988, 754, 307, 358, 327, 689, 302, 690, 269, 332]","[328, 300, 538, 303, 245]","[988, 327, 332, 879, 754]"
431,"[222, 620, 742, 111, 237, 50, 1047, 118, 405, 246, 151, 763, 315, 410, 258, 150, 844, 181, 508, 121, 678, 117, 257, 294, 249, 300, 276, 628, 284, 845, 248, 15, 288, 282, 313, 475, 293, 1012, 255]","[295, 411, 274, 546, 250, 871, 123, 1016, 1049, 322, 100, 108, 24, 3, 864, 471, 815, 7, 1, 93, 109, 827, 298]","[845, 150, 300, 294, 284]","[1049, 322, 3, 815, 1]"
432,"[302, 173, 50, 748, 657, 60, 194, 59, 12, 1005, 435, 507, 174, 303, 919, 246, 276, 269, 286, 137]","[325, 682, 690, 333, 1598, 294, 322, 754, 95, 268, 340, 474, 326, 273, 323, 293, 358, 205, 457, 245, 300]","[194, 137, 435, 302, 12]","[682, 273, 323, 294, 358]"
433,"[815, 369, 546, 121, 220, 125, 1095, 833, 763, 1152, 237, 975, 477, 111, 928, 274, 151, 287, 225, 476, 288, 974, 118, 411, 1, 1197]","[1060, 406, 275, 756, 1051, 844, 147, 148, 9, 347, 819, 7, 471, 743, 283, 628, 15, 424]","[476, 477, 546, 763, 225]","[844, 424, 628, 1051, 1060]"
434,"[299, 462, 746, 115, 652, 217, 234, 386, 4, 628, 273, 160, 188, 173, 185, 343, 410, 1039, 171, 381, 184, 313, 82, 52, 50, 226, 257, 136, 403, 190, 90, 186, 800, 11, 659, 174, 86, 792, 154, 85, 751, 1401, 175, 200, 49, 54, 294, 157, 1044, 710, 21, 196, 637, 834, 357, 786, 72, 109, 713, 1103, 385, 211, 762, 318, 436, 520, 451, 697, 23, 168, 732, 433, 228, 12, 199, 67, 183, 246, 89, 588, 24, 176, 684, 546, 9, 227, 214, 358, 394, 68, 152, 258, 195, 31, 566, 239, 69, 159, 182, 206, 1268, 156, 748, 172, 250, 219, 7, 640, 187, 541, 83, 562, 331, 45, 64, 191, 578, 1, 25, 96, 307, 790, 22, 1016, 1240, 291, 496, 144, 721, 527, 179, 298, 91, 203, 919, 127, 210, 268, 609, 1069, 636, 56, 181, 2, 420, 194, 271, 405, 202, 778, 249, 288, 55, 235, 10, 79, 169, 596, 177, 742, 208, 98, 430, 201, 709, 763]","[780, 240, 380, 431, 1034, 443, 693, 756, 141, 1028, 1217, 252, 675, 760, 554, 696, 576, 434, 729, 216, 465, 929, 597, 204, 587, 382, 616, 1109, 63, 225, 841, 123, 245, 300, 550, 254, 1419, 73, 542, 674, 367, 943, 40, 215, 135, 376, 5, 153, 62, 284, 423, 161, 1074, 118, 27, 354, 338, 128, 38, 1133, 672, 255, 351, 111, 470, 1204, 402, 80, 474, 1231, 473, 961, 151, 290, 413, 42, 327, 584, 715, 825, 752, 122, 148, 260, 95, 317, 435, 229, 797, 1228, 164, 826, 831, 132, 455, 895, 717, 1128, 944, 392, 404, 167, 924, 121, 163, 845, 1215, 117, 1225, 890, 577, 162, 15, 105, 3, 29, 1411, 673, 720, 977, 448, 625, 631, 862, 1061, 569, 81, 561, 568, 983, 424, 125, 218, 393, 100, 743, 399, 573, 567, 821, 222, 1151, 264, 1047, 1185, 411, 384, 71, 28, 679, 321, 926, 781, 369, 108, 476, 665, 572, 885, 447, 230, 928, 1291, 571, 820, 655, 649, 265, 58, 44, 687, 1014, 427, 401, 768, 1552, 824, 33, 685, 549, 76, 39, 472, 501, 193, 479, 444, 17, 930, 412, 658, 53, 755, 406, 139, 432, 946, 818, 155, 953, 627, 585, 101, 559, 333, 8, 366, 722, 409, 603, 441, 635, 84]","[187, 171, 659, 115, 169]","[679, 501, 953, 946, 42]"
435,"[161, 73, 411, 454, 658, 433, 503, 742, 226, 845, 157, 66, 787, 215, 98, 537, 715, 102, 127, 392, 895, 746, 1119, 739, 96, 504, 642, 125, 288, 276, 794, 159, 381, 821, 347, 761, 1468, 287, 581, 1135, 218, 219, 568, 216, 762, 595, 649, 47, 313, 660, 655, 628, 95, 974, 559, 367, 65, 111, 182, 1058, 83, 710, 23, 763, 217, 327, 340, 204, 1028, 506, 1053, 72, 435, 423, 348, 925, 50, 747, 470, 941, 693, 144, 869, 507, 928, 273, 425, 11, 187, 550, 856, 468]","[238, 174, 132, 133, 1206, 1522, 546, 1061, 90, 447, 168, 200, 325, 400, 1178, 172, 179, 39, 21, 553, 708, 721, 723, 186, 26, 785, 92, 1048, 585, 748, 265, 441, 38, 790, 43, 1227, 99, 81, 239, 840, 167, 278, 264, 469, 986, 143, 1248, 1489, 592, 427, 234, 1263, 635]","[794, 11, 367, 433, 649]","[26, 238, 43, 38, 325]"
436,"[165, 1121, 708, 419, 14, 655, 173, 86, 239, 197, 1113, 451, 652, 1153, 499, 423, 166, 214, 50, 658, 485, 65, 501, 710, 663, 479, 162, 191, 98, 213, 131, 969, 1134, 404, 1211, 483, 517, 133, 484, 216, 473, 276, 747, 124, 211, 657, 746, 781, 132, 208, 794, 58, 381, 480, 421, 748, 1075, 654, 179, 512, 1007, 12, 134, 607, 660, 497, 732, 95, 651, 1161, 47, 582, 736, 151, 1148, 83, 181, 463, 234, 99, 447, 137, 753, 154, 56, 238, 185, 482, 1036, 603, 955, 180, 207, 1599, 275, 843, 699, 496, 204, 318, 614, 428, 143, 514, 705, 692, 842, 77, 709, 30, 174, 697, 521, 378, 507, 478, 436, 237, 292, 1206, 79, 170, 415, 425, 221, 13, 1063, 606, 511, 94, 443, 172, 417, 716, 200, 153, 1267, 15, 23, 961, 1142, 476, 196, 100, 8, 249, 152, 401, 202, 319, 135, 462]","[1404, 190, 1262, 755, 665, 640, 584, 418, 696, 118, 727, 5, 283, 683, 89, 433, 466, 393, 737, 229, 88, 69, 518, 581, 218, 168, 97, 42, 217, 674, 91, 684, 672, 1090, 144, 155, 287, 301, 1039, 116, 11, 254, 566, 70, 778, 730, 183, 387, 288, 51, 770, 244, 212, 281, 642, 90, 265, 946, 176, 28, 588, 702, 161, 1227, 286, 739, 1098, 812, 402, 707, 87, 412, 219, 435, 523, 82, 698, 111, 186, 1091, 195, 629, 432, 450, 145, 559, 253, 583, 721, 101, 71, 26, 121, 203, 1006, 52, 475, 189, 139, 182, 226, 156, 117, 602, 420, 129, 215, 248, 558, 210, 66]","[124, 843, 736, 1599, 181]","[26, 629, 1227, 402, 116]"
437,"[476, 15, 50, 9, 321, 269, 237, 121, 181, 118, 866, 280, 845, 100, 255, 220, 471, 245, 815, 1, 281, 148, 257, 301, 619, 300, 252, 282]","[1028, 286, 21, 864, 284]","[301, 245, 1, 845, 220]","[286, 864, 1028, 284, 21]"
438,"[14, 242, 257, 405, 93, 1048, 300, 237, 147, 285, 246, 7, 591, 1328, 276, 290, 268, 1600]","[125, 13, 282, 288, 475, 895, 273, 240, 293, 121, 301, 100, 307]","[242, 276, 290, 246, 147]","[273, 121, 307, 125, 100]"
439,"[690, 886, 1038, 1073, 1504, 283, 515, 971, 271, 937, 921, 1191, 171, 86, 1591, 750, 313, 1105, 350, 1194, 70, 904, 198, 736, 1265, 329, 312, 242, 272, 361, 923, 57, 324, 883, 462, 258, 245, 304, 213]","[512, 323, 751, 319, 243, 582, 328, 988, 300, 310, 340, 749]","[242, 1073, 904, 283, 258]","[340, 310, 243, 751, 749]"
440,"[9, 751, 117, 1, 294, 342, 121, 7, 313, 338, 282]","[25, 15, 288, 259, 683, 405, 538, 100, 300]","[751, 294, 342, 313, 9]","[100, 15, 259, 25, 288]"
441,"[182, 98, 41, 129, 636, 159, 168, 42, 943, 710, 403, 156, 628, 12, 1098, 318, 177, 56, 17, 273, 695, 276, 186, 635, 288, 174, 7, 144, 11, 234, 209, 64, 176, 154, 195, 228, 410, 150, 433, 268, 89, 1170, 181, 470, 172, 92, 96]","[401, 385, 31, 54, 554, 14, 39, 229, 452, 559, 578, 572, 38, 29, 591, 22, 834, 184, 230, 873, 546, 79, 44, 26, 342, 286, 780, 569, 350, 82, 685, 1067, 482, 1183, 800, 210, 281, 665, 53, 226, 810, 684, 67, 672, 161, 550, 100, 508, 203, 975, 367, 240, 449, 1218, 27, 117, 33, 217, 231, 294, 746, 219, 576, 1188, 62, 204, 55, 979, 769, 988, 68, 436, 222, 859, 153, 447, 188, 227, 218, 121, 69, 1074, 313, 77, 871, 928, 986, 164, 441, 239, 738, 742, 405, 450, 2, 90]","[433, 154, 710, 276, 64]","[834, 281, 665, 27, 203]"
442,"[271, 258, 327, 286, 340, 12, 343, 309, 313, 294, 333, 748]","[323, 644, 678, 687, 358, 260, 175, 269, 307, 948, 39, 245]","[258, 343, 333, 748, 309]","[245, 307, 358, 644, 175]"
443,"[50, 751, 906, 300, 100, 912, 515, 313, 251, 275, 9, 245, 306, 328, 272, 269]","[916, 1483, 678, 271, 748, 258, 307, 286]","[515, 275, 313, 9, 269]","[748, 916, 286, 307, 271]"
444,"[1591, 475, 209, 959, 405, 174, 28, 346, 340, 79, 1143, 96, 1129, 902, 56, 151]","[597, 195, 410, 823, 628, 919, 204, 408, 123, 12, 763, 1245, 291, 121, 246, 50, 886, 150, 1187, 504, 87, 845, 829, 479, 844, 295, 480, 117, 248, 831, 1277, 147, 64, 1528, 881, 748, 313, 871, 544, 325, 595, 235, 908, 293, 23, 221, 310, 603, 1252, 276, 895, 324, 1601, 742, 1010, 100, 1598, 268, 55, 203, 273, 333, 9, 245, 7, 118, 762, 1097, 144, 237, 1012, 818, 208, 1008, 127, 752, 591, 181, 330, 840, 744, 1011, 1199, 644, 1081, 689, 302, 979, 460, 1014, 1051, 433, 1047, 289, 300, 257, 274, 298, 281, 327, 272, 546, 288, 508, 994, 1534, 249, 343, 93, 1067, 879, 1378, 271, 933, 1009, 1016, 183, 458, 1]","[475, 151, 902, 959, 174]","[245, 1016, 1067, 1245, 433]"
445,"[269, 270, 302, 292, 887, 245, 321]","[332, 748, 883, 294, 880, 326, 311, 288, 888, 303, 328, 754, 688, 690, 334, 286, 301, 359, 327, 306, 268, 307, 879, 289, 338, 322, 300, 340, 299]","[302, 887, 245, 292, 321]","[690, 311, 286, 879, 338]"
446,"[121, 218, 69, 544, 148, 234, 100, 68, 300, 206, 760, 180, 91, 288, 133, 174, 591, 7, 183, 135, 258, 117, 642, 484, 483, 85, 963, 435, 204, 248, 147, 470, 89, 31, 150, 157, 176, 153, 96, 1142, 284, 469, 11, 144, 209, 298, 498, 98, 28, 56, 156, 1326, 293, 55, 1315, 233, 582, 290, 294, 13, 737, 228, 12, 25, 276, 535, 118, 1009, 223, 83, 181, 50, 471, 22, 265, 211, 952, 132, 237, 282]","[1034, 70, 823, 879, 252, 9, 748, 151, 231, 5, 678, 286, 111, 281, 447, 845, 405, 1132, 926, 1, 65, 981, 17, 1028, 1046, 742, 158, 597, 559, 367, 27, 1048, 815, 260, 629, 123, 222, 1016, 546, 866, 410, 227, 15, 257, 278, 200, 79, 201, 235, 175, 716, 274, 508, 411, 202, 24, 762, 474, 770]","[760, 952, 13, 100, 55]","[235, 202, 70, 222, 227]"
447,"[360, 262, 269, 292, 303, 884, 896, 750, 321, 340, 1602, 305, 902, 344, 271, 345, 319, 302, 258, 1062, 1022, 270]","[1294, 268, 316, 900, 338, 304, 333, 1176, 887, 286, 307, 301, 327, 874, 288, 312]","[271, 884, 360, 1062, 270]","[316, 286, 327, 887, 301]"
448,"[971, 381, 137, 286, 1009, 1194, 224, 212, 293, 171, 1006, 276, 127, 170, 273, 702, 558, 753, 1367, 459, 179, 15, 244, 1372, 1404, 9, 1195, 269, 61, 59, 100, 936, 1142, 337, 248, 285, 1011, 1073, 60, 640, 475, 639, 462, 515, 86, 1005, 1010, 70, 198, 593]","[291, 282, 122, 1318, 546, 117, 105, 410, 473, 118, 983, 748, 310, 742, 763, 251, 288, 14, 544, 268, 274, 106, 213, 333, 120]","[971, 702, 1367, 276, 475]","[410, 310, 1318, 291, 105]"
449,"[470, 1147, 100, 142, 801, 216, 162, 144, 462, 739, 1269, 179, 38, 659, 1160, 566, 496, 387, 265, 1226, 183, 194, 902, 1263, 64, 942, 467, 1212, 97, 143, 583, 480, 561, 487, 2, 237, 39, 708, 495, 518, 110, 660, 152, 304, 520, 604, 642, 211, 847, 1446, 204, 904, 281, 526, 139, 523, 685, 478, 177, 742, 1044, 509, 89, 238, 837, 49, 176, 729, 70, 174, 1047, 477, 419, 582, 270, 7, 155, 12, 774, 488, 301, 468, 650, 1, 1020, 923, 1152, 101, 1050, 94, 272, 629, 225, 402, 736, 707, 613, 465, 747, 493, 10, 514, 1041, 451, 418, 611, 258, 905, 502, 792, 131, 56, 1192, 203, 193, 612, 99, 607, 127, 428, 378, 294, 469, 208, 290, 632, 663, 132, 751, 1039, 967, 472, 474, 482, 1261, 614, 92, 591, 385, 282, 305, 275, 195, 153, 865, 199, 311, 315, 357, 1172, 1401, 354, 54, 241, 207, 550, 637, 340, 506, 313, 1221, 692, 66, 647, 192, 136, 610, 507, 490, 510, 164, 735, 245, 842, 714, 302, 430, 1425, 686, 775, 312, 205, 81, 77, 921, 965, 26, 651, 1444, 98, 956, 185, 448, 169, 1153, 328, 421, 182, 163, 83, 187, 471, 239, 497, 966, 527, 274, 380, 316, 166, 125, 393, 845, 609, 1091, 1220, 79, 278, 969, 1248, 191, 455, 197, 86, 432, 287, 807, 51, 606, 1435, 761, 479, 705, 622, 90, 500, 202, 427, 481, 936, 1028, 503, 716, 126, 280, 292, 869, 476, 443, 226, 939, 608, 631, 167, 431, 602, 648, 215, 900, 657, 88, 117, 655, 269, 180, 794, 951, 568, 28, 633, 87, 168, 1303, 332, 3, 717, 557, 218, 499, 173, 161, 1119, 229, 416, 417, 505, 528, 570, 1115, 196, 133, 620, 310, 618, 300, 114, 511, 435, 748, 727, 926, 749, 284, 318, 968, 501, 307, 662, 96, 389, 50, 347, 230, 372, 181, 190, 102, 403, 221, 23, 43, 172, 386, 776, 519, 866, 33, 702, 1135, 485, 492, 1311, 1107, 588, 546, 392, 597, 213, 489, 696, 220, 812, 1297, 322, 111, 286, 724, 722, 616, 91, 699, 603, 61, 11, 423, 781, 521, 151, 59, 69, 1518, 405, 232, 504, 63, 628, 22, 356, 1421, 228, 170, 1126, 516, 1061, 399, 178, 584, 654]","[783, 58, 785, 384, 252, 679, 908, 1037, 1036, 762, 846, 778, 815, 400, 382, 1203, 710, 494, 559, 1092, 200, 367, 553, 29, 15, 65, 434, 1184, 728, 723, 689, 383, 145, 401, 157, 771, 288, 95, 154, 712, 227, 1222, 395, 60, 123, 13, 1479, 673, 940, 158, 1054, 134, 1030, 878, 1603, 765, 700, 928, 589, 873, 299, 381, 231, 484, 1033, 433, 1140, 790, 371, 558, 1402, 414, 283, 80, 222, 549, 35, 135, 4, 121, 1286, 525, 1048, 934, 71, 233, 141, 491, 1441, 661, 264, 731, 823, 535, 1208, 1271, 1116, 277, 67, 821, 709, 396, 530, 73, 112, 82, 373, 422, 832, 693, 1521, 1053, 715, 254, 210, 1163, 1282, 630, 223, 704, 483, 1284, 713, 188, 627, 336, 235, 734, 671, 345, 741, 118, 273, 76, 750, 1249, 260, 1197, 78, 619, 214, 571, 725, 457, 259, 44, 47, 601, 186, 498, 140, 756, 1112, 366, 415, 795, 25, 1480, 234, 732, 388, 1490]","[685, 965, 696, 127, 520]","[188, 1053, 732, 1197, 1163]"
450,"[323, 294, 300, 243, 322, 331, 260, 984, 682, 270, 332, 937, 690, 336, 881, 288, 301, 333, 259, 877, 1265, 328, 1022, 329, 938, 879, 874, 307, 327, 335, 326, 886, 678, 324, 873, 748, 258, 876]","[289, 269, 882, 872, 360, 262, 683, 264, 319, 1392, 875, 457, 303, 749, 1393, 1296, 292, 1025, 299, 995, 242, 308, 687, 688, 1394, 1026, 337, 883, 263, 989, 680, 880, 286, 268, 305, 359, 884, 991, 325, 1280, 330, 1395, 681, 334, 988, 261, 878, 302, 306, 304, 358, 1295, 948, 887, 1038, 321, 885, 990, 245, 266]","[881, 886, 294, 243, 335]","[306, 245, 872, 884, 264]"
451,"[495, 191, 27, 89, 121, 69, 609, 805, 185, 597, 173, 792, 488, 971, 269, 171, 498, 483, 207, 1427, 684, 161, 97, 494, 648, 79, 491, 513, 243, 660, 531, 8, 168, 419, 636, 924, 510, 482, 188, 174, 286, 479, 170, 443, 64, 404, 427, 465, 490, 603, 423, 48, 154, 631, 947, 318, 156, 863, 659, 418, 180, 518, 66, 136, 197, 22, 194, 462, 181, 124, 86, 163, 496, 509, 7, 183, 45, 461, 856, 127, 472, 195, 70, 492, 526, 100, 607, 385, 945, 179, 481, 199, 50, 661, 15, 275, 153, 196, 515, 825, 1204, 76, 480, 164, 528, 172, 223, 210, 213, 98]","[25, 523, 1109, 152, 134, 736, 435, 641, 61, 506, 276, 201, 186, 502, 467, 1534, 14, 420, 554, 96, 216, 588, 203, 234, 517, 204, 458, 259, 614, 162, 60, 969, 99, 1089, 294, 111, 143, 485, 874, 187, 455, 624, 654, 1403, 430, 245, 432, 781, 211, 521, 780, 62, 73, 212, 615, 88, 202, 135, 729, 1383, 384, 52, 371, 58, 132, 530, 237, 815, 1013, 576, 663, 842, 83, 514, 501, 82, 23, 1057, 504, 625, 102, 265, 475, 474, 1255, 94, 520, 516, 527, 290, 288, 285, 77, 71, 456, 1410]","[163, 609, 89, 199, 213]","[588, 134, 554, 523, 211]"
452,"[421, 98, 248, 246, 697, 73, 7, 42, 188, 33, 11, 117, 172, 100, 268, 17, 276, 288, 68, 298, 156, 651, 174, 721, 471, 475, 50, 963, 69, 3, 509, 318, 157, 357, 210, 168, 223, 238, 1016, 258, 186, 12, 24, 94, 496, 22, 959, 410, 181, 693, 48, 196, 184, 423, 204, 515, 4, 354, 508, 750, 273, 790, 56, 282, 763, 237, 272, 202, 144, 55, 403, 67, 25]","[1032, 125, 356, 1157, 566, 231, 456, 412, 568, 154, 233, 97, 578, 384, 427, 234, 59, 416, 239, 214, 424, 79, 586, 143, 385, 401, 393, 591, 367, 655, 1017, 742, 158, 1230, 975, 364, 93, 871, 53, 77, 552, 122, 1170, 9, 49, 164, 1273, 254, 80, 628, 369, 132, 684, 550, 476, 402, 717, 226, 453, 85, 215, 99, 826, 732, 780, 797, 120, 941, 575, 227, 1145, 257, 82, 451, 452, 1037, 151, 229, 1303, 90, 652, 781, 1079]","[750, 423, 508, 258, 410]","[717, 575, 1017, 871, 231]"
453,"[1063, 161, 487, 87, 479, 144, 315, 310, 174, 82, 88, 258, 257, 197, 100, 143, 651, 79, 50, 272, 326, 427, 568, 215, 96, 133, 250, 566, 210, 1107, 485, 97, 692, 496, 70, 318, 474, 58, 603, 28, 661, 118, 121, 316, 195, 419, 270, 191, 451, 520, 255, 69, 237, 879, 259, 528, 300, 526, 77, 22, 169, 293, 423, 204, 124, 279, 317, 66, 48, 480, 313, 367, 751, 8, 302, 732, 527, 64, 748]","[493, 182, 418, 633, 181, 484, 1299, 705, 286, 51, 164, 875, 1454, 945, 507, 378, 153, 607, 746, 245, 172, 173, 1003, 605, 519, 482, 196, 707, 323, 404, 234, 642, 11, 509, 1269, 686, 56, 736, 531, 631, 735, 490, 837, 685, 228, 203, 654, 248, 131, 434, 194, 655, 1, 12, 76, 968, 836, 277, 693, 740, 107, 357, 612, 356, 649, 454, 497, 1190, 73, 873, 478, 660, 435, 431, 414, 939, 211, 614, 89, 1035, 483, 289, 657, 1203, 392, 1105, 742, 694, 199, 162, 15, 134, 678, 659, 55, 185, 260, 956, 99, 961, 842, 98, 724, 385, 322, 114, 492, 117, 610, 193, 1126, 468, 136, 627, 465, 202, 222, 402, 283, 632, 972, 472, 312, 530, 147, 252, 471, 463, 285, 135, 238, 111, 486, 942, 371, 984, 498, 275, 687, 81, 611, 588, 95, 327, 606, 504, 604, 71, 988, 602, 511, 589, 387, 86, 132, 1089, 140]","[96, 28, 161, 257, 97]","[604, 482, 15, 736, 687]"
454,"[135, 293, 56, 343, 508, 647, 196, 161, 300, 173, 511, 2, 504, 204, 778, 257, 31, 126, 584, 277, 97, 428, 694, 174, 228, 515, 57, 402, 191, 223, 313, 265, 447, 939, 1, 197, 1197, 100, 518, 628, 275, 471, 475, 127, 9, 423, 64, 69, 747, 276, 270, 7, 241, 217, 98, 96, 1160, 95, 307, 549, 234, 118, 298, 660, 591, 8, 193, 449, 269, 121, 213, 147, 568, 435, 124, 50, 181, 550, 82, 200, 662, 942, 28, 183, 77, 463, 22, 372, 1167, 79, 172, 258, 286, 523, 164]","[629, 755, 282, 738, 724, 20, 334, 531, 214, 255, 597, 1174, 323, 582, 465, 70, 279, 321, 304, 529, 47, 692, 1137, 727, 222, 1265, 25, 245, 318, 898, 380, 24, 1034, 42, 317, 462, 65, 4, 58, 1136, 170, 288, 627, 1028, 405, 281, 301, 39, 125, 176, 87, 89, 71, 40, 678, 17, 934, 12, 709, 382, 292, 148, 393, 1171, 14, 252, 53, 289, 44, 237, 123, 1086, 455, 291, 144, 620, 230, 250, 239, 716, 15, 553, 924, 52, 770, 159, 581, 385, 744, 736, 11, 546, 117, 259]","[228, 942, 518, 265, 591]","[239, 44, 11, 292, 47]"
455,"[943, 662, 187, 708, 22, 963, 200, 3, 443, 479, 218, 68, 431, 498, 1478, 1019, 660, 177, 484, 1267, 57, 50, 1008, 69, 1168, 640, 168, 523, 61, 216, 92, 919, 60, 238, 721, 174, 170, 505, 42, 608, 410, 1324, 13, 432, 185, 508, 179, 959, 955, 1328, 95, 603, 490, 172, 922, 475, 346, 196, 211, 763, 135, 1010, 97, 53, 427, 268, 474, 357, 23, 419, 188, 180, 1059, 864, 506, 186, 582, 1547, 197, 1009, 32, 546, 125, 127, 1017, 1198, 461, 1081, 1134, 208, 433, 1020, 697, 952, 258, 485, 580, 747, 1107, 480, 289, 1604, 150, 56, 33, 772, 59, 214, 14, 483, 324, 1129]","[175, 715, 294, 448, 210, 274, 1248, 979, 568, 710, 447, 231, 80, 161, 1, 818, 737, 460, 933, 12, 423, 369, 673, 273, 985, 86, 222, 111, 581, 578, 462, 100, 449, 286, 133, 54, 1220, 101, 202, 282, 693, 743, 720, 1218, 182, 91, 696, 194, 325, 99, 228, 658, 71, 232, 806, 452, 672, 143, 226, 421, 845, 559, 9, 79, 1057, 121, 789, 234, 46, 414, 1222, 380, 181, 655, 366, 4, 403, 1240, 616, 395, 824, 382, 405, 98, 547, 550, 265, 402, 209, 544, 739, 367, 191, 1101, 588, 204, 94, 217, 1421, 793, 109, 1551, 129, 72, 229]","[433, 474, 1020, 258, 324]","[1101, 402, 202, 720, 789]"
456,"[182, 704, 636, 443, 192, 708, 366, 500, 527, 164, 58, 385, 156, 285, 825, 45, 79, 679, 53, 237, 727, 12, 4, 228, 474, 471, 48, 980, 631, 699, 436, 722, 455, 640, 742, 118, 127, 664, 219, 57, 66, 229, 282, 258, 1012, 54, 114, 157, 959, 380, 428, 20, 529, 64, 96, 232, 134, 15, 168, 218, 845, 403, 651, 483, 172, 31, 144, 230, 143, 549, 132, 44, 673, 174, 234, 507, 186, 56, 357, 372, 531, 100, 8, 265, 52, 425, 155, 509, 755, 462, 173, 554, 584, 448, 89, 470, 747, 655, 137, 739, 553, 191, 209, 568, 22, 1168, 50, 223, 59, 11, 27, 181, 83, 197, 77, 402, 304, 200, 417, 1039, 117, 203, 70, 195, 231, 792, 405, 732, 65, 632, 559, 629, 190, 588, 410, 473, 472, 176, 185, 180, 658, 14, 239, 450, 148, 216, 729, 9, 7, 1210, 161, 82, 841, 215, 318, 214, 770, 692, 162, 582, 709, 91, 97, 194, 193, 288, 204, 248, 183, 51, 196, 151, 378, 628, 566, 1119, 469, 371, 121, 222, 485, 956, 147, 28, 287, 25, 179, 154, 135, 210, 175, 276, 528, 367, 225, 125, 660, 69, 423, 47, 169, 160, 208, 252, 202, 133, 275, 1, 433, 88, 1221, 356, 238, 227, 451, 98]","[775, 243, 1030, 720, 758, 546, 949, 370, 871, 597, 241, 456, 240, 769, 395, 717, 1140, 105, 744, 476, 934, 373, 38, 411, 122, 111, 86, 453, 819, 623, 540, 756, 1037, 412, 452, 94, 783, 931, 235, 948, 257, 458, 1028, 393, 62, 401, 226, 1029, 388, 284, 676, 831, 145, 13, 1047, 120, 294, 695, 368, 386, 569]","[98, 566, 15, 182, 357]","[111, 370, 453, 86, 720]"
457,"[1101, 144, 648, 191, 318, 387, 530, 178, 319, 48, 517, 847, 939, 152, 13, 209, 792, 346, 12, 742, 1261, 956, 284, 86, 234, 182, 293, 317, 307, 1048, 237, 694, 9, 521, 753, 8, 663, 461, 180, 469, 32, 193, 408, 1070, 596, 127, 304, 473, 709, 287, 427, 124, 430, 169, 405, 192, 14, 179, 183, 589, 126, 750, 980, 588, 143, 526, 896, 195, 467, 208, 134, 644, 474, 203, 117, 58, 286, 273, 654, 23, 514, 96, 285, 844, 189, 744, 20, 190, 1067, 283, 298, 509, 187, 736, 632, 603, 129, 238, 460, 499, 204, 519, 484, 1, 1109, 302, 433, 513, 76, 631, 56, 475, 1039, 137, 199, 79, 276, 116, 275, 99, 52, 531, 969, 515, 83, 64, 483, 7, 435, 100]","[496, 174, 925, 321, 591, 410, 330, 50, 333, 423, 717, 288, 282, 952, 357, 57, 425, 1011, 245, 1338, 529, 278, 98, 651, 301, 582, 289, 121, 704, 696, 685, 597, 255, 546, 147, 181, 250, 28, 25, 1226, 735, 762, 845, 527, 960, 338, 21, 194, 97, 1335, 619, 69, 823]","[847, 631, 117, 284, 302]","[288, 704, 952, 57, 69]"
458,"[357, 322, 181, 846, 274, 121, 1, 222, 8, 864, 252, 22, 278, 255, 250, 300, 230, 742, 866, 15, 473, 1016, 291, 264, 148, 472, 174, 7, 1190, 164, 678, 117, 879, 748, 523, 815, 989, 172, 289, 286, 873, 1038, 259, 696, 619, 105, 50, 98, 294, 307, 127, 186, 271, 932, 926, 275, 257, 125]","[934, 596, 194, 1060, 216, 134, 358, 978, 825, 79, 282, 295, 3, 1047, 827, 411, 336, 147, 993, 597, 1040, 123, 220, 323, 832, 111, 120, 225, 687, 328, 19, 100, 333, 546, 969, 301, 1051, 332, 258, 1115, 260, 1039, 108, 568, 16, 249, 25, 245, 676, 651, 685, 455, 409, 235, 405, 477, 1014, 471, 1013, 298]","[473, 926, 864, 15, 271]","[216, 295, 471, 245, 477]"
459,"[327, 20, 286, 289, 146, 302, 311, 149, 14, 713, 676, 293, 221, 273, 248, 127, 307, 276, 242, 515, 1142, 285, 224, 313, 1067, 100, 137, 124, 312, 1011, 19, 306]","[10, 257, 744, 275, 297, 129, 532, 1115, 301, 322, 591, 7, 303, 253, 258, 294, 250, 1, 458, 1251, 1380, 847, 279, 117, 298, 1137, 321, 304, 288, 151, 9, 13, 245, 283, 1171, 870]","[1011, 146, 19, 273, 127]","[258, 532, 283, 301, 250]"
460,"[1006, 313, 347, 285, 304, 9, 258, 327]","[50, 302, 259, 682, 321, 269, 121, 255, 319, 158, 242, 575, 294, 748, 305]","[9, 304, 285, 1006, 327]","[748, 255, 158, 319, 294]"
461,"[682, 895, 289, 332, 321, 313, 310, 315, 288, 22, 300, 11, 272, 237, 292, 100, 866, 136, 326, 655, 873, 181, 322, 328]","[358, 678, 271, 259, 323, 330, 261, 539, 346]","[136, 655, 310, 322, 288]","[539, 678, 261, 346, 271]"
462,"[250, 311, 100, 285, 306, 127, 124, 221, 15, 244, 50, 813, 257, 116, 544, 7, 151, 126, 473, 1163, 1377, 1197, 268, 258, 20, 93, 751, 301, 508, 253, 283, 880, 887, 1284, 237, 302, 16, 19, 125, 591, 1115, 275, 313, 246, 740, 286, 690, 269]","[1132, 455, 950, 225, 24, 347, 242, 593, 21, 410, 10, 3, 103, 930, 864, 274, 988, 1383, 1164, 282, 249, 284, 1012, 149, 993, 1117, 14, 150, 689, 597, 741, 596, 1014, 362, 1605, 235, 13, 112, 288, 270, 117, 1033, 107, 477, 147, 952, 224, 472, 744, 248, 1244, 926, 1017, 319, 310, 121, 1067, 845, 870, 243, 137, 1060, 475, 819, 1606, 304, 25, 749, 271, 764, 1, 866, 1009, 111, 539, 276, 1028, 129, 892, 1007, 985, 936, 1216, 476, 1199]","[93, 116, 250, 124, 253]","[319, 539, 1605, 249, 103]"
463,"[289, 269, 482, 300, 709, 333, 194, 705, 326, 116, 258, 1226, 301, 294, 748, 298, 879, 293, 176, 603, 321, 302, 16, 248, 264, 307, 299, 257, 255, 295, 520, 332, 292, 270, 515, 288, 510, 259, 479, 50, 12, 127]","[678, 358, 328, 181, 1598, 260, 286, 984, 1025, 322, 249]","[1226, 194, 515, 289, 259]","[260, 984, 1598, 328, 358]"
464,"[202, 114, 50, 477, 481, 588, 190, 64, 855, 286, 12, 191, 318, 194, 134, 175, 603, 87, 257, 478, 511, 258, 705, 136, 169, 1, 143, 56, 7, 8, 132, 357, 98, 845, 275, 513, 127, 408]","[216, 198, 109, 474, 300, 496, 525, 179, 28, 395, 584, 1078, 283, 97, 199, 180, 656, 22, 529, 638, 319, 475, 423, 32, 172, 181, 154, 174, 404, 615, 651, 100, 428, 281, 48, 528, 135, 151, 868, 929, 836, 835]","[134, 318, 257, 56, 408]","[179, 281, 395, 1078, 868]"
465,"[181, 331, 172, 232, 546, 350, 333, 315, 882, 176, 357, 902, 117, 302, 385, 24, 344, 306, 210, 56, 96, 995, 273, 328, 258, 313, 144, 518, 22, 182, 292, 1176, 174, 908, 55, 288, 1607, 184, 50, 17, 899, 226, 909, 195, 260, 7, 241, 33, 684, 92]","[308, 354, 188, 265, 128, 349, 321, 566, 1313, 2, 334, 748, 682, 27, 550, 269, 651, 95, 183, 324, 898, 873, 455, 89, 87, 568, 127, 62, 294, 326, 79, 231, 885, 346, 268, 327, 405, 11, 68, 98, 187, 82, 895, 173, 4, 300, 679, 403, 510, 121, 161]","[181, 174, 56, 144, 117]","[161, 405, 82, 269, 98]"
466,"[50, 150, 109, 268, 288, 257, 100, 1142, 124, 108, 1016, 7, 276, 298, 93, 273, 327, 246, 1, 475, 10, 269, 24, 1226, 293, 127, 1059, 302]","[1017, 762, 264, 240, 248, 340, 455, 117, 742, 249, 919, 1012, 1011, 258, 181, 222]","[1016, 50, 1059, 257, 302]","[1011, 742, 117, 248, 249]"
467,"[461, 1008, 209, 69, 507, 71, 283, 498, 4, 116, 469, 23, 13, 258, 285, 251, 137, 132, 182, 98, 435, 8, 475, 612, 293, 603, 19, 692, 357, 428, 257, 662, 275, 15, 423, 214, 856, 222, 173, 56, 200, 144, 1012, 178, 157, 111, 655, 195, 22, 25, 150, 191, 121, 462, 58, 246, 95, 172, 42, 100, 724, 96, 192, 367, 170, 97, 180, 1, 47, 216, 12, 297, 153, 318, 427, 50, 174, 82, 963, 135, 584, 1070, 89, 508, 531, 647, 248, 286, 955, 432, 218, 204, 91, 124, 143, 55, 1134, 772, 127, 44, 237, 64, 9]","[926, 642, 39, 544, 405, 742, 294, 31, 51, 411, 249, 321, 1168, 582, 181, 826, 273, 159, 160, 1014, 1051, 70, 238, 372, 377, 126, 7, 1016, 699, 118, 471, 529, 952, 117, 65, 24, 5, 161, 226, 943]","[64, 127, 423, 195, 47]","[51, 321, 24, 5, 273]"
469,"[475, 824, 546, 93, 221, 293, 19, 288, 50, 125, 284, 100, 118, 508, 458, 1067, 150, 283, 471, 257, 13, 181, 276, 9, 286, 258, 1134, 305, 277, 742]","[1097, 294, 544, 268, 919, 950, 246, 952, 295, 813, 137, 285, 847, 248, 1, 235, 7, 360, 1084, 319, 129, 273, 874, 222, 291, 327, 124]","[283, 305, 221, 1134, 9]","[7, 919, 319, 235, 273]"
470,"[95, 140, 477, 94, 1, 8, 102, 422, 932, 878, 465, 225, 82, 393, 172, 1219]","[596, 99, 588, 418, 969, 151, 501, 50, 768, 404, 420, 432, 71, 627, 946]","[1219, 393, 94, 225, 932]","[946, 420, 71, 50, 768]"
471,"[401, 11, 193, 258, 168, 449, 1011, 233, 689, 940, 118, 756, 250, 625, 232, 181, 1091, 400, 120, 195, 763, 747, 682, 318, 609, 380, 27, 568, 739, 255, 365, 1469, 141, 411, 1095, 135, 578, 217, 552, 475, 720, 1248, 288, 743, 3, 559, 633, 755, 658, 1119, 49, 1053, 455, 1, 38, 561, 431, 177, 229, 655, 473, 748, 362, 930, 196, 417, 123, 746, 370, 567, 477, 218, 204, 378, 715, 234, 1036, 72, 550, 751, 541, 1228, 66, 771, 228, 90, 73, 185, 56, 665, 7, 68, 1090, 768, 254, 343, 183, 12, 121, 41, 28, 928, 569, 373, 576, 1110, 69, 51, 271, 313, 29, 63, 392, 240, 101, 1047, 1058, 890, 1074, 895, 226, 1002, 672, 1035, 239, 43, 64, 186, 780, 173, 82, 2, 210, 132, 323, 172, 1239, 496, 546, 109, 597, 94, 810, 386, 174, 742, 443, 33, 562, 260, 215, 358, 24, 161, 796, 1014, 175, 79, 375, 760, 660, 432, 405, 367, 403, 366, 230, 1079, 222, 125, 257, 426, 1139, 252, 678, 67, 421, 231, 1215, 566, 472, 423, 176, 227, 191, 294, 651, 265, 200, 91, 22, 214, 825, 402, 385, 831, 554, 916, 143, 581, 100, 216, 208, 603, 235, 50, 338, 866, 202, 419, 62, 1029, 549, 96]","[877, 826, 931, 977, 1210, 151, 685, 71, 758, 88, 501, 395, 374, 97, 368, 99, 393, 355, 117, 4, 80, 951, 790, 924, 946, 418, 588, 584, 384, 485, 21, 548, 834, 577, 78, 404, 391, 540, 122, 1034, 465, 416, 150, 140, 105, 264, 95, 356, 420]","[552, 73, 392, 168, 423]","[4, 790, 117, 951, 758]"
472,"[273, 1129, 257, 276, 293, 1142, 268, 116, 25, 137, 275, 256, 9, 14, 303, 124, 302, 129, 1007, 246, 1143, 475, 285, 127, 150]","[813, 547, 10, 508, 7, 327, 321, 319, 242, 20]","[129, 303, 14, 256, 137]","[508, 10, 321, 7, 547]"
473,"[8, 480, 528, 176, 518, 735, 661, 52, 180, 134, 317, 484, 100, 474, 161, 316, 649, 191, 136, 48, 77, 76, 265, 79, 646, 506, 322, 293, 1009, 117, 707, 172, 234, 285, 498, 196, 210, 496, 529, 181, 481, 244, 11, 199, 1123, 618, 42, 1172, 183, 237, 171, 346, 517, 493, 195, 194, 1050, 633, 495, 603, 216, 521, 170, 203, 135, 708, 173, 463, 461, 653, 684, 419, 132, 71, 7, 503, 483, 258, 92, 966, 98, 641, 848, 380, 923, 178, 615, 192, 221, 121, 87, 175, 276, 99, 489, 1045, 15, 209, 227, 963, 789, 513, 435, 642, 499, 238, 282, 211, 697, 215, 971, 12, 252, 69, 1421, 699, 70, 604, 601, 14, 614, 218, 416, 291, 664, 212, 511, 45, 497, 182, 692, 514, 527, 486, 50, 86, 507, 519, 659, 26, 648, 207, 462, 945, 478, 525, 116, 89, 179, 475, 792, 356, 23, 88, 193, 660, 566, 302, 64, 22, 709, 414, 520, 205, 248, 385, 628, 530, 13, 150, 141, 584, 943, 131, 510, 526, 313, 58, 315, 286, 651, 97, 66, 939, 607, 657, 490, 434, 491, 616, 188, 469, 1011, 467, 174, 96, 737, 924, 186, 197, 611, 318, 468, 111, 655, 515, 505, 187, 255, 284, 213, 127, 582, 357, 222, 479, 423, 487, 609, 608, 956, 650, 4, 137, 654, 1200, 523, 504, 204, 25, 652, 1221, 663, 185, 55, 28, 427, 143, 485, 1124, 431, 378, 1063, 729, 126, 9, 492, 549, 509, 448, 647, 47, 381, 405, 31, 56, 124]","[602, 410, 68, 736, 1014, 1028, 921, 705, 488, 257, 553, 610, 508, 744, 756, 676, 61, 696, 72, 591, 198, 996, 298, 418, 283, 382, 1518, 73, 1020, 83, 1016, 275, 1113, 60, 289, 617, 605, 274, 208, 107, 168, 230, 685, 836, 44, 288, 436, 1134, 470, 326, 430, 200, 294, 471, 748, 671, 929, 1286, 323, 421, 482, 259, 678, 630, 151, 606, 343, 411, 59, 190]","[244, 462, 434, 196, 939]","[294, 326, 1028, 151, 617]"
474,"[100, 347, 316, 259, 381, 315, 902, 70, 50, 127, 269, 327, 306]","[286, 313, 258, 354, 539, 303, 302]","[327, 381, 316, 50, 269]","[258, 303, 286, 302, 539]"
475,"[715, 792, 204, 72, 765, 781, 734, 1074, 328, 33, 42, 175, 194, 209, 710, 211, 288, 186, 790, 216, 343, 202, 168, 648, 655, 67, 26, 239, 88, 173, 300, 4, 208, 56, 73, 393, 245, 268, 384, 430, 201, 433, 210]","[1037, 232, 1188, 238, 944, 585, 748, 63, 435, 890, 712, 1118, 367, 386, 83, 999, 1036, 80, 85, 1271, 692, 738, 1180, 294, 579, 66, 746, 732, 94, 319, 47, 90, 401, 780, 451, 399, 940, 325, 959, 70]","[201, 72, 393, 790, 209]","[1180, 712, 294, 80, 66]"
477,"[143, 318, 151, 684, 276, 188, 48, 496, 81, 739, 288, 79, 381, 427, 98, 518, 93, 763, 412, 237, 216, 357, 255, 137, 42, 168, 1101, 340, 1048, 65, 959, 26, 451, 568, 843, 616, 1, 975, 467, 447, 367, 12, 11, 202, 283, 195, 393, 64, 762, 178, 150, 204, 15, 182, 144, 710, 124, 100]","[122, 673, 50, 282, 866, 354, 658, 604, 17, 369, 403, 1521, 350, 23, 219, 392, 161, 218, 145, 41, 469, 28, 111, 72, 743, 238, 231, 1270, 69, 160, 300, 196, 655, 222, 410, 7, 134, 1221, 40, 77, 327, 591, 68, 946, 153, 96, 708, 71, 780, 1041, 235, 232, 869, 433, 32]","[100, 15, 762, 79, 26]","[780, 23, 232, 7, 111]"
478,"[228, 28, 168, 174, 248, 528, 135, 55, 88, 640, 164, 436, 230, 655, 405, 211, 616, 489, 144, 523, 50, 463, 182, 1039, 421, 175, 58, 500, 632, 127, 121, 304, 101, 181, 190, 879, 1, 195, 257, 153, 176, 210, 483, 282, 79, 209, 732, 82, 197, 70, 185, 945, 173, 213, 183, 274, 283, 479, 328, 258, 172, 318, 727, 108, 177, 270, 1007, 511, 272, 187, 602, 198, 265, 96, 111, 510, 89, 751, 651, 455, 180, 1142, 31, 526, 95, 204, 8, 201, 509, 480, 915, 222, 431, 22, 273, 137, 357, 474, 157, 408, 169, 609, 490, 196, 202, 199, 471, 151, 470, 234, 498, 647, 200, 250, 238, 136]","[680, 931, 325, 286, 1013, 422, 161, 71, 748, 385, 1244, 122, 752, 133, 54, 255, 118, 1016, 840, 117, 288, 249, 358, 298, 739, 692, 216, 226, 266, 535, 261, 97, 147, 179, 100, 189, 324, 241, 398, 295, 588, 356, 188, 281, 215, 472, 1608, 24, 380, 688, 604, 264, 1444, 423, 629, 566, 148, 546, 294, 1028, 66, 300, 193, 670, 831, 756, 485, 203, 32, 584, 335, 986, 235, 143, 154, 338, 15, 205, 62, 403, 475, 131, 252, 340, 496, 271]","[108, 234, 8, 169, 879]","[358, 294, 235, 249, 1016]"
479,"[190, 183, 203, 615, 174, 234, 510, 517, 191, 166, 642, 165, 8, 114, 603, 504, 96, 89, 213, 209, 462, 705, 661, 1007, 479, 511, 1388, 257, 863, 272, 100, 12, 443, 50, 527, 1121, 79, 654, 152, 485, 56, 302, 169, 98]","[175, 172, 483, 319, 347, 298, 265, 237, 127, 258, 64, 294, 197, 185, 249, 208]","[213, 705, 1388, 114, 203]","[208, 197, 294, 265, 347]"
480,"[210, 313, 596, 524, 507, 435, 514, 216, 238, 648, 659, 505, 692, 98, 1039, 427, 153, 190, 50, 430, 283, 100, 163, 86, 173, 479, 204, 70, 322, 484, 252, 198, 498, 580, 663, 88, 181, 199, 202, 191, 144, 500, 211]","[318, 1089, 66, 42, 650, 367, 780, 4, 197, 678, 207, 393, 8]","[181, 659, 322, 580, 484]","[4, 318, 367, 197, 66]"
481,"[988, 298, 257, 301, 311, 127, 269, 748, 50, 245, 328, 294, 313]","[321, 289, 295, 876, 315, 881, 346, 288, 243, 286, 249, 258, 682]","[988, 328, 294, 127, 748]","[682, 876, 295, 346, 321]"
482,"[181, 275, 109, 1, 230, 450, 1152, 274, 283, 50, 515, 173, 228, 258, 676]","[237, 144, 900, 462, 250, 249, 449, 313, 271, 277, 405, 286, 199, 612, 538, 365, 12, 20, 107, 432, 270, 99, 197, 195, 180, 229, 116, 380, 480, 318, 582, 290, 151, 121, 257, 743, 510, 222, 101, 68, 9, 473, 227, 91]","[228, 283, 109, 1, 274]","[199, 144, 20, 290, 197]"
483,"[550, 70, 195, 300, 554, 141, 96, 755, 651, 265, 228, 463, 560, 778, 926, 879, 94, 234, 258, 1, 202, 318, 69, 56, 293, 924, 588, 50, 510, 15, 143, 625, 135, 248, 451, 665, 151, 227, 250, 97, 144, 239, 399, 823, 257, 230, 431, 168, 655, 313, 204, 405, 73, 173, 51, 392, 746, 692, 111, 181, 222, 98, 136, 82, 294, 699, 7, 427, 216, 150, 79, 229, 385, 174, 472, 28, 449, 274, 419, 2, 88, 183, 211, 153, 22, 117, 176, 226, 566, 471, 1016, 720, 684, 233, 4, 732, 121, 14, 87, 197, 161, 89, 172, 186, 95, 125, 38, 423, 468, 210]","[235, 25, 53, 343, 597, 255, 122, 422, 578, 252, 9, 568, 562, 849, 679, 275, 24, 829, 71, 315, 237, 29, 231, 951, 415, 742, 930, 393, 241]","[385, 173, 70, 293, 202]","[597, 231, 71, 25, 393]"
484,"[341, 313, 303, 269, 346, 242, 889, 302]","[289, 347, 307, 538, 294, 245, 288, 321, 326, 319, 330, 328, 748, 311, 301, 286, 345, 752]","[341, 302, 346, 303, 889]","[326, 288, 748, 301, 328]"
485,"[471, 823, 221, 287, 6, 276, 1202, 1514, 1093, 285, 872, 300, 258, 127, 766, 762, 460, 7, 181, 13, 887, 237, 111, 93, 508, 935, 124, 1129, 475, 14, 137, 275, 880, 248, 129, 1197, 591, 10, 1011, 1, 845, 995, 1598, 301, 1226, 1137, 950, 515, 9, 324, 297, 288, 303, 242, 269, 251, 544, 889, 292, 405, 25, 50, 100, 279, 532, 1142, 108, 813, 302, 1405]","[846, 15, 1014, 689, 147, 476, 620, 874, 321, 690, 994, 882, 257, 818, 123, 3, 286, 717, 597, 886, 718, 125, 146, 270, 331, 336, 121, 220, 1589, 1079, 299, 748, 109, 1017, 936, 250, 305, 696, 1134, 284, 282, 879, 1272, 864, 295, 595, 1369, 322, 1375, 236, 273, 255, 277, 628, 333, 1086, 1171, 1082, 298, 150, 1120, 20, 332, 117, 1302, 319, 975, 245, 151, 1094, 1047, 327, 235, 264, 262, 924, 1379, 1322, 678, 742, 1609, 280, 741, 21, 304, 306, 16, 926, 1176, 831, 408, 685, 268, 289, 919, 883, 547, 1611, 106, 713, 325, 1016, 458, 1143, 459, 148, 307, 293, 294, 473, 222, 328, 281, 1610, 246, 825, 244, 546, 252]","[1598, 1197, 880, 288, 248]","[1609, 818, 151, 262, 879]"
486,"[56, 280, 597, 470, 474, 76, 293, 658, 121, 501, 672, 117, 172, 232, 237, 710, 12, 136, 265, 45, 87, 188, 549, 161, 735, 69, 215, 194, 294, 95, 196, 202, 4, 732, 288, 195, 68, 298, 1035, 794, 183, 99, 402, 79, 748, 128, 845, 3, 181, 174, 300, 684, 956, 133, 206, 1019, 28, 921, 92, 273, 191, 160, 955, 686, 97, 239, 96, 742, 230, 403, 651, 216, 404, 49, 747, 1, 1016, 423, 378, 88, 82, 1440, 566, 31, 55, 257, 356, 282, 258, 652, 176, 272, 50, 144, 100, 627, 125, 692, 270, 833, 1410, 1425, 58, 588, 66, 596, 713, 150, 222, 628, 392, 156, 783, 802, 399, 966, 64, 746, 385, 720, 24, 98, 568, 27, 274, 301, 204, 22, 405, 210, 393, 178, 1220, 789, 11, 173, 1209]","[1044, 455, 939, 1188, 252, 276, 932, 739, 218, 43, 140, 255, 143, 541, 679, 820, 1217, 81, 73, 227, 260, 586, 540, 38, 1244, 768, 779, 367, 462, 978, 781, 411, 226, 620, 1446, 419, 111, 823, 412, 471, 17, 333, 685, 550, 42, 578, 727, 347, 790, 772, 2, 25, 286, 77, 941, 432, 1011, 572, 318, 366, 249, 71, 1074, 1276, 591, 48, 289, 546, 259, 179, 380, 248, 809, 689, 231, 559, 841, 53, 431, 67, 349, 229, 803, 197, 1314, 85, 70, 340, 94, 426, 62, 825, 313, 291]","[173, 789, 300, 658, 188]","[559, 227, 259, 53, 291]"
487,"[510, 748, 434, 198, 468, 491, 228, 662, 333, 520, 186, 210, 28, 9, 199, 87, 176, 511, 203, 222, 22, 208, 385, 83, 64, 133, 111, 496, 183, 211, 258, 500, 185, 429, 98, 265, 776, 692, 328, 612, 515, 1039, 135, 318, 181, 168, 357, 732, 50, 190, 1050, 69, 304, 526, 173, 234, 136, 15, 294, 742, 754, 239, 215, 486, 178, 89, 97, 79, 651, 223, 127, 31, 300, 205, 174, 746, 82, 633, 56, 705]","[480, 568, 33, 405, 58, 154, 474, 180, 292, 655, 485, 605, 200, 243, 419, 259, 845, 70, 299, 100, 521, 523, 8, 187, 880, 260, 230, 1025, 172, 483, 11, 238, 890, 196, 96, 659, 514, 724, 414, 207, 493, 164, 269, 245, 358, 707, 498, 1, 527, 182, 289, 751, 191, 478, 418, 197, 144, 678, 873, 322, 153, 589, 286, 193, 509, 288, 132, 134, 321, 216, 162, 323, 492, 71]","[97, 15, 776, 111, 705]","[100, 322, 289, 323, 216]"
488,"[1293, 292, 1238, 310, 271, 272, 343, 331, 302, 908, 682, 355, 334, 330, 689, 539, 1243, 264, 270, 266, 1025, 340, 680, 286, 315, 308, 327, 243, 326, 752, 325, 1612, 313, 358, 316, 288, 678, 748, 333, 258, 353, 332, 538, 751, 1613, 890, 750, 902, 349, 303, 885, 754, 346, 351, 322, 323, 749, 895, 360, 347, 359, 984, 328, 300, 307, 879]","[342, 289, 321, 881, 457, 263, 681, 878, 991, 872, 687, 260, 873, 883, 301, 988, 294, 259, 989, 261, 875, 887, 874, 304, 892, 1280, 319, 268, 948, 1265, 339, 324, 269, 245, 299, 897, 338, 880, 688, 312, 876, 898, 683]","[680, 292, 272, 322, 360]","[683, 304, 261, 897, 245]"
489,"[9, 1128, 124, 150, 455, 1386, 93, 475, 181, 50, 302, 741, 919, 410, 127, 24, 547, 109]","[1, 333, 284, 993, 257, 123, 764, 126, 15, 237, 273, 298, 258, 596, 515, 277, 286, 151, 7, 473, 926, 224, 293, 1067, 137, 246, 117, 847, 292, 100, 1383, 118, 952, 255, 289, 987, 1012, 222, 458]","[93, 24, 181, 9, 150]","[292, 237, 298, 847, 286]"
490,"[475, 45, 19, 657, 273, 190, 340, 900, 285, 236, 258, 129, 124, 100, 286, 513, 116, 654, 408, 493, 12, 684]","[1281, 7, 696, 237, 284, 319, 127, 23, 294, 325, 14]","[408, 116, 900, 258, 475]","[284, 696, 325, 23, 7]"
491,"[318, 492, 127, 124, 511, 64, 187, 923, 523, 83, 286, 291, 531, 285, 242, 137, 205, 654, 528, 100, 193, 56, 527, 153, 474, 521, 1098]","[1021, 483, 97, 185, 86, 186, 69, 212, 657, 772, 479, 131, 134, 482, 192, 1147, 221, 45, 514, 650, 199, 651, 462, 275, 172, 478, 699, 1121]","[153, 521, 100, 291, 124]","[131, 699, 483, 657, 221]"
492,"[284, 762, 69, 751, 61, 252, 431, 121, 82, 100, 879, 96, 210, 652, 180, 546, 250, 175, 79, 528, 527, 1278, 327, 746, 265, 763, 98, 318, 172, 191, 115, 176, 150, 95, 50, 258, 273, 56, 59, 181, 117, 48, 455, 483, 65, 171, 22, 209, 196, 693, 404, 357, 71, 597, 410, 188, 684, 183, 239, 550, 647, 201, 323, 288, 300, 328, 168, 182, 173, 24, 154, 118, 234, 257, 338, 1016, 358, 204, 25, 109, 186, 89, 208, 435, 274, 333, 249]","[222, 423, 886, 11, 925, 156, 411, 298, 235, 343, 687, 1126, 127, 275, 754, 7, 264, 742, 12, 238, 271, 876, 195, 60, 260, 405, 890, 192, 475, 91, 124, 1, 462, 369, 151, 174, 806, 134, 678, 1088, 1013, 974, 881, 317, 959, 170, 833, 262]","[746, 209, 210, 183, 1278]","[411, 60, 959, 134, 195]"
493,"[64, 183, 237, 199, 191, 107, 194, 126, 50, 507, 100, 174, 924, 15, 427, 222, 294, 357, 65, 98, 286, 121, 845, 181, 143, 300, 238, 498, 204, 127, 663, 707]","[1, 748, 289, 322, 9, 1197, 479, 528, 86, 514, 358, 329, 323, 603, 245]","[98, 707, 507, 237, 286]","[748, 479, 329, 603, 1197]"
494,"[174, 167, 71, 153, 478, 413, 797, 127, 140, 230, 379, 56, 451, 200, 235, 216, 68, 172, 109, 222, 642, 217, 392, 1110, 163, 616, 566, 581, 404, 1183, 470, 507, 1135, 1119, 742, 214, 504, 650, 389, 465, 88, 50, 282, 357, 496, 227, 147, 168, 705, 288, 479, 184, 195, 1118, 145, 54, 151, 447, 228, 64, 98, 684, 1046, 157, 435, 1469, 423, 90, 219, 416, 11, 944, 186, 161, 431, 505, 265, 523, 101, 188, 732, 204, 176, 226, 433, 181, 472, 559, 132, 234, 79, 403, 1208, 449, 144, 202, 173, 121, 86, 796, 232, 120, 1245, 179, 1079, 511, 225, 521, 183, 432, 182, 96, 185, 82, 1542, 1157, 211, 491, 378, 1188, 633, 655, 418, 210, 582, 662, 77, 739, 969, 233, 208, 9, 1263, 1207, 448, 154, 1, 218, 240, 393, 590, 1039, 573, 1091]","[139, 674, 89, 658, 391, 1444, 44, 29, 629, 133, 53, 162, 501, 62, 831, 1419, 69, 679, 201, 550, 84, 671, 191, 575, 2, 770, 843, 622, 924, 452, 444, 1182, 229, 143, 790, 402, 660, 91, 231, 768, 385, 155, 95, 386, 158, 395, 417, 421, 4, 380, 94, 665, 196, 498, 67, 80, 631, 636, 568, 55, 576, 1133, 419, 135, 577, 637, 441, 578, 1116]","[151, 491, 413, 184, 179]","[1182, 158, 629, 501, 843]"
495,"[318, 727, 921, 42, 11, 87, 39, 181, 625, 7, 528, 774, 133, 532, 432, 246, 561, 89, 33, 50, 173, 1459, 172, 191, 433, 98, 96, 56, 186, 268, 10, 652, 174, 277, 483, 559, 721, 190, 22, 195, 68, 206, 217]","[142, 64, 526, 132, 1074, 183, 156, 633, 97, 380, 154, 1133, 38, 1401, 1444, 746, 1473, 420, 141, 136, 135, 222, 1063, 99, 509, 17, 480, 229, 228, 659, 77, 378, 554, 418, 164, 1614, 1139, 825, 158, 143, 53, 356, 204, 227, 1286, 1060, 485, 109, 421, 1229, 607, 393, 484, 417, 147, 469, 743, 288, 150, 961, 842, 495, 705, 651, 28, 771, 94, 168, 155, 1157, 496, 443, 506, 196, 699, 252, 426, 416, 333, 151, 1091, 1041, 661, 88, 419, 660]","[921, 42, 87, 98, 246]","[426, 1286, 135, 168, 38]"
496,"[260, 943, 382, 258, 100, 82, 588, 101, 549, 56, 71, 161, 217, 168, 655, 79, 257, 174, 1016, 268, 89, 748, 240, 3, 550, 127, 98, 408, 145, 771, 455, 25, 395, 431, 1210, 578, 724, 187, 153, 741, 746, 186, 173, 114, 109, 651, 95, 19, 183, 273, 24, 118, 248, 358, 399, 373, 70, 716, 559, 164, 96, 475, 1240, 202, 652, 1, 181, 175, 195, 97, 1077, 393, 189, 12, 90, 62, 210, 169, 22, 29, 367, 294, 176, 946, 402, 68, 111, 128, 541, 774, 33, 239, 739, 372, 156, 172, 144, 388, 42, 249, 177, 265, 50, 121, 182, 584]","[234, 840, 1185, 227, 363, 566, 465, 31, 540, 242, 575, 627, 780, 252, 508, 657, 274, 570, 188, 385, 864, 765, 802, 152, 230, 87, 94, 1555, 77, 99, 1042, 228, 54, 501, 562, 105, 1407, 197, 386, 298, 722, 155, 692, 720, 13, 250, 783, 1157, 38, 407, 625, 67, 1052, 139, 792, 810, 229, 381, 39, 403, 412, 384, 808, 1419, 809, 452, 679, 1092, 405, 1000, 645, 1047, 940, 2, 781, 80, 288, 526, 510, 108, 72, 185, 721, 222, 1303, 418, 1228, 731, 122, 28, 545, 194, 568, 597, 577, 66, 225, 204, 11, 325, 603, 849, 423, 163, 1177, 552, 797, 208, 233, 420, 758, 1030, 291, 167, 451, 472, 590, 790, 432, 364, 553, 629, 4, 237, 725, 49, 450, 7, 83, 719, 684, 231, 1046, 394, 440, 1415, 826, 53, 665, 141, 769, 123, 216, 151, 433, 951, 200, 416, 622, 441, 232, 743, 944, 91, 569, 55, 413, 63, 417, 805, 795, 391, 449, 926, 928, 1041, 1615, 642, 73, 300, 226, 184, 763]","[373, 584, 71, 1077, 12]","[184, 622, 4, 1000, 432]"
497,"[191, 192, 127, 187, 474, 197, 1103, 32, 12, 515, 652, 919, 182, 512, 591, 23, 98, 628, 1142, 50, 59, 61, 525, 558, 151, 484, 203, 603, 186, 160, 448, 514, 183, 156, 53, 89, 675, 293, 464, 175, 168, 922, 664, 10, 185, 663, 480, 135, 517, 234, 179, 190, 14, 64, 269, 430, 238, 180, 337]","[475, 176, 54, 522, 258, 1426, 489, 11, 302, 228, 538, 218, 171, 1083, 1422, 1007, 164, 144, 1131, 340, 1286, 548, 649, 933, 1070, 121, 271, 985, 483, 275, 202, 288, 136, 210, 56, 222, 212, 887, 594, 443, 607, 172, 806, 425, 447, 631, 137, 435, 79, 754, 381, 449, 554, 693, 1161, 262, 83, 124, 1073, 229, 656, 150, 486, 772, 204, 109, 496, 531, 673, 9, 134, 317, 174, 423, 181, 509, 657, 237, 410, 462, 7, 251, 479, 100, 268, 1404, 527, 265, 77, 1495]","[430, 269, 480, 603, 151]","[462, 302, 649, 496, 447]"
498,"[511, 312, 347, 514, 215, 742, 463, 427, 750, 207, 183, 176, 136, 651, 87, 202, 318, 1302, 1101, 8, 657, 69, 516, 692, 127, 272, 357, 902, 300, 483, 132, 887, 194, 690, 521, 251, 97, 307, 301, 484, 12, 198, 313, 474, 193, 7, 191, 153, 530, 663, 886, 257, 527, 588, 208, 166, 429, 915, 173, 525, 98, 898, 165, 55, 328, 205, 524, 100, 647, 56]","[210, 664, 181, 238, 482, 661, 11, 213, 414, 177, 539, 326, 879, 182, 271, 157, 275, 295, 605, 50, 520, 497, 117, 486, 425, 430, 624, 143, 519, 1483, 258, 174]","[173, 208, 56, 1101, 347]","[605, 295, 11, 143, 519]"
499,"[111, 1012, 836, 971, 469, 116, 30, 223, 164, 640, 1, 529, 522, 319, 216, 421, 175, 83, 1111, 1616, 276, 56, 3, 89, 70, 498, 208, 179, 845, 1326, 42, 39, 1008, 517, 196, 235, 258, 1226, 729, 381, 129, 61, 246, 97, 298, 708, 88, 639, 405, 1009, 464, 45, 475, 135, 514, 250, 268, 98, 611, 559, 569, 479, 709, 72, 964, 509, 59, 1385, 8, 202, 471, 217, 282, 100, 1160, 9, 238, 762, 69, 300, 735, 1166, 183, 60, 532, 117, 443, 31, 483, 16, 582, 295, 1195, 7, 409, 134, 168, 289, 170, 462, 358, 425, 82, 1315, 1069, 371, 49, 13, 93, 546, 1010]","[781, 159, 665, 1047, 294, 244, 58, 237, 553, 133, 739, 1163, 386, 287, 1014, 827, 143, 815, 172, 275, 120, 316, 662, 721, 28, 252, 1324, 584, 535, 255, 660, 284, 125, 304, 699, 147, 714, 43, 988, 325, 930, 742, 44, 1018, 62, 181, 996, 531, 476, 568, 25, 274, 15, 393, 619, 1441, 396, 775, 118, 211, 412, 204, 448, 281, 50, 234, 285, 257, 780, 387, 301, 472, 768, 283, 210, 94, 77, 821, 407, 245, 831, 121, 727, 286, 370, 151, 411, 1311, 552, 1048, 919, 740, 755, 328, 215, 1135, 1469, 10, 313, 174, 249, 423, 557, 554, 122, 161, 367, 846, 182, 763, 402, 1057, 242, 383]","[1111, 462, 509, 93, 1009]","[662, 249, 125, 77, 242]"
500,"[307, 324, 151, 127, 1534, 298, 844, 282, 181, 237, 129, 117, 293, 475, 508, 257, 288, 124, 1007, 410, 7, 1067, 1010, 922, 840, 741, 342, 369, 591, 546, 13, 405, 952, 1011, 121, 411, 122, 100, 1014, 108, 222, 696, 276, 544, 273, 93, 1097, 628, 248, 150]","[25, 1278, 249, 406, 456, 313, 118, 125, 147, 845, 685, 24, 111, 221, 1081, 597, 979, 294, 829, 678, 928, 274, 245]","[840, 273, 222, 922, 150]","[118, 597, 25, 245, 221]"
501,"[338, 358, 333, 342, 895, 687, 288, 271, 343, 313, 328, 323, 682, 307]","[892, 301, 683, 294, 879, 890, 539, 893, 678, 680, 300, 751, 350, 258, 681, 259, 243, 270, 264, 261, 263, 754, 266]","[338, 313, 682, 288, 333]","[879, 259, 678, 294, 890]"
502,"[181, 69, 659, 900, 194, 127, 173, 137, 313, 88, 607, 241, 97, 561, 382, 488, 233, 654, 714, 246, 20, 176, 778, 45, 134, 430, 1194, 248, 498, 479, 168, 205, 318, 558, 186, 482, 387, 297, 210, 216, 485, 50, 1317, 275, 19, 10, 427, 451, 132, 615, 443, 70, 504, 285, 133, 740, 166, 423, 432, 268, 47, 25, 1, 707, 213, 277, 1475, 226, 234, 736, 293, 130, 694, 58, 79, 489, 174, 183, 496, 269, 223, 582, 306, 484, 199, 546, 221, 190, 356, 197, 98, 100, 237, 347, 124, 211, 172, 86, 963, 303, 381, 116, 44, 283, 83, 185, 8, 684, 633, 187, 509]","[1316, 164, 54, 402, 281, 182, 153, 385, 514, 747, 405, 204, 416, 156, 121, 435, 640, 38, 526, 840, 125, 729, 280, 321, 603, 753, 702, 739, 662, 26, 319, 452, 14, 286, 732, 12, 744, 463, 503, 13, 823, 949, 224, 1009, 66, 475, 529, 580, 692]","[124, 297, 174, 778, 211]","[603, 416, 125, 321, 452]"
503,"[163, 546, 66, 807, 72, 678, 1263, 581, 414, 755, 402, 215, 199, 197, 281, 934, 75, 143, 404, 529, 288, 77, 693, 1135, 28, 1004, 96, 133, 25, 295, 71, 716, 1136, 616, 132, 416, 372, 117, 94, 258, 82, 1439, 51, 655, 1421, 151, 210, 54, 68, 257, 38, 499, 97, 699, 723, 180, 579, 98, 385, 5, 318, 323, 543, 195, 212, 218, 527, 660, 223, 162, 310, 208, 69, 479, 942, 4, 448, 651, 631, 411, 65, 485, 961, 490, 53, 1084, 447, 1277, 40, 245, 196, 506, 409, 1050, 399, 392, 291, 628, 357, 298, 211, 1046, 969, 939, 517, 717, 127, 307, 1147, 174, 330, 1090, 216, 729, 476, 185, 629, 441, 559, 928, 282, 225, 356, 382, 846, 595, 620, 44, 612, 121, 161, 292, 504, 503, 505, 973, 735, 200, 214, 676, 454, 9, 705, 514, 449, 322, 168, 100, 622, 561, 462, 154, 125, 248, 300, 742, 423]","[179, 370, 1437, 194, 118, 417, 719, 1442, 403, 1508, 276, 419, 1415, 972, 443, 234, 420, 204, 50, 567, 186, 384, 63, 428, 237, 396, 167, 563, 183, 585, 623, 1110, 84, 56, 728, 58, 1030, 1133, 452, 537, 1522, 1041, 106, 386, 1444, 141, 393, 70, 88, 632, 90, 102, 465, 238, 731, 219, 1210, 725, 99, 142, 1118, 294, 139, 773, 526, 240, 440, 451, 633, 418, 187, 176, 575, 205, 364, 202, 834, 181, 158, 791, 664, 122, 756, 1037, 548, 667, 155, 401, 739, 400, 153, 1093, 371, 67]","[404, 505, 356, 82, 961]","[364, 176, 70, 294, 99]"
504,"[140, 591, 99, 245, 498, 468, 66, 271, 402, 88, 176, 199, 265, 332, 203, 378, 553, 423, 133, 96, 164, 496, 526, 588, 210, 385, 22, 307, 174, 31, 71, 73, 604, 1039, 568, 190, 471, 742, 313, 132, 98, 724, 584, 97, 328, 11, 121, 95, 82, 648, 117, 300]","[193, 989, 713, 748, 187, 54, 705, 422, 195, 623, 651, 566, 79, 1285, 258, 56, 151, 7, 614, 237, 161, 77, 510, 660, 172, 191, 204, 1, 294, 228, 988, 177, 202, 435, 50, 125, 154, 692, 1409, 102, 127, 1063, 495, 123, 69, 227, 419, 259, 501, 144, 183, 358, 173, 207, 181, 951, 755, 243, 491, 182]","[176, 423, 22, 199, 140]","[207, 102, 191, 294, 151]"
505,"[470, 1046, 479, 229, 494, 465, 385, 50, 1016, 88, 230, 510, 520, 176, 97, 402, 603, 295, 222, 70, 1279, 655, 608, 646, 209, 732, 662, 53, 663, 227, 550, 654, 56, 1073, 28, 82, 182, 661, 54, 530, 611, 193, 404, 274, 183, 175, 234, 58, 226, 417, 258, 47, 403, 73, 55, 66, 539, 380, 731, 203, 215, 68, 173, 195, 425, 802, 749, 423, 96, 503, 210, 432, 294, 208, 435, 69, 699, 746, 181, 161, 755, 418, 478, 642, 328, 187, 576, 211, 568, 497, 684, 168, 430, 200, 873, 399, 855, 518, 186, 8, 271, 233, 742, 482, 44, 95, 202, 216, 525, 945, 71, 566, 1019, 836, 710, 79, 496, 607, 604, 2, 31, 657, 705, 174, 132, 523, 194, 177, 191, 516, 443, 739, 204, 63, 1063, 1020, 447, 521, 333, 641, 205, 489, 135, 199, 484, 12, 196, 692, 172, 89, 5, 693, 434, 514, 228]","[410, 281, 560, 1608, 72, 1219, 779, 77, 475, 1014, 463, 367, 678, 148, 1110, 554, 490, 747, 581, 772, 33, 792, 250, 86, 342, 951, 300, 538, 796, 81, 356, 892, 140, 38, 878, 930, 1244, 147, 198, 261, 972, 92, 224, 391, 241, 239, 715, 660, 761, 578, 1136, 67, 461, 62, 94, 1089, 676, 42, 582, 880, 29, 46, 248, 665, 393, 10, 770, 90, 542, 1407, 323, 517, 529, 449, 218, 762, 580, 48, 137, 586, 712, 231, 85, 455, 324, 363, 686]","[226, 176, 172, 202, 482]","[393, 972, 90, 38, 147]"
507,"[238, 735, 172, 188, 568, 223, 150, 13, 502, 436, 209, 443, 1, 216, 101, 173, 151, 180, 506, 176, 317, 528, 23, 474, 185, 168, 154, 423, 132, 70, 191, 511, 357, 52, 1153, 200, 269, 234, 91, 318, 1067, 208, 210, 179, 710, 524, 514, 629, 378, 183, 175, 527, 228, 50, 174, 655]","[195, 69, 144, 239, 73, 218, 88, 109, 115, 214, 82, 181, 211, 219, 121, 1135, 153, 222, 229, 230, 96, 98, 196, 232, 47, 204, 451, 163, 79, 186, 215]","[183, 13, 524, 172, 357]","[232, 115, 69, 219, 229]"
508,"[50, 288, 258, 603, 302, 326, 181, 271, 705]","[319, 680, 751, 310, 300, 260, 879, 687, 332, 754, 289, 301, 345, 307, 343, 268, 892, 338, 266, 328, 690, 245, 309, 294]","[288, 603, 258, 302, 181]","[690, 301, 260, 319, 309]"
509,"[678, 258, 300, 313, 323, 292, 326]","[289, 330, 325, 286, 294, 358, 687, 881, 259, 288, 1025, 876, 333, 243, 681, 457, 245, 322, 299, 261, 748, 873, 324]","[258, 313, 678, 323, 300]","[876, 259, 881, 288, 322]"
510,"[346, 292, 313, 271, 294, 333, 895, 880, 872, 908, 288, 682, 300, 260, 887, 1527, 340]","[299, 355, 358, 322, 948, 343, 678]","[908, 872, 288, 895, 880]","[322, 355, 343, 678, 948]"
513,"[96, 15, 429, 746, 189, 47, 402, 175, 302, 269, 609, 179, 83, 558, 4, 1, 11, 45, 307, 423, 318, 204, 682, 408, 732, 750, 367, 392, 42, 58, 210, 715, 380, 239, 658, 357, 257, 69, 135, 651, 729, 631, 735, 275, 483, 70, 792, 178, 228, 73, 28, 19, 214, 258, 186, 132, 181, 136, 215, 313, 259, 301, 283, 527, 156, 431, 582, 652, 169, 173, 7, 430, 48, 172, 1160, 10, 174, 31, 64, 425, 194, 747, 197, 462, 97, 116, 154, 202, 25, 50, 587, 216, 191, 176, 152, 111, 95, 1039, 655, 208, 1074, 79, 419, 272, 168, 22, 88, 81, 1115, 1600, 306, 12, 89, 778, 710, 157, 195, 796, 265, 474, 274, 188, 100, 237, 68, 98, 268, 87, 222, 568, 114, 190, 153, 432, 196, 1101, 421, 433]","[328, 748, 344, 150, 243, 1014, 336, 659, 1035, 170, 709, 405, 14, 510, 109, 531, 988, 713, 680, 470, 65, 293, 473, 200, 647, 486, 342, 435, 385, 393, 403, 890, 26, 294, 229, 1047, 183, 234, 13, 211, 384, 648, 49, 144, 511, 209, 185, 949, 24, 180, 898, 134, 118, 177, 137, 199]","[462, 215, 302, 95, 4]","[170, 1047, 294, 24, 344]"
514,"[362, 313, 288, 315, 271, 307, 682, 258, 900, 1399, 300, 304, 895]","[344, 690, 292, 329, 893, 243, 322, 310, 323, 750, 328, 302, 748, 687, 269, 286, 1430, 289, 905, 347, 294, 342, 538, 259, 326, 340, 332]","[271, 304, 307, 313, 900]","[342, 243, 687, 259, 344]"
515,"[191, 628, 310, 181, 902, 50, 250, 169, 660, 286, 212, 194, 204, 515, 474, 582]","[199, 523, 431, 214, 357]","[169, 212, 181, 582, 474]","[523, 214, 199, 357, 431]"
516,"[300, 283, 369, 597, 275, 50, 222, 127, 538, 258, 761, 405, 740, 748, 1177, 181, 117]","[284, 1016, 873, 111, 269, 1, 105, 335, 1047, 823, 333, 237, 25, 311, 328, 294, 472, 755, 229, 131]","[369, 275, 181, 761, 127]","[1016, 472, 335, 1, 229]"
517,"[1047, 25, 919, 284, 717, 685, 370, 100, 222, 546, 696, 13, 118, 273, 866, 117, 126, 1011, 147, 476, 280, 475, 847, 276, 125, 121, 106, 628, 129, 1, 289, 744, 713, 237, 742, 235, 619, 405]","[124, 291, 934, 14, 763, 547, 1017, 458, 7, 1028, 123, 236, 1079, 151, 595, 924, 120, 471, 591, 864, 300, 1335, 1040, 820, 412, 9, 10, 544, 1114, 829, 288, 240, 508, 920, 410]","[25, 628, 121, 280, 696]","[471, 920, 9, 412, 934]"
518,"[1617, 352, 1280, 335, 349, 327, 909, 336, 1592, 263, 908, 299, 288, 878, 1062, 1591, 330, 266, 1293, 313, 351, 680, 340, 350, 1612, 903, 1295, 1238, 879, 874, 895, 268, 751, 346, 1434, 348, 887]","[243, 324, 748, 325, 259, 332, 339, 264, 328, 333, 682, 991]","[887, 348, 288, 340, 346]","[324, 264, 332, 333, 748]"
519,"[315, 283, 269, 289, 300, 25, 242, 286, 898, 100, 690, 310, 990]","[1051, 1028, 274, 678, 302, 240, 311, 294, 871, 893]","[25, 300, 315, 242, 990]","[240, 311, 871, 893, 302]"
520,"[179, 156, 153, 241, 659, 228, 176, 173, 721, 33, 1022, 206, 117, 11, 258, 268, 746, 50, 22, 431, 56, 191, 168, 655, 135, 184, 763, 96, 109, 186, 12, 226, 222, 246, 249, 147, 127, 421, 195, 403, 68, 79, 174, 239, 181, 204, 188, 42]","[81, 1016, 69, 100, 230, 288, 72, 202, 161, 232, 248, 238, 291, 427, 423, 474, 90, 182, 271, 73, 826, 743, 250, 1059, 144, 1012, 392, 132, 380, 625, 227, 229, 829, 151, 475, 235, 121, 755, 28, 1244, 25, 1014, 7, 8, 385, 393, 97, 732, 163, 99, 240, 402, 31, 967, 172, 95, 13, 159, 405, 748, 154, 2, 17, 1013, 298, 742, 77, 89, 324, 87, 751, 754, 568, 520, 108, 651, 343, 23, 290, 550, 684, 833, 679, 208, 566, 1240, 273, 210, 125, 257, 203, 827, 216, 526, 496, 183, 1, 265, 231, 215, 597, 300]","[249, 127, 431, 763, 226]","[755, 474, 748, 1014, 380]"
522,"[114, 382, 153, 662, 154, 516, 242, 393, 83, 549, 935, 3, 50, 1022, 792, 1009, 727, 629, 166, 575, 211, 707, 514, 208, 269, 285, 289, 794, 181, 9, 66, 189, 8, 72, 204, 167, 163, 194, 934, 25, 944, 509, 116, 866, 533, 634, 1, 70, 306, 582, 301, 663, 430, 210, 1195, 1041, 1014, 95, 1047, 407, 874, 451, 14, 954, 258, 732, 67, 255, 197, 97, 638, 257, 863, 432, 694, 408, 202, 1472, 169, 1036, 1121, 531, 155, 168, 1069, 213, 435, 949]","[186, 652, 476, 477, 384, 722, 508, 412, 523, 179, 42, 56]","[70, 269, 451, 634, 202]","[56, 186, 508, 42, 384]"
523,"[205, 89, 660, 182, 1044, 198, 1560, 234, 942, 479, 423, 187, 483, 702, 193, 179, 928, 127, 527, 467, 506, 199, 185, 161, 554, 291, 707, 31, 213, 898, 76, 642, 646, 289, 474, 712, 192, 191, 613, 286, 180, 530, 100, 670, 97, 469, 480, 684, 494, 516, 436, 301, 435, 44, 845, 504, 1166, 52, 65, 568, 197, 322, 416, 950, 403, 72, 578, 443, 604, 751, 129, 79, 319, 649, 573, 709, 304, 513, 111, 133, 118, 965, 558, 209, 124, 895, 484, 583, 511, 482, 211, 238, 32, 447, 50, 549, 517, 546, 367, 606, 654, 1093, 498, 414, 132, 508, 216, 823, 693, 499, 241, 1101, 1421, 173, 70, 466, 570, 523, 715, 14, 521, 170, 39, 126, 704, 4, 515, 311, 82, 708, 203, 855, 1048, 194, 700, 23, 96, 69, 208, 310, 495, 269, 92, 302, 116, 651, 386, 433, 514, 221, 792, 6, 528, 488, 13, 657, 1073, 131, 56, 58, 493, 60, 174, 134, 471, 212, 1107, 614, 265, 519, 318, 481]","[151, 285, 615, 650, 1268, 605, 603, 66, 95, 143, 1154, 410, 168, 742, 284, 490, 42, 184, 237, 866, 541, 497, 525, 931, 607, 290, 724, 178, 210, 172, 978, 518, 215, 24, 1456, 29, 277, 281, 679, 1204, 181, 781, 1454, 831, 451, 1129, 77, 380, 81, 55, 520, 705, 584, 1152, 836, 930, 492, 71, 640, 382, 1113, 405, 204, 47, 432, 472, 837, 1124, 94, 612, 478, 1553, 550, 321, 186, 496, 402, 107, 7, 748, 1065, 618, 393, 638, 195, 419, 1126, 273, 449, 815, 1041, 228, 818, 98, 1050, 1074, 559, 476, 661, 582, 235, 1046, 461, 259, 943, 230, 796, 12, 275, 385, 239, 739, 22, 227, 222, 485, 218, 64, 526, 135, 663, 676, 1540, 501, 1184, 418, 429, 647, 117, 226, 175, 150, 955, 430]","[751, 100, 14, 895, 403]","[955, 228, 382, 612, 1126]"
524,"[1, 300, 121, 237, 332, 685, 276, 25, 111, 596, 15, 151, 288, 762, 1315, 405, 257, 269, 100, 282, 181, 248, 713]","[123, 281, 829, 411, 412, 1011, 1012, 255, 118, 595, 252, 125, 250, 127, 475, 1014, 124, 928, 289, 1047, 322, 597, 472, 291, 14, 676, 742, 293, 7, 147, 106]","[1, 237, 15, 685, 276]","[595, 742, 127, 1011, 124]"
525,"[7, 269, 315, 147, 676, 408, 936, 1, 293, 1084, 50, 750, 475, 288, 508, 276, 100, 302, 248, 285, 127, 181, 845, 298, 272, 313, 591]","[283, 301, 875, 270, 346, 754, 886, 919, 678, 243, 312, 250, 343, 748, 282, 342, 323, 332, 879, 328, 544, 690, 751, 742, 331, 300, 307, 277, 333, 294, 121, 273, 325, 260, 1007, 150, 271, 125, 258, 245, 123]","[248, 147, 591, 1, 845]","[343, 283, 312, 271, 678]"
526,"[956, 588, 615, 963, 127, 204, 646, 207, 210, 285, 634, 190, 513, 653, 56, 124, 203, 50, 181, 213, 868, 709, 22, 514, 631, 59, 543, 317, 507, 517, 479, 208, 652, 96, 429, 93, 238, 60, 209, 651, 7, 498, 100, 177, 425, 169, 182, 283, 657, 671, 647, 673, 70, 183, 496, 153, 11, 211, 197, 511, 603, 1101, 172, 180, 185, 427, 191, 640, 187, 661, 69, 86, 558, 214, 192, 168, 234, 12, 357, 116, 174, 279, 23, 1149, 433, 134, 499, 9, 144, 526, 659]","[152, 28, 64, 1109, 99, 201, 143, 324, 193, 156, 1333, 474, 87, 19, 531, 176, 202, 467, 962, 655, 4, 466, 628, 14, 91, 528, 462, 855, 200, 170, 286, 492, 154, 129, 135, 431, 179, 1211, 508, 275, 475, 878, 175, 582, 318, 423]","[50, 23, 203, 182, 357]","[87, 64, 156, 99, 14]"
527,"[239, 58, 751, 193, 479, 657, 82, 50, 194, 174, 181, 523, 615, 178, 298, 402, 210, 185, 505, 168, 203, 109, 173, 83, 31, 427, 258, 204, 526, 202, 79, 213, 410]","[485, 358, 748, 423, 310, 393, 238, 484, 588, 56, 77, 69, 1618, 294, 541, 845, 422, 250, 1254, 678]","[194, 204, 31, 178, 479]","[238, 358, 748, 69, 485]"
528,"[331, 873, 323, 292, 984, 321, 1038, 294, 326, 886, 319, 271, 310, 270, 682, 328, 288, 286, 258, 322, 749, 880, 327, 332, 301, 307, 260, 300, 268, 333, 875]","[325, 269, 340, 245, 876, 343, 264, 309, 991, 324, 689, 690]","[300, 1038, 323, 307, 322]","[264, 340, 690, 269, 325]"
529,"[527, 535, 156, 476, 692, 328, 322, 50, 178, 70, 172, 357, 60, 191, 183, 582, 64, 487, 815, 88, 98, 204, 100, 196, 255, 174, 1226, 443, 220, 607, 237, 1136, 275]","[1300, 214, 483, 319, 56, 163, 660, 195, 333, 176, 470, 181]","[50, 100, 692, 70, 487]","[660, 163, 483, 333, 195]"
530,"[990, 905, 323, 332, 312, 302, 748, 245, 286, 751, 690, 300, 898, 311, 329, 1316, 313]","[289, 457, 358, 327, 288, 895, 688, 338, 890, 259, 892, 894, 908]","[329, 748, 300, 323, 990]","[895, 288, 259, 338, 358]"
531,"[58, 603, 95, 70, 216, 333, 132, 746, 348, 655, 692, 1119, 345, 96, 301, 690, 763, 492, 682, 515, 331, 210, 205, 468, 685, 586, 591, 284, 242, 241, 721, 1470, 562, 421, 155, 500, 538, 1046, 568, 66, 300, 1210, 485, 153, 168, 679, 403, 302, 117, 404, 266, 750, 329, 11, 195, 121, 470, 472, 177, 357, 151, 914, 526, 419, 689, 658, 1226, 197, 1221, 148, 51, 482, 164, 252, 501, 292, 354, 9, 510, 915, 508, 330, 1, 559, 251, 1188, 636, 554, 307, 97, 506, 125, 228, 346, 451, 1039, 796, 227, 44, 925, 268, 898, 824, 570, 946, 402, 842, 619, 24, 77, 676, 295, 269, 147, 535, 52, 318, 4, 708, 498, 218, 181, 230, 139, 316, 100, 496, 781, 833, 191, 1016, 310, 483, 226, 107, 186, 431, 520, 82, 79, 633, 480, 1189, 1168, 272, 420, 7, 136, 980, 304, 1428, 313, 1312, 367, 277, 588, 491, 203, 427, 495, 452, 204, 234, 339, 739, 918, 87, 22, 549, 12, 8, 118, 1217, 815, 426, 447, 282, 531, 761, 298, 2, 917, 834, 684, 229, 1483, 98, 840, 864, 660, 143, 99, 754, 453, 248, 161, 448, 1594, 576, 127, 187, 523, 347, 1011, 215, 477, 332, 425]","[369, 399, 769, 412, 338, 235, 938, 532, 312, 373, 1496, 1415, 734, 829, 818, 592, 895, 38, 545, 1337, 831, 250, 879, 865, 259, 1426, 1502, 601, 929, 353, 926, 450, 305, 26, 364, 1207, 335, 29, 771, 135, 267, 795, 72, 315, 411, 722, 1092, 931, 1162, 105, 352, 240, 1228, 982, 1300, 1136, 1199, 120, 1407, 368, 311, 1240, 759, 407, 916, 990]","[570, 292, 660, 354, 307]","[982, 592, 916, 305, 795]"
532,"[949, 477, 50, 275, 328, 252, 651, 450, 724, 322, 274, 303, 161, 82, 118, 69, 659, 845, 427, 127, 98, 435, 54, 258, 295, 430, 378, 65, 479, 9, 96, 380, 496, 87, 196, 202, 222, 25, 286, 568, 229, 692, 528, 193, 195, 282, 1, 603, 181, 742, 194, 313, 210, 1033, 133, 756, 58, 12, 685, 333, 100, 211, 236, 20, 22, 204, 191, 294, 504, 15, 356, 197, 747, 1173, 423, 663, 566, 205, 43, 300, 823, 230, 297, 134, 71, 228, 66, 125, 94, 174, 257, 527, 471, 187, 408, 77, 48, 203, 318, 143, 126, 132, 88, 489, 216, 226, 169, 549, 215, 936, 121, 660, 402, 242, 393, 550, 511, 591, 281, 483, 292, 739, 449, 480, 684, 227, 111, 117, 177, 498, 208, 64, 28, 44, 508, 70, 298, 168, 385, 778, 1142, 609, 740, 172, 676]","[1177, 526, 288, 103, 595, 245, 582, 673, 475, 122, 847, 218, 405, 525, 357, 931, 546, 345, 180, 26, 411, 4, 19, 47, 240, 879, 283, 234, 190, 1282, 708, 1028, 221, 462, 484, 276, 151, 14, 10, 597, 319, 412, 21, 23, 97, 91, 83, 72, 186, 1041, 107, 371, 382, 1016, 696, 291, 687, 792, 284, 150, 239, 31, 1047, 237, 109, 596, 866, 367, 176, 13, 514, 1147, 871, 148, 988, 476, 824, 120, 934, 182, 474, 443, 1048, 846, 748, 1174, 1291, 135, 554, 38, 654, 289, 403, 192, 580, 53, 255, 713, 919, 451, 627, 1086, 744, 1001, 293, 56, 755, 921, 521, 820, 147, 243, 1161, 8, 265]","[77, 356, 778, 449, 659]","[546, 276, 176, 38, 1048]"
533,"[1047, 455, 926, 117, 237, 1028, 591, 930, 24, 595, 240, 456, 290, 1199, 628, 471, 1059, 151, 370, 322, 325, 742, 687, 825, 986, 147, 619, 823, 756, 273, 294, 1, 763, 121, 3, 978, 15, 546, 21, 235, 105, 331, 475, 748, 333, 1054, 1052, 148, 7, 410, 717, 25, 129, 291, 109, 597, 288, 985, 824, 300, 282, 276, 919, 118, 508]","[1034, 150, 820, 274, 286, 405, 1327, 149, 477, 243, 93, 760, 125, 1215, 685]","[129, 456, 410, 24, 595]","[274, 405, 1034, 760, 150]"
534,"[836, 165, 1093, 506, 285, 8, 181, 39, 212, 489, 923, 953, 607, 174, 185, 70, 508, 137, 433, 1149, 735, 479, 502, 283, 1124, 238, 168, 480, 521, 629, 423, 209, 1396, 603, 505, 97, 1166, 58, 178, 813, 591, 658, 204, 151, 11, 478, 121, 421, 131, 44, 514, 269, 435, 639, 129, 727, 210, 170, 604, 483, 921, 173, 133, 52, 166, 153, 686, 657, 655, 71, 447, 631, 962, 609, 1136, 1045, 60, 87, 628, 558, 196, 482, 9, 152, 692, 1474, 1039, 654, 284, 942, 193, 194, 612, 136, 237, 16, 213, 319, 64, 215, 83, 492, 195, 30, 708, 496, 499, 699, 425, 223, 520, 198, 47, 507, 963, 517, 427, 389, 100, 25, 86, 645, 707, 275, 471, 518, 792, 258, 709, 207, 488, 301, 186, 211, 614, 484, 1063, 180, 197, 919, 132, 179, 608, 192, 318, 134, 1098, 50, 1101, 498, 190, 382, 632, 277, 638, 7]","[1, 286, 519, 515, 789, 171, 662, 182, 454, 203, 22, 42, 59, 4, 172, 338, 357, 630, 282, 469, 971, 116, 205, 527, 56, 61, 221, 98, 14, 721, 381, 188, 461, 778, 45, 79, 702, 511, 529, 640, 950, 955, 276, 566, 265, 302, 144, 187, 693, 466, 268, 32, 848, 495, 429, 300, 135, 504, 419, 156, 162, 1170]","[52, 166, 319, 269, 518]","[59, 848, 693, 188, 171]"
535,"[174, 274, 2, 143, 230, 204, 265, 603, 69, 50, 133, 584, 511, 679, 163, 234, 724, 229, 189, 227, 402, 385, 470, 195, 63, 139, 318, 83, 132, 449, 215, 662, 135, 1039, 496, 169, 172, 746, 71, 98, 82, 62, 153, 213, 474, 210, 1115, 190, 707, 740, 180, 96, 566, 136, 713, 498, 480, 493, 408, 121, 736, 168, 486, 84, 389, 404, 164, 380, 141, 1063, 423, 144, 489, 568, 720, 778, 79, 8, 228, 10, 94, 487, 148, 378, 427, 755, 191, 222, 614, 694, 500, 28, 275, 483, 1, 416, 95, 205, 117, 73, 22, 510, 88, 181, 432, 1050, 386, 431, 640]","[441, 70, 727, 217, 271, 21, 582, 31, 387, 183, 570, 199, 49, 561, 214, 862, 501, 176, 699, 648, 542, 1118, 54, 52, 596, 97, 56, 283, 435, 708, 472, 188, 443, 151, 1140, 419, 403, 405, 546, 179, 436, 304, 588, 631, 80, 209, 86, 197, 1030, 87, 993, 549, 167, 450]","[380, 480, 408, 427, 205]","[80, 708, 403, 699, 501]"
536,"[203, 507, 475, 134, 1085, 844, 318, 70, 58, 661, 488, 956, 258, 137, 207, 7, 187, 313, 205, 648, 13, 285, 179, 558, 136, 188, 191, 509, 653, 275, 193, 357, 133, 610, 491, 182, 919, 644, 23, 268, 427, 718, 955, 530, 209, 168, 135, 479, 414, 199, 47, 83, 882, 50, 10, 971, 707, 262, 433, 466, 1103, 178, 180, 543, 238, 709, 480, 14, 127, 474, 464, 213, 490, 48, 387, 694, 272, 607, 100, 511, 478, 305, 647, 699, 175, 641, 185, 124, 190, 484, 642, 61, 497, 508, 428, 517, 283, 513, 515, 186, 347, 197, 693, 431, 319, 276, 89, 211, 302, 482, 494, 131, 676, 514, 483, 56, 603, 715, 340, 173, 518, 19, 493, 208, 496, 315, 303, 345, 527, 86, 192]","[28, 526, 46, 602, 682, 557, 504, 1065, 150, 177, 312, 206, 570, 143, 874, 687, 663, 529, 1111, 1068, 1073, 1139, 588, 697, 291, 3, 459, 1050, 654, 226, 242, 736, 470, 681, 516, 327, 447, 151, 82, 417, 237, 460, 615, 269, 457, 241, 472, 467, 922, 90, 1008, 102, 461, 770, 11, 95, 1105, 60, 772, 937, 352, 1009, 231, 201, 405, 239, 606, 210, 762, 402, 421, 215, 330, 721, 1019, 194, 172, 875, 749, 698, 235, 613, 92, 349, 85, 22, 171, 498, 965, 306, 101, 259, 399, 553, 301, 744, 549, 1197, 1069, 649, 735, 458, 53, 111, 176, 582, 573, 44, 873, 485, 170, 848, 265, 181, 65, 317, 525, 512, 959, 307, 468, 202, 489, 727, 299, 990, 923, 147, 455, 1101, 425, 281, 88, 64, 243, 1451, 434, 321, 4, 288, 782, 655, 292, 741, 519, 581, 198, 6, 87, 32, 404, 942, 1045, 42, 392, 426, 469, 445, 1335, 705, 1134, 141, 93, 24, 625, 664, 310, 81, 337, 670, 1113, 495, 510, 1245, 236, 294, 628, 975, 385, 59, 1070, 638, 739, 123, 1267, 724, 99, 221, 290, 678, 20, 322, 614, 523, 435, 346, 234, 988, 746, 657, 116, 688, 979, 921, 323, 333, 196, 652, 730, 1010, 338, 212, 1475, 97, 970, 26, 52, 1129, 273, 132, 896, 98, 566, 15, 117, 713, 1084, 924, 96, 230, 76, 646, 382, 448, 486, 1005, 539, 149, 380, 958, 963, 640, 1445, 964, 673, 1006, 274, 750, 789, 277, 129, 837, 1166, 714, 289, 753, 547, 1400, 550, 855, 343, 1025, 279, 690, 121, 183, 419, 216, 1163, 528, 948, 639, 328, 286, 72, 140, 174, 39, 271, 109, 222, 616, 184, 732, 1194, 314, 966, 521, 568, 107, 723, 660, 684, 733, 30, 702, 633, 950, 200, 689, 960, 1, 311, 1420, 204, 506, 708, 972, 378, 430, 471, 91, 1154, 224, 651, 463, 890, 806, 195, 325, 79, 381, 845, 980, 499, 953, 1011, 591, 792, 978, 501, 284, 894, 371, 270, 12, 1147, 703, 584, 423, 569, 45, 1048, 462, 1404, 604, 609, 228, 69, 300, 901, 429, 492, 745, 928, 25, 675, 778, 443]","[494, 428, 347, 133, 427]","[1068, 1009, 521, 6, 529]"
537,"[963, 202, 191, 237, 496, 211, 195, 98, 69, 216, 56, 97, 196, 238, 215, 127, 317, 183, 11, 187, 275, 144, 423, 100, 82, 12, 79, 153, 22, 223, 96, 318, 188, 199, 172, 483, 528, 182, 176, 174, 58, 50, 89]","[164, 956, 405, 692, 117, 240, 168, 568, 213, 31, 381, 710, 735, 258, 173, 42, 566, 143, 385, 294, 28, 181, 234, 210, 4, 137, 712, 527, 642, 162, 655, 276, 208, 273, 289, 121, 204, 88]","[195, 153, 216, 423, 96]","[234, 117, 208, 164, 642]"
538,"[382, 661, 242, 19, 131, 483, 185, 153, 956, 155, 197, 481, 527, 285, 170, 45, 357, 289, 303, 124, 286, 69, 962, 133, 610, 963, 275, 603, 269, 132, 319, 204, 306, 531, 59, 202, 163, 215, 301, 258, 660]","[50, 367, 58, 22, 127, 236, 239, 640, 238, 487, 1211, 372, 496, 340, 56]","[661, 124, 319, 660, 962]","[22, 50, 1211, 640, 238]"
539,"[7, 100, 50, 109, 742, 310, 596, 1048, 294, 1014, 250, 258, 1226, 111, 508, 455, 222, 293, 475, 20, 9, 597, 340, 181, 333, 257, 274, 286, 13, 269, 332, 270, 117, 1016, 471, 1011, 343, 762, 825, 25, 515, 276]","[245, 741, 150, 125, 1, 249, 591, 240, 126, 323, 820, 281, 300, 220, 628, 473, 280, 15, 405, 147, 121]","[332, 294, 475, 742, 286]","[281, 1, 405, 245, 280]"
540,"[756, 28, 210, 420, 781, 660, 699, 1, 465, 274, 239, 419, 143, 625, 222, 596, 181, 196, 257, 215, 225, 477, 8, 118, 651, 432, 62, 50, 476, 234, 142, 174, 1078, 941, 588, 102, 500, 553, 168, 755, 1084, 91, 418, 417, 843, 71, 526, 627, 511, 404, 66, 659, 140, 946, 79, 378, 427, 265, 110, 474, 73, 655, 99, 172, 501, 204, 993, 678, 83, 90, 304, 924, 709, 95, 173, 459, 1409, 543, 258, 468]","[654, 399, 423, 763, 560, 810, 255, 376, 769, 82, 452, 1035, 15, 121, 235, 88, 877, 1185, 1036, 1074, 1053, 1442, 732, 585, 527, 259, 402, 1315, 676, 38, 542, 403, 405, 584, 1047, 254, 63, 622, 278, 111, 29, 393, 151, 931, 812, 623, 826, 1091, 395, 1030, 1041, 139, 1412]","[50, 404, 102, 756, 142]","[405, 826, 877, 82, 121]"
541,"[396, 648, 318, 746, 265, 496, 69, 56, 693, 367, 28, 1059, 187, 238, 89, 411, 191, 1098, 58, 179, 479, 209, 684, 818, 655, 230, 100, 588, 23, 127, 501, 47, 410, 70, 531, 192, 237, 109, 772, 357, 99, 13, 208, 427, 418, 186, 41, 97, 315, 523, 172, 763, 168, 196, 952, 181, 12, 321, 423, 1, 432, 435, 509, 90, 64, 249, 48, 50, 173, 194]","[206, 214, 508, 8, 399, 866, 1218, 721, 475, 246, 288, 63, 382, 319, 346, 204, 790, 73, 210, 195, 150, 175, 273, 625, 80, 864, 775, 15, 734, 789, 1061, 451, 122, 433, 11, 732, 585, 71, 121, 959, 871, 235, 180, 627, 202, 420, 282, 42, 95, 393, 94, 780, 347, 87, 88, 401, 293, 695, 744, 22, 72, 384, 386, 132, 240]","[209, 191, 432, 396, 99]","[744, 346, 73, 386, 180]"
542,"[135, 83, 79, 199, 694, 179, 513, 1194, 207, 176, 591, 216, 86, 190, 129, 770, 403, 371, 516, 735, 202, 664, 443, 96, 381, 185, 28, 71, 165, 88, 187, 226, 519, 936, 566, 855, 4, 480, 529, 163, 111, 170, 8, 474, 302, 531, 56, 98, 161, 180, 479, 1099, 169, 656, 1524, 1014, 70, 684, 134, 102, 576, 204, 89, 147, 211, 303, 12, 114, 192, 663, 198, 521, 233, 367, 792, 174, 515, 237, 692, 61, 466, 508, 183, 212, 1159, 23, 177, 357, 197, 234, 60, 778, 188, 265, 200, 469, 195, 462, 82, 69, 59, 603, 9, 144, 432, 14, 191, 528, 64, 947]","[210, 982, 95, 1262, 231, 175, 85, 15, 117, 238, 810, 385, 194, 53, 831, 647, 110, 1619, 737, 748, 186, 578, 586, 410, 471, 44, 518, 704, 239, 97, 24, 214, 38, 313, 582, 157, 272, 1441, 761, 252, 742, 1555, 919, 550, 118, 720, 16, 715, 709, 651, 11, 636, 509, 730, 397, 94, 29, 702, 1199, 22, 391, 423, 13, 944, 2, 700, 160, 1174, 318, 62, 463, 660, 1073, 249, 568, 1416, 153, 324, 218, 66, 47, 796, 562, 642, 461, 732, 168]","[519, 529, 89, 202, 96]","[117, 1262, 636, 1416, 214]"
543,"[286, 749, 313, 300, 346, 302, 292]","[326, 312, 1280, 332, 689, 325, 258, 323, 271, 343, 310, 750, 331, 288, 338, 328, 259, 294, 304, 270, 877, 327, 301, 748]","[300, 292, 749, 346, 302]","[325, 343, 332, 877, 327]"
544,"[132, 222, 399, 210, 101, 73, 228, 524, 472, 810, 54, 254, 265, 520, 68, 231, 217, 69, 161, 689, 404, 71, 739, 135, 1, 413, 181, 196, 257, 549, 79, 183, 393, 746, 742, 199, 551, 230, 82, 96, 379, 541, 151, 121, 31, 99, 173, 732, 176, 174, 578, 588, 202, 204, 405, 968, 203, 98, 423, 117, 566, 328, 168, 175, 944, 28, 403, 164, 172, 205, 233, 218, 1028, 395, 227, 684, 50, 95, 62, 195]","[554, 710, 25, 89, 229, 226, 447, 22, 648, 636, 474, 144, 219, 680, 568, 88, 388, 444, 665, 215, 208, 55, 993, 633, 17, 729, 419, 182, 384, 820, 378, 743, 491, 97, 258, 575, 563, 373, 29, 569, 550, 211, 193, 391, 751, 94, 234, 1228, 546, 194, 890, 426, 78, 627, 80, 77, 450, 266, 177, 510, 232, 431, 434, 167, 679, 380, 720, 1188, 155, 142, 67, 271, 385, 139, 188, 542, 451, 386, 1091, 449, 326, 692]","[520, 176, 175, 551, 28]","[890, 386, 636, 391, 679]"
545,"[413, 928, 17, 118, 98, 288, 346, 436, 860, 56, 569, 930, 717, 347, 222, 349, 185, 7, 164, 322, 250, 977, 234, 145, 769, 590, 53, 181, 898, 758, 258, 200, 50, 379, 5, 219, 109, 760, 892, 567, 271, 121, 236]","[672, 286, 458, 895, 100, 457, 690, 294, 447, 751, 313, 816, 343, 665, 682, 300]","[219, 322, 288, 164, 5]","[665, 313, 690, 457, 343]"
546,"[328, 316, 354, 347, 258, 312, 333, 340, 345, 315, 313, 319, 302, 321, 751]","[301, 311, 332, 338, 303, 289, 294, 269]","[312, 340, 354, 302, 347]","[301, 269, 332, 303, 338]"
547,"[273, 636, 322, 264, 248, 1051, 118, 887, 255, 147, 1073, 657, 222, 298, 323, 649, 281, 258, 31, 270, 603, 307, 504, 7, 12, 117, 532, 23, 302, 654, 121, 443, 333, 1025, 460, 39, 234, 1014, 1278, 717, 292, 313, 1016, 466, 100, 282, 237, 185, 882, 581, 642, 1244, 326, 245, 331, 678, 751, 295, 229, 905, 156, 595, 343, 346, 257, 203, 79, 525, 742, 226, 181, 56, 696, 55, 233, 762, 50, 950, 659, 546, 316, 300, 750, 291, 597, 250, 431, 515, 405, 683, 98, 293, 127, 1, 164, 1047, 471, 176, 328, 475, 183, 218]","[690, 276, 458, 311, 1405, 235, 477, 760, 619, 991, 345, 315, 327, 14, 928, 591, 1089, 340, 344, 284, 748, 283, 3, 925, 1013, 277, 898, 358, 13, 628, 310, 978, 17, 286, 1011, 305, 15, 370, 275, 254, 347, 472, 539, 271, 252, 9, 272, 294, 413, 924, 151, 288, 25]","[233, 118, 659, 248, 316]","[294, 15, 277, 748, 17]"
548,"[866, 50, 288, 515, 100, 127, 118, 237, 181, 1, 121, 748, 258, 405]","[252, 225, 678, 1047, 472, 411, 620, 282, 24, 323, 151]","[515, 288, 118, 1, 258]","[252, 411, 282, 1047, 620]"
549,"[405, 323, 993, 300, 538, 310, 125, 50, 748, 288, 121, 328, 1620, 877, 924, 181, 313, 222, 271, 15, 249, 682, 258, 275, 257]","[259, 892, 255, 254, 846, 304, 301, 688, 252, 294, 1, 596, 237, 1089, 243]","[257, 15, 748, 300, 258]","[1, 892, 243, 688, 294]"
550,"[684, 578, 690, 365, 864, 286, 31, 260, 223, 581, 22, 132, 561, 318, 237, 582, 316, 566, 121, 161, 135, 616, 15, 959, 307, 742, 238, 185, 355, 203, 746, 340, 62, 1267, 343, 241, 1518, 193, 755, 127, 692, 471, 273, 748, 550, 698, 317, 651, 447, 79, 42, 780, 334, 56, 291, 658, 825, 268, 527, 98, 234, 222, 174, 183, 12, 827, 975, 156, 875, 118, 591, 505, 1169, 421, 402, 476, 230, 431, 693, 979, 3, 5, 332, 157, 313, 176, 180, 76, 943, 70, 544, 144, 554, 328, 272, 331, 24, 11, 216, 849, 117, 710, 188, 55, 282, 44, 195, 315, 95, 227, 1047, 735, 182, 186, 356, 198, 204, 762, 1139, 1443, 924, 774, 448, 739, 72, 1135, 732, 88, 346, 28, 147, 164, 751, 232, 288, 202, 205, 809, 410, 603, 763, 177, 92, 779, 802, 1011, 518, 26, 187, 1039, 468, 71, 7, 470, 796, 597, 570, 596, 357, 281, 168, 159, 69, 636, 294, 363, 1028, 226, 128, 508, 34, 111, 100, 415, 673, 67, 655, 531, 209, 97, 587, 433, 393, 125, 310, 284, 640, 64, 509, 1136, 196, 1439, 559, 1220, 326, 9, 162, 385, 155, 82, 218, 219, 228, 520, 210, 200, 333, 721, 300, 1051, 265, 1118, 211, 143, 33, 727, 17, 276, 568, 51, 229, 628, 941, 475, 89, 96, 215, 366, 233, 58, 192, 258]","[756, 405, 552, 13, 458, 950, 576, 292, 181, 274, 91, 50, 991, 43, 423, 944, 955, 25, 719, 1067, 1087, 2, 384, 1207, 808, 1314, 715, 354, 846, 1035, 1079, 912, 240, 1376, 479, 80, 717, 172, 38, 455, 917, 728, 685, 595, 696, 217, 1217, 90, 1419, 235, 747, 627, 572, 68, 411, 150, 708, 77, 324, 66, 73, 1621, 351, 761, 1059, 461, 460, 84, 451, 824, 386, 40, 1304, 1253, 1044, 720, 770, 280, 380, 54, 264, 765, 184, 153, 1303, 672, 760, 399, 49, 660, 4, 85, 245, 790, 686, 302, 546, 895, 833, 583, 403, 926]","[185, 684, 7, 746, 176]","[572, 761, 696, 1207, 808]"
551,"[301, 14, 742, 222, 50, 1014, 286, 248, 748, 294, 127, 237, 100, 121, 126, 258, 300]","[13, 151, 252, 225, 336, 322, 1277, 717, 829, 118, 760, 471, 864, 455, 249, 620, 123, 866, 15, 1315, 1620, 7, 274, 1152, 117, 412, 411, 291, 926, 988, 147, 125, 257, 243, 240, 282, 1048, 934, 25, 1051, 250, 826, 932, 591, 288, 815, 405, 515, 410, 1047, 284, 280, 873, 1278, 181, 1095, 323, 756, 977, 628, 1362, 619, 111, 845, 1, 148, 281]","[748, 294, 1014, 742, 258]","[336, 13, 1152, 240, 181]"
552,"[505, 511, 523, 22, 1451, 478, 482, 427, 131, 604, 646, 98, 307, 199, 265, 89, 151, 474, 177, 648, 490, 99, 205, 479, 641, 603, 111, 174, 218, 484, 435, 617, 515, 135, 615, 136, 191, 661, 1124, 238, 513, 100, 520, 190, 23, 519, 1009, 56, 197, 153, 367, 611, 275, 480, 1126, 132, 45, 181, 497, 506, 498, 525, 609, 631, 1194, 50, 487, 213, 187, 483, 170, 657, 589, 605, 524, 607, 178, 134, 655]","[182, 434, 496, 485, 492, 481, 1021, 86, 1200, 423, 186, 8, 638, 378, 559, 528, 81, 514, 1, 507, 527]","[99, 111, 482, 641, 199]","[1, 8, 559, 1200, 638]"
553,"[28, 8, 286, 87, 98, 69, 228, 82, 9, 432, 576, 118, 86, 79, 252, 174, 14, 318, 209, 692, 939, 11, 58, 864, 222, 423, 265, 151, 218, 132, 111, 732, 121, 405, 275, 71, 215, 684, 378, 31, 22, 230, 204, 289, 531, 202, 597, 527, 328, 1046, 15, 133, 95, 526, 50, 77, 70, 56, 117, 191, 181, 172]","[582, 229, 696, 546, 542, 67, 845, 411, 742, 951, 274, 227, 223, 43, 678, 173, 220, 238, 820, 66, 100, 125, 294, 21, 216, 819, 595, 596, 282, 1, 13, 1042, 237, 756, 1012, 273, 770, 4, 245, 179, 735, 728, 717, 284, 7, 276, 288, 866, 1284, 1028, 68, 1041]","[191, 405, 71, 328, 732]","[125, 582, 742, 173, 284]"
554,"[168, 87, 480, 249, 236, 489, 7, 285, 326, 147, 269, 117, 357, 169, 120, 410, 762, 748, 150, 181, 195, 248, 21, 25, 340, 129, 318, 505, 111, 319, 50, 328, 89, 1013, 252, 301, 13, 244, 274, 118, 100, 405]","[1054, 546, 271, 302, 288, 121, 258, 47, 235, 265]","[87, 357, 244, 117, 169]","[47, 235, 265, 1054, 288]"
555,"[327, 496, 192, 170, 520, 479, 48, 132, 507, 64, 288, 1065, 603, 12, 513, 481, 187, 134, 127, 493, 178, 604, 318, 172, 340, 209, 268, 324, 286, 427, 302, 133, 523, 482, 321]","[325, 294, 323, 988, 319, 707, 173, 135, 243]","[523, 132, 48, 172, 496]","[707, 173, 319, 323, 243]"
556,"[166, 8, 508, 343, 254, 271, 127, 872, 299, 58, 334, 180, 96, 50, 300, 198, 750, 12, 298, 529, 532, 268, 337, 197, 292, 289, 875, 246, 176, 165, 307, 1176]","[262, 294, 257, 1070, 892, 288, 150, 269, 327, 887, 322, 325, 253, 682, 252, 346, 1244, 865, 270, 305, 739]","[8, 529, 197, 750, 127]","[322, 257, 294, 739, 252]"
558,"[902, 188, 73, 514, 4, 315, 191, 265, 127, 1101, 210, 527, 528, 427, 199, 523, 318, 216, 163, 519, 197, 502, 322, 69, 182, 55, 385, 226, 196, 550, 515, 144, 180, 587, 520, 174, 87, 205, 566, 863, 513, 300, 652]","[524, 204, 294, 435, 687, 238, 187, 1141, 511, 153, 393, 233, 194, 257, 508, 398, 12, 195, 660, 70, 661, 1556, 259, 261, 22, 94, 202, 521, 56, 1401, 347, 167, 311]","[144, 315, 385, 519, 188]","[294, 12, 194, 56, 521]"
559,"[203, 319, 423, 478, 288, 1, 258, 813, 250, 246, 134, 654, 1014, 89, 183, 137, 100, 270, 12, 847, 318, 255, 1405, 653, 127, 181, 1021, 268, 483, 211, 249, 405, 168, 498, 271, 302, 1019, 275, 197, 50, 606, 11, 222]","[7, 123, 108, 1160, 118, 756, 864, 260, 13, 25, 281, 235, 480, 1163, 136, 1171, 1008, 975, 1333, 597, 411, 358, 111, 429, 489, 240, 496, 277, 321, 1265, 1073, 845, 132, 122, 278, 476, 617, 284, 458, 301, 928, 472, 151, 264, 24, 93, 109, 121, 1215, 546, 201, 58, 1134, 22, 1016, 508, 257, 515]","[249, 319, 89, 181, 1019]","[24, 1134, 201, 1333, 123]"
560,"[23, 7, 343, 582, 469, 489, 1009, 211, 1524, 518, 530, 497, 154, 458, 1120, 640, 346, 661, 537, 436, 1069, 32, 382, 170, 302, 98, 135, 93, 273, 285, 179, 100, 520, 52, 1449, 47, 174, 188, 130, 12, 223, 1103, 425, 180, 710, 175, 1512, 432, 657, 183, 956, 443, 157, 607, 131, 91, 48, 523, 656, 345, 46, 168, 276, 203, 196, 652, 1149, 56, 503, 427, 494, 480, 484, 116, 286, 428, 474, 209, 200, 1131, 70, 86, 511, 238, 479, 1070, 171, 483, 173, 603, 194, 772, 524, 512, 960, 178, 156, 615, 507, 488, 11, 478, 1021, 176, 514, 185, 617, 492, 89, 55, 9, 664, 197, 199, 505, 611]","[51, 164, 143, 805, 1101, 151, 204, 584, 501, 53, 109, 15, 19, 1139, 678, 468, 124, 222, 506, 1220, 1, 62, 239, 513, 64, 616, 1119, 1024, 163, 671, 65, 1074, 318, 42, 141, 218, 205, 393, 92, 597, 1529, 13, 304, 193, 410, 735, 80, 708, 645, 202, 1153, 45, 14, 1110, 715, 241, 959, 258, 228, 461, 219, 890, 317, 732, 8, 229, 231, 81, 642, 1230, 172, 724, 684, 216, 240, 243, 234, 895, 811, 679, 702, 578, 212, 614, 405, 665, 132, 319, 447, 191, 430, 431, 121, 568, 744, 277, 356, 10, 371, 362, 980, 559, 751, 971, 214, 589, 58, 946, 608, 95, 790, 515, 746, 644, 631, 217, 719, 97, 198, 550, 380, 693, 195, 155, 1015, 955, 367, 2, 1035, 22, 67, 28, 705, 31, 181, 451, 921, 403, 673, 215, 71, 952, 426, 475, 50, 1018, 539, 675, 87, 1478, 780, 1170, 676, 733, 232, 510, 3, 455, 268, 4, 542, 1044, 1010, 1039, 96, 1059, 379, 655, 849, 660, 72, 549, 210, 162, 762, 470, 79, 473, 802, 546, 153, 423, 1229, 1267, 496, 544, 40, 230, 235, 233, 88, 462, 943, 186, 184, 77, 794, 433, 748, 701, 739, 24, 117, 636, 435, 639, 1294, 182, 284, 596, 526, 737, 692, 201, 1115, 207, 629, 25, 925, 709, 928, 588, 385, 651, 531, 357, 206, 69, 133, 144, 160, 159, 99, 566, 1210, 17, 942, 226, 504, 417, 49]","[582, 537, 469, 1009, 131]","[475, 40, 676, 751, 160]"
561,"[443, 462, 191, 720, 480, 418, 501, 197, 427, 727, 477, 5, 416, 402, 1039, 684, 98, 218, 73, 286, 143, 79, 141, 504, 435, 144, 127, 132, 153, 135, 174, 591, 194, 185, 173, 50, 582, 190, 483, 1126, 88, 550, 148, 566, 432, 234, 485, 82]","[56, 636, 114, 66, 89, 806, 230, 118, 231, 1, 181, 161, 133, 4, 458, 385, 229, 318, 393, 204, 357, 511, 323, 514]","[720, 197, 135, 88, 504]","[118, 161, 66, 514, 229]"
562,"[1035, 692, 233, 401, 367, 50, 237, 210, 118, 153, 181, 781, 403, 70, 255, 257, 321, 301, 172, 167, 220, 566]","[254, 412, 862, 678, 476, 304, 294, 871]","[367, 50, 172, 257, 153]","[254, 862, 871, 294, 476]"
563,"[121, 345, 257, 344, 472, 300, 597, 289, 50, 292, 181, 313, 245, 117, 118, 127, 258]","[1399, 333, 750, 827, 312, 831, 323, 930, 1034, 1016, 1025, 298, 272, 685, 281, 302, 924]","[118, 121, 50, 127, 258]","[924, 1016, 323, 312, 281]"
565,"[177, 8, 1193, 83, 480, 89, 242, 651, 7, 77, 727, 196, 82, 207, 117, 707, 772, 512, 705, 392, 479, 157, 856, 98, 405, 213, 218, 461, 127, 483, 673, 529, 192, 959, 1005, 12, 163, 161, 202, 511, 582, 203, 318, 182, 100, 763, 70, 165, 684, 273, 170, 191, 736, 387, 2, 443, 523, 69, 210, 631, 156, 86, 134, 1065, 411, 133, 378, 20, 496, 693, 64, 135, 56, 168, 508, 137, 136, 660, 23, 166, 521, 265, 462]","[395, 33, 1232, 423, 71, 154, 235, 755, 485, 88, 15, 95, 1044, 25, 186, 96, 327, 384, 97, 80, 240, 393, 54, 575, 230, 215, 288, 1437, 31, 204, 465, 403, 219, 228, 419, 122, 110, 155, 386, 181, 121, 11, 173, 879, 742, 231, 576, 49, 234, 144, 22, 790, 172, 50, 260, 685, 78, 385, 1028, 108, 143, 388, 467, 94, 153, 289]","[856, 318, 157, 20, 378]","[228, 88, 22, 50, 395]"
566,"[1019, 636, 482, 615, 613, 302, 7, 1131, 1204, 221, 480, 483, 606, 517, 919, 298, 273, 496, 611, 478, 617, 176, 504, 506, 497, 646, 641, 156, 133, 648, 60, 268, 604, 168, 299, 209, 484, 293, 603, 430, 675, 811, 493, 475, 192, 469, 659, 124, 9, 653, 607, 175, 188, 479, 47, 183, 185, 203, 847, 487, 177, 173, 1022, 134, 12, 640, 32, 474, 23, 1021, 647, 179, 198, 136, 246, 679, 481, 271, 89, 498, 187, 223, 514, 492, 387, 657, 178, 127, 608, 248, 490, 96, 433, 434, 612, 199, 654, 190, 507, 182, 152, 1298, 197, 59, 83, 489, 56, 589, 429, 10, 705, 513, 494, 525, 650]","[252, 1, 318, 257, 1020, 191, 132, 181, 491, 306, 135, 170, 582, 357, 174, 836, 521, 511, 1451, 194, 205, 234, 212, 1252, 100, 195, 297, 109, 50, 1012, 631, 527, 673, 79, 423, 340, 427, 39, 523, 303]","[496, 469, 434, 187, 168]","[582, 318, 306, 234, 194]"
567,"[606, 835, 269, 185, 1050, 475, 474, 165, 1203, 615, 509, 478, 462, 603, 213, 494, 486, 242, 1286, 224, 479, 641, 135, 661, 56, 79, 30, 483, 178, 100, 303, 653, 631, 127, 427, 604, 1125, 423, 488, 1137, 191, 529, 482, 134]","[194, 923, 59, 954, 525, 491, 6, 286, 1005, 988, 435, 504, 659, 162, 638, 855, 301, 132, 772, 656, 612, 319, 493, 187, 530, 512, 234, 520, 199, 519, 179, 735, 523, 430, 524, 497, 611]","[475, 606, 483, 1203, 30]","[319, 772, 855, 301, 611]"
568,"[1, 283, 25, 126, 50, 151, 248, 287, 302, 676, 340, 237, 276, 9, 473, 15, 236, 19, 286, 685, 321, 258, 1197, 284, 257, 7, 100, 14, 124, 301, 274, 118, 291, 328]","[111, 222, 3, 924, 117, 252, 475, 458, 121, 125, 508, 826, 979, 16, 748, 225, 1014, 268, 281, 405, 1284, 756, 13, 300, 294, 273, 298, 325, 762, 288, 471, 455, 277, 333, 546, 295]","[340, 291, 9, 236, 19]","[325, 333, 508, 1014, 455]"
569,"[303, 302, 305, 286, 271, 327]","[245, 326, 288, 324, 690, 301, 243, 748, 258, 289, 879, 886, 358, 268, 321, 340]","[327, 303, 286, 271, 302]","[268, 358, 690, 340, 301]"
570,"[124, 64, 174, 964, 462, 657, 357, 45, 114, 484, 191, 181]","[496, 604, 47, 194, 1039, 69, 32, 144]","[114, 484, 964, 462, 357]","[69, 47, 144, 1039, 496]"
571,"[300, 476, 13, 124, 319, 9, 14, 286, 301, 813]","[1010, 1137, 1171, 289, 277, 121, 222, 924, 100, 284]","[13, 286, 300, 476, 9]","[289, 1010, 924, 222, 277]"
572,"[194, 192, 127, 661, 427, 211, 478, 69, 480, 492, 632, 162, 275, 713, 479, 178, 144, 10, 174, 283, 513, 50, 657, 182, 507, 258, 347, 22, 180, 157, 216, 179, 654, 135, 519, 237, 134, 523, 528]","[143, 205, 176, 183, 1012, 185, 685, 276, 286, 423, 836, 495]","[134, 654, 237, 179, 713]","[1012, 143, 495, 176, 185]"
573,"[300, 258, 272, 245, 302, 1313, 289, 310, 269, 1062, 900, 319, 262, 883, 213, 316, 344, 346, 100, 288, 242, 887, 268, 312, 311, 754]","[315, 321, 690, 331, 910, 345, 333, 347, 332, 270, 327, 303, 340, 896, 1022, 305, 286, 750, 358, 328]","[302, 346, 754, 883, 1062]","[340, 358, 345, 333, 896]"
574,"[173, 194, 427, 98, 96, 79, 176, 357, 318, 603, 168]","[215, 322, 506, 181, 507, 483, 50, 304, 127, 294, 321, 111, 963, 182, 531]","[603, 176, 79, 318, 173]","[215, 322, 182, 483, 321]"
575,"[280, 825, 435, 181, 70, 237, 514, 257, 15, 248, 50, 125, 210, 124, 471, 204, 1, 7, 100]","[9, 381, 259, 56, 275, 319, 323, 137, 815, 475, 276, 294, 255, 208, 763, 324, 678]","[435, 50, 204, 825, 100]","[208, 259, 763, 475, 137]"
576,"[229, 284, 204, 662, 117, 684, 95, 186, 393, 720, 110, 443, 40, 365, 845, 727, 12, 385, 623, 561, 595, 225, 655, 1531, 168, 241, 423, 58, 866, 1209, 4, 25, 87, 651, 132, 1033, 939, 63, 407, 1, 208, 531, 265, 582, 100, 69, 217, 140, 8, 191, 194, 71, 147, 549, 65, 566, 28, 665, 151, 226, 111, 579, 436, 31, 399, 54, 82, 173, 64, 79, 161, 627, 735, 663, 298, 742, 237, 172, 313, 102, 1044, 470, 96, 196, 174, 472, 48, 465, 409, 215, 202, 317, 403, 49, 496, 183, 318, 1042, 133, 50, 98, 427, 588, 1147, 22, 294, 216, 941, 121, 356, 402, 770, 1028, 732, 97, 68, 5, 125, 826, 1046, 181, 176]","[471, 996, 188, 15, 38, 218, 1291, 380, 932, 795, 1032, 281, 230, 808, 11, 203, 338, 545, 560, 1271, 99, 44, 829, 56, 447, 673, 210, 949, 85, 228, 728, 118, 739, 77, 55, 425, 29, 468, 307, 143, 7, 1517, 405, 568, 62, 240, 410, 693, 708, 768, 546, 179, 1054, 550, 1219, 559, 234, 823, 763, 1336, 1035, 819, 452, 200, 660, 88]","[318, 655, 202, 436, 496]","[560, 932, 823, 546, 447]"
577,"[222, 298, 313, 300, 1016]","[294, 380, 323, 1264, 355, 343, 1098, 678, 258, 250, 324, 272, 288, 245, 246, 346, 268, 751, 325]","[313, 300, 222, 1016, 298]","[346, 288, 324, 325, 1098]"
578,"[1, 845, 83, 528, 168, 98, 111, 100, 288, 183, 216, 603, 428, 173, 286, 709, 209, 66, 258, 333, 194, 582, 88, 169, 732, 435, 520, 202, 692, 393, 50, 153, 25, 294]","[179, 1074, 89, 328, 655, 408, 1047, 49, 238, 303, 269, 56, 433, 65, 676, 1446, 82, 211, 326, 381, 514, 748, 245, 877, 186, 204, 1110, 69, 7, 382, 289, 234, 210, 70, 327, 268, 523, 4, 331, 228]","[202, 732, 428, 98, 169]","[269, 89, 523, 49, 676]"
579,"[825, 148, 358, 294, 123, 181, 289, 252, 455, 250, 249, 258, 871, 343, 271, 866, 286, 50, 121, 282, 288, 3, 257]","[7, 300, 329, 1028, 281, 471, 405, 546, 100, 687, 1014, 323, 222, 748, 15, 348, 1, 147, 597, 125, 619, 151, 25, 829]","[3, 286, 871, 249, 358]","[1, 329, 222, 546, 15]"
580,"[50, 919, 100, 813, 9, 224, 1375, 285, 127, 253, 515, 475, 1097, 7, 844, 137, 1353, 1367, 922]","[847, 181, 283, 221, 269, 275, 276, 222, 936]","[285, 1353, 253, 9, 7]","[275, 181, 936, 276, 222]"
581,"[246, 750, 258, 222, 93, 124, 181, 7, 1215, 50, 268, 472, 477, 475, 293, 151, 1014, 269, 547, 919, 100, 271, 508, 313, 458, 1, 240]","[948, 250, 826, 288, 760, 237, 410, 121, 3, 455, 763, 15, 411, 369, 257, 300, 1033, 235, 748, 597, 405, 932, 841, 125, 742, 676, 473, 294, 988, 117, 321, 328, 25, 831, 118]","[750, 93, 458, 124, 919]","[411, 15, 118, 455, 369]"
583,"[114, 258, 172, 40, 313, 109, 423, 161, 230, 249, 227, 222, 228, 181, 50]","[82, 229, 449, 165, 431, 25, 450, 541, 108]","[181, 258, 109, 230, 161]","[449, 82, 108, 165, 25]"
584,"[1488, 463, 1512, 863, 212, 707, 166, 190, 45, 639, 638, 1158, 1535, 207, 1121, 70, 1009, 1193, 923, 510, 61, 1623, 213, 1005, 736, 1449, 59, 713, 1558, 740, 634, 165, 170, 86, 1155, 20, 60, 1149, 509, 1501, 557, 275, 286, 14, 198, 652, 30, 283]","[1347, 582, 113, 730, 1266, 1524, 116, 224, 1018, 971, 1323, 1344, 1485, 1021, 1319, 970, 171, 584, 340, 10, 529, 19, 18, 83, 52, 919, 1475, 855, 543, 640, 462, 313]","[1535, 639, 1009, 286, 86]","[584, 1524, 171, 529, 970]"
585,"[39, 559, 187, 174, 926, 403, 226, 470, 210, 161, 156, 200, 233, 144, 358, 33, 720, 31, 379, 254, 237, 273, 160, 181, 202, 29, 1042, 1273, 467, 76, 51, 405, 127, 69, 820, 215, 121, 655, 451, 550, 195, 96, 172, 183, 288, 3, 118, 159, 217, 50, 265, 1218, 117, 780, 17, 53, 241, 356, 763, 56, 79, 806, 67, 939, 68]","[628, 665, 148, 756, 203, 281, 219, 1407, 928, 28, 568, 176, 235, 186, 276, 578, 229, 82, 249, 651, 496, 239, 155, 742, 849, 1047, 240, 27, 591, 397, 672, 436, 238, 250, 761, 468, 541, 11, 452, 586, 228, 790, 153, 676, 427, 318, 800, 841, 385, 173, 23, 77, 185, 92, 230, 188, 204, 295, 809, 566, 85, 83, 54, 1249, 930, 779, 581, 569, 1207, 231, 411, 22, 80, 218, 184, 234, 1090, 393, 177, 123, 284, 808, 164, 576, 735, 182, 1046, 679, 410, 44, 423, 72, 696, 693, 551, 232, 431, 222, 978, 227, 257]","[174, 939, 254, 31, 56]","[123, 22, 1407, 249, 148]"
586,"[303, 272, 343, 300, 259, 288, 325, 338, 1483, 340, 691, 271, 316, 270, 937, 286, 304, 332, 895, 323, 313, 268, 264, 914, 333, 315, 258, 1265, 307, 262, 260, 305, 1625]","[995, 748, 327, 881, 875, 349, 879, 347, 261, 688, 873, 312, 682, 1624, 326, 887, 749, 892, 342, 938, 902, 687, 339, 350, 269, 905, 690, 266, 353, 310, 878, 886, 355, 750, 989, 351, 308, 678, 880, 243, 877, 330, 294, 918, 334, 358, 689, 680, 888, 876, 289, 331, 890, 301, 319, 681, 916, 328, 322, 302, 321, 988, 292, 245, 539]","[260, 340, 325, 300, 332]","[269, 687, 879, 887, 938]"
587,"[721, 365, 204, 432, 71, 40, 783, 99, 143, 258, 25, 347, 1039, 15, 333, 699, 316, 278, 288, 451, 428, 220, 215, 282, 272, 172, 318, 934, 597, 217, 164, 419, 131, 85, 72, 154, 559, 810, 133, 739, 395, 142, 1428, 417, 315, 846, 483, 433, 132, 83, 588, 638, 959, 658, 645, 1, 393, 578, 485, 121, 421, 42, 184, 684, 747, 471, 28, 402, 354, 79, 1044, 231, 742, 367, 161, 51, 173, 941, 68, 162, 181, 63, 82, 117, 1240, 1074, 570, 206, 1061, 8, 366, 815, 553, 1091, 239, 107, 762, 326, 210, 155, 969, 268, 225, 12, 178, 88, 168, 307, 22, 697, 928, 568, 95, 732, 1078, 313, 821, 463, 716, 370, 21, 692, 286, 216, 151, 50, 720, 234, 1098, 186, 735, 283, 472, 301, 356, 660, 56, 294, 91, 265]","[31, 207, 227, 1047, 144, 260, 73, 423, 623, 1041, 289, 652, 496, 1508, 751, 723, 832, 97, 110, 531, 118, 174, 94, 208, 125, 781, 399, 728, 602, 386, 873, 1053, 230, 69, 475, 404, 731, 275, 566, 724, 778, 165, 678, 362, 554, 655, 880, 62, 1058, 1469, 443, 384, 1180, 550, 1219, 561, 385, 842, 1411, 98, 222, 755, 380, 468, 202, 542, 729, 24, 625, 713, 29, 66, 67, 584, 552, 159, 403, 100, 111, 237, 1311, 447, 382, 378, 7]","[316, 164, 117, 155, 645]","[842, 832, 165, 781, 260]"
588,"[313, 288, 678, 259, 895, 294, 538, 892, 300, 272, 682, 873, 689, 879, 333, 688, 339, 310, 304, 751, 690, 332, 877, 328]","[268, 340, 289, 995, 327, 307, 271, 286, 749, 258, 243, 323, 301, 322, 338, 334, 336, 326, 324]","[751, 892, 304, 332, 690]","[301, 327, 307, 271, 286]"
589,"[285, 221, 150, 276, 1017, 126, 100, 744, 475, 14, 287, 127, 13, 286, 116, 6, 740, 248, 275, 1331, 137, 19, 547, 124, 676]","[754, 864, 244, 1129, 255, 15, 130, 282, 9, 515, 125, 237, 546, 1014, 1061, 274, 284, 591, 111, 476, 298, 293, 1009]","[287, 19, 676, 124, 547]","[754, 864, 591, 244, 15]"
590,"[1099, 191, 382, 740, 204, 286, 56, 275, 921, 1111, 514, 238, 86, 48, 116, 100, 127, 487, 393, 357, 517, 381, 792, 615, 508, 655, 211, 428, 923, 25, 196, 79, 285, 13, 306, 45, 216, 709, 64, 956, 435, 70, 1120, 603, 283, 4, 194, 856, 523]","[787, 1017, 322, 934, 88, 72, 235, 580, 367, 94, 516, 466, 47, 662, 172, 300, 451, 1028, 210, 732, 202, 866, 1041, 168, 182, 66, 237, 710, 85, 712, 110, 511, 954, 8, 26]","[523, 275, 48, 211, 191]","[710, 662, 866, 182, 712]"
591,"[418, 124, 50, 204, 297, 79, 969, 20, 433, 324, 202, 1623, 742, 288, 1134, 408, 455, 1187, 201, 184, 806, 255, 847, 157, 354, 1008, 347, 251, 318, 187, 147, 425, 195, 197, 271, 42, 303, 56, 258, 952, 238, 273, 1, 262, 272, 61, 32, 168, 319, 179, 345, 28, 169, 652, 533, 137, 833, 59, 64, 682, 306, 215, 250, 484, 508, 705, 1039, 174, 919, 521, 546, 313, 283, 963, 11, 216, 100, 81, 461, 257, 320, 367, 702, 144, 14, 4, 854, 173, 12, 305, 534, 307, 1514, 405, 1097, 121, 192, 248, 421, 483, 221, 150, 1014, 479, 193, 844, 752, 223, 900, 853, 8, 265, 845, 589, 122, 1017, 657, 763, 522, 234, 191, 1199, 1073, 1226, 344, 98, 875, 327, 466, 188, 289, 293, 936, 242, 281, 1129, 194, 730, 132, 1184, 469, 655, 149, 686, 48, 93, 178, 1143, 544, 547, 1010, 89, 333, 346, 172, 1067, 1070, 443, 60, 467, 747, 482, 176, 224, 23, 382, 116, 92, 87, 69, 1356, 55, 71, 302, 340, 514, 357, 189, 268, 1016, 410, 15, 58, 1022, 196, 117, 285, 123, 480, 246, 276, 70, 22, 1011, 9, 568, 1071, 96, 475, 95, 887, 129, 47, 97, 526, 298, 471, 971, 427, 423, 249, 975, 286, 269, 326, 527, 654, 182, 24, 180, 1264, 151, 315, 463, 512, 198, 762, 813, 735, 237, 985, 1142, 518, 282, 591, 99, 558, 789, 350, 185, 170, 183, 7, 501, 3, 203, 134, 531, 135, 260, 603, 295, 750, 13, 109, 127, 1012]","[323, 336, 1315, 988, 1009, 125, 1377, 264, 1025, 876, 263, 411, 460, 1060, 457, 291, 266, 1319, 689, 330, 334, 432, 823, 782, 820, 236, 619, 1609, 1265, 1047, 342, 253, 631, 339, 331, 751, 118, 1281, 922, 294, 322, 1085, 181, 338, 898, 825, 261, 243, 301, 1023, 259, 925, 312, 678, 328, 744, 881, 332, 252, 939, 597, 292, 1048, 885, 890, 358, 472, 325, 895, 343, 431, 1258, 235, 245, 222, 1275, 680, 754, 893, 299, 683, 877, 1059, 140, 815, 931, 892, 886, 1276, 409, 287, 458, 685, 688, 1166, 748, 681, 628, 1620, 148, 1082, 984, 1079]","[20, 1, 182, 952, 655]","[245, 1079, 331, 689, 458]"
592,"[633, 79, 211, 5, 172, 196, 402, 216, 70, 66, 100, 71, 125, 83, 77, 117, 807, 183, 193, 69, 162, 159, 659, 866, 241, 4, 140, 568, 174, 423, 15, 26, 173, 50, 357, 723, 660, 161, 286, 966, 143, 155, 98, 118, 385, 164, 56, 739, 1119, 747, 699, 366, 11, 591, 97, 200, 255, 133, 288, 282, 153, 237, 131, 318, 301, 735, 204, 417, 238, 742, 121, 111, 762, 283, 478, 144, 1016, 284, 88, 496, 179, 393, 163, 313, 272, 126, 181, 58, 223]","[392, 210, 655, 1035, 234, 609, 245, 65, 501, 597, 724, 182, 584, 1028, 692, 158, 451, 9, 815, 220, 275, 470, 781, 280, 846, 476, 661, 322, 619, 631, 761, 580, 278, 371, 106, 1012, 276, 157, 471, 546, 763, 25, 744, 233, 732, 1221, 51, 122, 949, 405, 977, 845, 8, 685, 49, 1014, 974, 468, 285, 73, 553, 775, 535, 40, 274, 293, 1]","[866, 50, 966, 385, 402]","[210, 580, 1221, 285, 158]"
593,"[222, 14, 357, 242, 15, 221, 269, 100, 127, 199, 520, 515]","[237, 744, 286, 126, 988, 181, 50, 319, 483, 19, 245, 292, 276]","[15, 269, 515, 100, 127]","[50, 181, 237, 245, 483]"
594,"[1067, 1134, 289, 1059, 1009, 15, 282, 994, 591, 762, 508, 268, 151, 922, 330, 844, 181, 9, 475, 952, 246, 346, 298, 546, 293, 864, 14, 258, 3, 275, 1142, 410, 111, 50, 460, 127, 1010, 290, 100, 547]","[1264, 825, 1094, 928, 742, 763, 129, 597, 368, 291, 369, 930, 926, 1259, 255, 237, 678, 1312, 1061, 929, 324, 411, 294, 824, 880, 820, 109, 1023, 358, 748, 235, 304, 1165, 544, 325, 948, 222, 336, 288, 826, 815, 744, 240, 273, 845, 717, 121, 472, 274, 1028, 979, 871, 676, 986, 1047, 108]","[127, 410, 994, 246, 3]","[928, 288, 273, 824, 325]"
595,"[288, 294, 313, 181, 682, 323, 295, 300, 328, 50, 286]","[678, 123, 258, 13, 276, 149, 895, 289, 222]","[181, 288, 323, 300, 286]","[276, 678, 289, 149, 222]"
596,"[328, 300, 1152, 242, 298, 293, 15, 225, 50, 264, 763, 235, 283, 250, 127, 181, 151, 688, 477, 1016, 289, 294, 275, 742, 825, 748]","[824, 988, 936, 713, 1534, 295, 678, 323, 111, 24, 1, 118, 326, 990, 286]","[151, 1152, 477, 688, 294]","[990, 824, 295, 936, 1]"
597,"[323, 349, 350, 313, 750, 292, 898, 308, 258, 312, 286, 748, 22, 300, 538]","[343, 691, 347, 269, 690, 895, 751, 260, 243, 259]","[750, 300, 308, 312, 22]","[269, 895, 343, 691, 243]"
598,"[682, 282, 873, 471, 1152, 1095, 928, 988, 237, 111, 595, 535, 756, 1315, 975, 888, 948, 1277, 255, 1014, 274, 763, 845, 748, 288, 476, 1278, 284, 846, 1, 220, 546, 280, 294]","[120, 934, 815, 508, 319, 260, 276, 872, 278, 1357, 245, 1048, 866]","[471, 1, 888, 1152, 682]","[245, 276, 866, 120, 1048]"
599,"[127, 227, 554, 526, 435, 550, 176, 226, 210, 50, 11, 651, 761, 62, 89, 510, 530, 450, 241, 188, 22, 269, 172, 515, 399, 177, 449, 684, 96, 161, 181, 56, 230, 195, 570, 4, 665, 182, 511, 187, 174, 183, 947, 1004, 518, 53, 568, 82, 79]","[92, 229, 1110, 1228, 2, 583, 1407, 38, 1231, 27, 228, 265, 403, 233, 586, 540, 562, 810, 1188, 541, 184, 29, 779, 231, 576, 385, 679, 771, 232, 431, 373, 1239, 720, 578, 566, 391, 759, 1419, 1274, 802]","[554, 761, 568, 172, 511]","[541, 373, 29, 562, 231]"
600,"[324, 181, 419, 174, 276, 496, 164, 250, 109, 179, 740, 482, 584, 1615, 127, 671, 186, 133, 191, 185, 172, 410, 91, 443, 763, 64, 22, 154, 201, 153, 87, 107, 427, 504, 163, 156, 222, 131, 241, 132, 183, 258, 210, 1084, 508, 230, 455, 141, 436, 357, 135, 318, 173, 325, 168, 483, 178, 479, 50, 429, 921, 260, 475, 100, 1039, 65, 382, 228, 1116, 284, 9, 431, 208, 198]","[1073, 834, 699, 623, 176, 257, 196, 184, 411, 39, 290, 140, 418, 21, 588, 1079, 71, 476, 949, 472, 287, 157, 58, 842, 12, 98, 225, 47, 378, 1135, 1047, 125, 151, 820, 673, 840, 928, 123, 143, 389, 1028, 1296, 204, 69, 1540, 288, 56, 1063, 238, 591, 405, 99, 259, 8, 864, 118, 96, 743, 294, 421, 148, 234, 121, 239, 416, 82, 365, 934, 387, 195, 406, 15, 473, 660]","[107, 183, 508, 208, 22]","[660, 834, 8, 96, 143]"
601,"[678, 304, 125, 50, 988, 127, 181, 148, 257, 9, 121, 1, 237, 538, 358, 117, 880, 294, 259]","[871, 748, 895, 457, 343, 261, 508, 243, 118, 300]","[125, 237, 181, 988, 257]","[343, 871, 300, 457, 243]"
602,"[230, 173, 11, 172, 100, 181, 748, 429, 380, 923, 183, 229, 1240, 385, 1483, 12, 294, 449, 216, 751, 180, 222, 313, 988, 22, 326, 210, 250, 50, 89, 474, 7, 56]","[21, 174, 931, 157, 271, 62, 419, 176, 747, 450, 228, 273, 227, 288]","[12, 380, 56, 180, 313]","[450, 931, 228, 227, 157]"
603,"[234, 670, 164, 48, 448, 637, 127, 558, 100, 7, 567, 447]","[444, 183, 185, 413, 201, 5, 200, 56, 184, 443, 218, 441, 98, 672, 288]","[447, 127, 48, 558, 567]","[201, 98, 288, 56, 444]"
604,"[127, 527, 531, 601, 137, 180, 582, 15, 133, 9, 98, 318, 483, 462, 191, 340, 252, 521, 282, 1226, 260, 176, 276, 288, 100, 22, 295, 496, 528, 286, 223, 132, 294, 357, 153, 126, 14, 69, 949, 269, 619, 371, 302, 12, 79, 408, 135, 1, 508, 523, 526, 333, 934, 187, 64, 275]","[284, 174, 754, 1040, 827, 237, 879, 255, 475, 325, 300, 293, 831, 121, 118, 873, 597, 301, 124, 143, 678, 117, 405, 471, 70, 238, 215, 210, 338, 245, 546, 930, 274, 111]","[127, 282, 269, 9, 276]","[678, 405, 546, 338, 1040]"
605,"[418, 15, 186, 147, 473, 620, 96, 763, 95, 11, 228, 966, 287, 258, 64, 746, 33, 288, 22, 7, 421, 530, 265, 423, 549, 31, 660, 483, 144, 28, 1518, 1039, 214, 432, 928, 709, 132, 68, 172, 150, 83, 89, 203, 125, 161, 993, 174, 56, 562, 191, 239, 628, 157, 71, 25, 925, 135, 326, 194, 313, 729, 176, 216, 749, 91, 200, 183, 298, 69, 477, 248, 427, 419, 117, 507, 195, 48, 151, 939, 175, 99, 531, 747, 250, 237, 924, 662, 498, 100, 121, 491, 845, 435, 93, 655, 471, 24, 307, 196, 735, 168, 3, 385, 179, 508, 969, 405, 1055, 55, 963, 173, 206, 806, 234, 88, 187, 238, 333, 585, 111, 281, 293, 568, 209, 596, 156, 619, 501, 825, 181, 50, 204, 257, 202, 475, 468, 211, 516, 959, 282, 844, 942, 118, 127, 284, 98, 651, 323, 255, 201, 215, 38, 82, 273, 833, 1, 404, 713, 472, 527, 180, 546, 184, 441, 198, 188, 1065, 588, 1149, 393, 87, 692, 178, 97]","[123, 241, 1110, 210, 124, 197, 1277, 756, 760, 410, 455, 225, 153, 42, 1280, 208, 748, 1190, 428, 816, 647, 841, 1199, 222, 652, 1047, 1010, 1151, 103, 138, 685, 12, 129, 537, 260, 678, 294, 108, 684, 249, 148, 717, 919, 1016, 827, 591, 451, 81, 230, 8, 637, 79, 1011, 63, 951, 154, 236, 58, 185, 235, 926, 576]","[204, 293, 1518, 144, 56]","[12, 451, 591, 647, 455]"
606,"[487, 529, 107, 86, 528, 847, 180, 45, 498, 475, 511, 483, 30, 474, 213, 311, 211, 707, 275, 494, 462, 137, 855, 100, 482, 238, 56]","[382, 121, 485, 222, 212, 887, 435, 174, 950, 19]","[474, 30, 56, 487, 462]","[212, 950, 121, 887, 222]"
607,"[1172, 490, 1115, 65, 9, 69, 419, 489, 609, 695, 193, 729, 1119, 1124, 673, 332, 238, 337, 961, 506, 568, 98, 144, 76, 607, 133, 185, 423, 753, 318, 196, 969, 275, 328, 213, 655, 25, 487, 660, 61, 427, 699, 499, 319, 333, 44, 100, 448, 28, 1009, 357, 461, 549, 1039, 939, 64, 56, 1101, 462, 11, 742, 207, 283, 606, 508, 1262, 848, 865, 603, 86, 131, 483, 70, 22, 317, 204, 182, 517, 218, 190, 443, 303, 23, 286, 735, 83, 1063, 306, 479, 505, 127, 79, 690, 59, 288, 736, 421, 268, 197, 234, 514, 340, 42, 187, 216, 1281, 93]","[661, 150, 1153, 276, 162, 97, 265, 789, 1113, 886, 58, 478, 4, 301, 215, 199, 658, 693, 132, 702, 166, 50, 16, 1183, 136, 321, 300, 174, 172, 310, 480, 8, 305, 475, 956, 1204, 694, 418, 126, 269, 262, 1221, 327, 195, 111, 507, 157, 469, 163, 168, 611, 294, 134, 509, 287, 92]","[328, 86, 421, 489, 340]","[300, 97, 162, 301, 1221]"
608,"[287, 304, 125, 408, 877, 285, 313, 750, 15]","[538, 878, 901, 314, 908, 258, 288, 319, 294, 890, 1012, 475, 243, 259, 894, 1, 948, 147, 352]","[15, 313, 304, 285, 287]","[1, 288, 352, 294, 890]"
609,"[315, 11, 751, 483, 216, 527, 568, 402, 489, 143, 427, 12, 275, 117, 313, 153, 419, 28, 50, 276, 272, 183, 1, 582, 318, 8, 127, 185, 172, 187, 750, 505, 162, 70, 51, 755, 98, 133, 203, 480, 607, 673, 378, 423, 71, 485, 176, 606]","[1558, 97, 294, 331, 288, 56, 7, 591, 79, 699, 271, 477, 705, 735, 95, 210, 283, 9, 352, 508, 484, 516, 204, 195, 66, 135, 317]","[402, 755, 51, 568, 272]","[477, 97, 271, 317, 204]"
610,"[300, 350, 333, 344, 751, 286, 268, 269, 262, 334, 346, 336, 347, 752, 301, 307, 680, 882, 311, 340, 272, 305, 886, 750, 302, 315, 306]","[303, 896, 299, 313, 873, 887, 355, 324, 288, 353, 342, 1243, 906, 354, 690]","[315, 680, 344, 347, 882]","[906, 354, 299, 303, 690]"
611,"[1063, 924, 15, 604, 300, 275, 1, 117, 1060, 147, 864, 100, 480]","[926, 878, 9, 322, 237, 118, 259, 7, 477, 202, 243, 476, 25, 127]","[604, 480, 275, 924, 300]","[25, 243, 322, 926, 237]"
612,"[258, 303, 64, 127, 126, 1, 509, 194, 607, 514, 1315, 272, 435, 478, 50, 318, 297, 176, 530, 603, 89, 12, 279]","[471, 28, 632, 576, 1157]","[64, 297, 435, 318, 514]","[632, 28, 471, 1157, 576]"
613,"[126, 100, 9, 255, 717, 294, 458, 756, 1, 147, 276, 508, 235, 121]","[287, 25, 117, 411, 281, 288, 546, 1009, 410, 476, 279, 122, 405, 472, 1134, 871, 841, 14, 293, 289, 7, 286, 237, 1142, 535]","[717, 235, 121, 147, 126]","[1142, 117, 546, 405, 14]"
614,"[517, 170, 1021, 87, 1192, 644, 179, 660, 69, 199, 127, 527, 194, 22, 529, 632, 303, 518, 462, 275, 306, 211, 526, 178, 175, 631, 319, 523, 187, 23, 237, 855, 428, 732, 13, 209, 792, 208, 736, 423, 638, 216, 509, 357, 427, 26, 528, 180, 135, 168, 97, 191, 192, 213, 302, 514, 48, 70, 215, 1065, 269, 435, 475, 262, 83, 153, 521, 28, 286, 14, 519, 283, 86, 268, 629, 300, 197]","[735, 886, 259, 289, 294, 640, 707, 988, 160, 949, 678, 937, 100, 387, 325, 271, 699, 238, 190, 666, 683, 72, 582, 1128, 708, 332]","[194, 792, 629, 180, 178]","[937, 735, 190, 100, 699]"
615,"[269, 300, 355, 689, 750, 315, 272, 1313, 347, 322, 331, 323, 286, 303, 313, 289, 343, 288, 349, 879, 258, 937, 316, 292, 302]","[299, 678, 260, 348, 333, 873, 328, 329, 346, 339, 326, 748, 895, 245, 307, 362, 301, 327]","[288, 1313, 292, 349, 322]","[748, 328, 327, 301, 348]"
616,"[565, 488, 89, 100, 185, 607, 175, 573, 644, 1019, 444, 480, 219, 183, 675, 447, 179, 646, 1021, 440, 635, 357, 656, 443, 653, 611, 668, 74, 302, 200, 671, 192, 427, 868, 320, 582]","[637, 7, 860, 396, 294, 132, 53, 98, 606, 134, 217, 242, 590, 436, 647, 767, 519, 184, 569, 429, 136, 497, 667, 774, 631, 145, 288, 563, 648, 475, 1073, 313, 669, 201, 238, 604, 615, 670, 170, 859, 345, 269, 174, 567, 448, 672, 453, 531, 56, 423, 234, 855, 413, 424, 496, 446, 452, 1612, 218, 674, 1187, 1316, 854, 17, 164, 441, 515, 547, 558, 559, 816, 498]","[573, 488, 582, 668, 607]","[590, 859, 672, 218, 637]"
617,"[100, 185, 182, 28, 237, 131, 496, 273, 12, 196, 79, 50, 378, 143, 161, 168, 241, 959, 597, 190, 132, 71, 192, 655, 318, 66, 385, 423, 576, 97, 596, 215, 966, 91, 44, 117, 692, 11, 625, 191, 82, 419, 427, 176, 22, 501, 404, 1, 507, 815, 69, 526, 23, 98, 234, 187, 609, 582, 443, 127, 924, 183, 1039, 64, 432, 193, 403, 181, 7, 568, 121, 651, 133, 172, 56, 487, 313, 144, 88, 416, 265, 174, 483, 186, 713, 135, 31, 506, 200, 588, 531]","[204, 781, 367, 93, 96, 2, 778, 697, 1071, 724, 944, 77, 282, 392, 210, 705, 549, 150, 9, 477, 173, 762, 1468, 433, 1058, 216, 559, 720, 239, 4, 123, 673, 356, 371, 1032, 676, 969, 955, 276, 763, 195, 124, 197, 684, 497, 462, 1066, 485, 125, 1185, 746, 729, 68, 203, 70, 202, 1048, 942, 790, 421, 785, 283, 471, 151, 118, 735, 109, 962, 65, 164, 136, 925, 699, 54, 52, 218, 159, 420, 770, 1225, 288, 660, 731, 458, 62, 275, 25, 8, 99, 470, 895, 154, 1212, 73, 90, 679, 709, 693, 550, 111, 755, 723, 238, 468, 418, 939, 87, 633, 566, 1221, 24, 233, 95, 1163, 214, 55, 33, 148, 49, 1063, 776, 521, 382, 15, 628]","[64, 496, 183, 82, 241]","[214, 233, 468, 148, 1212]"
618,"[245, 117, 403, 241, 332, 226, 651, 313, 720, 50, 1016, 258, 300, 331, 118, 568, 879, 127, 281, 188, 273, 302, 174, 183, 22, 82, 385, 665, 144, 187, 550, 576, 295, 566, 181, 195, 176, 96, 27, 298, 233, 121, 161, 231, 597, 684, 182, 79, 578]","[39, 809, 328, 62, 1314, 288, 825, 515, 350, 405, 257, 55, 252, 307, 1231, 346, 294, 29, 17, 53, 363, 323, 808, 827, 685, 750, 554, 562, 326, 391, 406, 33, 333, 11, 849, 293, 546, 68, 327, 56]","[161, 332, 22, 174, 27]","[825, 546, 808, 1231, 288]"
619,"[71, 1043, 268, 565, 465, 768, 294, 121, 379, 1035, 563, 281, 501, 240, 288, 354, 795, 993, 246, 1, 740, 404, 118, 423, 15, 416, 928, 946, 98, 820, 969, 409, 769, 140, 145, 623, 859, 164, 63, 1036, 313, 174, 28, 1066, 323, 1503, 138, 237, 181, 755, 82, 172, 78, 595, 406, 94, 742, 432, 173, 112, 95, 627, 50, 1091, 588, 151, 699, 260, 560, 393, 7]","[444, 930, 101, 678, 625, 148, 682, 99, 683, 895, 300, 35, 674, 975, 225, 8, 91, 125, 951, 147, 706, 123, 760, 834, 924, 243, 100, 676, 596, 931, 234, 420, 758, 1219, 422, 1480, 418, 419, 452]","[1503, 268, 71, 623, 416]","[422, 930, 674, 596, 420]"
620,"[107, 748, 135, 541, 554, 181, 33, 423, 197, 4, 559, 231, 67, 208, 301, 117, 1012, 151, 249, 17, 100, 944, 41, 172, 222, 257, 722, 561, 250, 180, 241, 268, 746, 96, 273, 420, 624, 333, 763, 109, 53, 128, 298, 584, 123, 385, 125, 24, 87, 419, 1028, 271, 28, 410, 735, 578, 270, 80, 686, 183, 395, 240, 455, 432, 7, 1093, 879, 95, 625, 780, 173, 68, 50, 313, 568, 1035, 692, 25, 154, 55, 721, 1016, 276, 790, 3, 82, 62, 8, 751, 73, 200, 79, 804, 585, 148, 405, 809]","[404, 567, 542, 833, 263, 147, 451, 364, 876, 72, 293, 576, 300, 1118, 769, 63, 383, 881, 755, 417, 393, 398, 174, 71, 401, 391, 122, 176, 539, 825, 472, 810, 894, 1013, 1029, 871, 779, 546, 1047, 121, 940, 540, 1, 143, 676, 367, 161, 94, 501, 88, 65, 1228, 577, 588, 2, 783, 233, 40, 1036, 1185, 418, 299, 184, 142, 91, 890, 118, 108, 386, 795, 926, 235, 38, 384]","[746, 96, 8, 222, 561]","[755, 1029, 926, 300, 38]"
621,"[2, 993, 730, 755, 479, 12, 283, 11, 30, 521, 194, 693, 168, 367, 780, 132, 432, 15, 165, 568, 144, 56, 50, 298, 46, 166, 737, 380, 157, 1039, 408, 496, 403, 143, 597, 89, 250, 233, 217, 385, 64, 433, 550, 184, 214, 86, 90, 833, 156, 169, 277, 83, 222, 1181, 101, 100, 405, 209, 111, 511, 581, 588, 213, 202, 207, 99, 135, 183, 174, 721, 248, 8, 98, 96, 195, 434, 419, 29, 451, 22, 173, 480, 79, 1216, 363, 763, 95, 153, 24, 578, 175, 4, 9, 127, 117, 69, 190, 154, 1411, 7, 231, 198, 431, 226, 172, 427, 176, 249, 109, 228, 178, 62, 276, 181, 199]","[845, 797, 106, 756, 284, 240, 519, 196, 120, 105, 72, 66, 364, 373, 252, 722, 1303, 1, 1552, 542, 82, 1207, 855, 472, 47, 705, 558, 577, 552, 685, 809, 142, 449, 212, 118, 215, 31, 949, 67, 294, 679, 28, 94, 795, 395, 1079, 553, 1074, 396, 402, 866, 206, 41, 423, 1078, 204, 674, 70, 482, 1408, 121, 49, 280, 1203, 162, 210, 484, 253, 125, 159, 781, 1407, 665, 1060, 586, 404, 532, 375, 227, 934, 506, 625, 1016, 808, 80, 386, 230, 257, 541, 450, 229, 739, 88, 418, 1419, 1230, 1228, 725, 218, 719, 977, 3, 391, 161, 501, 1149, 742, 769, 978, 1406, 185, 1231, 474]","[194, 153, 511, 166, 83]","[577, 418, 553, 253, 809]"
622,"[50, 275, 523, 204, 483, 88, 234, 66, 435, 659, 648, 283, 181, 79, 227, 222, 194, 127, 121, 210, 216, 525, 15, 603, 451, 258, 70, 185, 274]","[815, 642, 692, 629, 504, 183, 298, 291, 163, 211, 186, 286, 202, 228, 153, 288]","[258, 451, 274, 603, 523]","[202, 298, 288, 211, 692]"
623,"[471, 278, 50, 262, 742, 272, 886, 137, 327, 242, 475, 347, 258, 285, 924, 237, 628, 919, 333, 741, 288, 286, 328, 147, 273, 1048, 124, 181, 1120, 905, 150, 7, 305, 269, 276, 250, 248, 268, 14, 15, 1, 300, 25, 127, 313, 100, 980, 293, 321, 544, 690, 316, 1067, 979, 93, 246, 993, 1012, 302, 298, 235, 1010, 312, 411, 696, 762, 508, 405, 410, 126, 282, 870, 750, 310, 275, 833, 1114]","[864, 346, 271, 748, 952, 815, 108, 534, 1047, 881, 1017, 249, 687, 342, 876, 1028, 323, 1095, 678, 260, 1016, 591, 123, 111, 270, 1089, 125, 358, 294, 240, 295, 597, 831, 257, 24, 473, 245, 763, 455, 122, 928, 319, 898, 824, 236, 117, 307, 845, 477, 619, 546, 1289, 329, 121, 340, 3, 1059, 689, 255, 879, 595, 301, 326, 866]","[979, 742, 508, 93, 1]","[257, 619, 295, 123, 294]"
624,"[172, 96, 258, 428, 169, 188, 213, 248, 195, 222, 179, 214, 647, 483, 480, 134, 588, 250, 257, 393, 181, 23, 498, 144, 603, 286, 238, 408, 484, 216, 4, 423, 174, 751, 91, 176, 385, 855, 479, 135, 50, 97, 197, 652, 515, 198, 961]","[748, 739, 151, 692, 602, 166, 209, 546, 265, 183, 584, 528, 191, 433, 945, 255, 202, 190, 173, 357, 154, 403, 517, 516, 208, 380, 640, 405, 168, 655, 254, 1020, 514, 212, 235, 210, 678, 100, 22, 204, 283, 294, 1016, 522, 192, 519, 121, 476, 25, 95, 654, 200, 300, 705, 597, 165, 486, 732, 70]","[197, 515, 181, 248, 50]","[945, 380, 640, 678, 183]"
625,"[324, 286, 313, 923, 268, 258, 272, 302, 327]","[288, 682, 294, 328, 243, 988, 948, 289, 332, 264, 748, 330, 358, 323, 266, 333, 681, 678, 336, 270, 879, 292, 680]","[923, 272, 268, 302, 286]","[328, 294, 243, 678, 330]"
626,"[179, 1004, 1194, 467, 300, 157, 649, 704, 182, 273, 1136, 258, 184, 434, 177, 92, 191, 11, 39, 58, 510, 196, 318, 183, 797, 651, 55, 636, 62, 697, 70, 51, 12, 205, 176, 100, 230, 68, 849, 197, 328, 22, 431, 228, 180, 7, 195, 792, 523, 735, 520, 187, 199, 628, 655, 271, 9, 135, 511, 528, 237, 245, 188, 53, 82, 23, 690, 89, 317, 193, 435, 526, 660, 684, 241, 541, 518, 1267, 64]","[26, 699, 281, 210, 144, 403, 956, 97, 175, 162, 581, 549, 720, 740, 724, 172, 685, 399, 215, 586, 458, 732, 117, 86, 214, 1134, 939, 83, 69, 1074, 546, 284, 121, 461, 4, 226, 239, 729, 949, 554, 597, 405, 76, 631, 582, 808, 568, 562, 810, 673, 96, 578, 27, 423, 227, 553, 161, 802, 521, 1135, 288, 47, 713, 471, 123, 2, 33, 358, 550, 174, 679, 28, 1478, 289, 665, 591, 233, 468, 942, 947, 77, 402, 387, 52, 125, 1044, 576, 79, 566, 530, 941, 56, 17, 148, 276, 693, 658, 229, 282, 470, 385, 232]","[51, 191, 628, 100, 62]","[403, 554, 402, 568, 732]"
628,"[284, 58, 9, 528, 1109, 187, 162, 332, 204, 463, 880, 195, 207, 117, 317, 197, 509, 1119, 566, 50, 135, 660, 265, 182, 64, 147, 15, 423, 292, 202, 87, 172, 333, 22, 199, 684, 258, 467, 381, 729, 319, 307, 286, 98, 12, 111, 651, 504, 655, 475, 193, 132, 300, 55, 23, 174, 173, 137, 416, 210, 223, 69, 357, 144, 196, 234, 100, 288, 277, 92, 693, 658, 392, 86, 238, 268, 153, 276, 732, 56, 435, 200, 271, 241, 160, 194, 127, 275]","[269, 886, 11, 991, 7, 709, 340, 984, 301, 191, 81, 523, 322, 327, 690, 4, 331, 328, 294, 245, 309, 273, 270, 1038, 425, 632, 324, 42, 326, 699, 881, 39, 876]","[265, 23, 12, 15, 684]","[326, 327, 245, 632, 881]"
629,"[294, 476, 117, 278, 1040, 222, 12, 477, 1047, 411, 255, 595, 295, 895, 1023, 96, 272, 126, 298, 288, 620, 118, 975, 300, 929, 7, 597, 756, 237, 216, 323, 98, 742, 1, 123, 535, 121, 11, 239, 273, 864, 111, 820, 120, 568, 195, 732, 64, 471]","[934, 845, 717, 127, 871, 25, 258, 243, 71, 412, 250, 191, 257, 172, 832, 70, 930, 322, 100, 276, 1055, 174, 280, 983, 409, 50, 31, 988, 252, 310, 240, 735, 687, 496, 640, 193, 325, 550, 932, 153, 69, 357, 213, 465, 819, 15, 125, 181, 9, 282, 1197, 22, 866, 264, 472, 1079, 546, 1061, 815]","[595, 895, 216, 820, 12]","[866, 472, 258, 127, 934]"
630,"[272, 346, 289, 313, 301, 307, 310, 315, 886]","[286, 338, 334, 1527, 682, 288, 294, 323, 877, 332, 873]","[272, 346, 307, 301, 310]","[294, 332, 323, 338, 873]"
631,"[188, 622, 164, 71, 202, 419, 96, 172, 79, 97, 470, 480, 131, 184, 282, 186, 483, 81, 357, 404, 423, 215, 181, 144, 735, 705, 98, 510, 204, 183, 684, 174, 168, 50, 591, 385, 82, 11, 132, 143, 99, 195, 95, 845, 451, 527, 679, 64, 356, 133, 173, 201, 69, 485, 318, 2, 258, 210, 22, 194, 191, 633, 651, 12, 51, 566, 134]","[288, 25, 28, 58, 159, 237, 68, 746, 150, 655, 402, 234, 17, 56, 275, 588, 432, 763, 276, 156, 161, 91, 233, 1, 508, 55, 720, 227, 739, 693, 196, 1183, 609, 549, 568, 877, 523, 73, 54, 228, 100, 685, 550, 7, 182, 475, 1028, 203, 468, 367, 176]","[96, 188, 81, 470, 282]","[288, 203, 54, 176, 56]"
632,"[28, 526, 143, 79, 234, 183, 385, 405, 1019, 939, 1046, 328, 98, 318, 147, 50, 237, 423, 82, 94, 96, 195, 300, 226, 159]","[1132, 176, 288, 778, 410, 172, 322, 276, 317, 651, 252, 566, 110, 121, 117, 665, 177, 128, 5, 289, 333, 498, 921, 958, 56, 77, 97, 871, 45, 71, 581, 148, 654]","[423, 1046, 318, 1019, 195]","[71, 176, 333, 177, 56]"
633,"[458, 237, 405, 302, 286, 597, 129, 471, 100, 258, 7, 508, 411, 313, 340, 282, 924, 50, 13, 742, 121, 985, 315, 717, 125, 628, 922, 127, 331, 595, 475, 118, 9, 272, 676, 515, 15, 285, 109, 25, 591, 1067, 323, 281, 117, 276, 248, 546, 294, 547, 950, 410, 744, 93, 1197, 696, 1011, 284, 685, 111, 269, 333]","[476, 273, 977, 1008, 919, 124, 221, 150, 596, 823, 979, 460, 1199, 275, 1048, 341, 293, 14, 235, 748, 21, 126, 819, 274, 287, 325, 756, 762, 932, 864, 1142, 106, 840, 1284, 1009, 763, 122, 137, 1, 240, 991, 741, 477, 1335, 283, 1047, 222, 544, 288, 322, 116, 473, 678, 929, 740, 933, 1049, 690, 1084, 290, 147, 866, 225, 845, 245, 1162, 760, 988, 292, 300, 934, 408, 1028]","[25, 1011, 547, 248, 111]","[274, 929, 275, 235, 225]"
634,"[269, 262, 886, 1, 255, 327, 307, 331, 246, 333, 268, 302]","[873, 294, 300, 748, 13, 301, 875, 276, 1025, 323, 237, 117, 879, 15, 328, 682, 874, 358, 877, 742, 150, 688]","[327, 333, 262, 307, 1]","[117, 358, 1025, 879, 688]"
636,"[100, 690, 332, 515, 1344, 408, 50, 744, 1233, 1, 338, 274, 936, 286, 291, 121, 151, 25, 181, 742, 328, 15]","[829, 831, 595, 280, 363, 1374, 111, 985, 471, 410, 833, 544, 294, 255, 717, 148, 411, 475, 1226, 273, 150, 1102, 405, 546, 535, 289, 1051, 926, 325, 333, 323, 118, 149, 124, 873, 293, 1011, 934, 741, 922, 275, 866, 24, 1244, 225, 596, 7, 301, 9, 244, 1033, 847, 245, 283, 125, 931, 740, 676, 685, 1028, 13, 246, 268, 257, 322, 237, 282, 460, 815, 147, 591, 235, 285, 1258, 300, 1284, 619, 1060, 93, 127, 117, 508]","[274, 100, 690, 291, 742]","[7, 922, 245, 125, 741]"
637,"[183, 50, 410, 161, 172, 181, 144, 515, 230, 89, 430, 238, 265, 234, 550, 121, 186, 204, 431, 174, 685, 195, 168, 96, 222, 385, 523, 117, 211, 22, 4, 226, 185, 175, 210]","[194, 472, 127, 554, 514, 241, 100, 118, 228, 449, 636, 504, 227, 679, 403, 510, 62, 98, 176, 82, 435, 229, 450, 128, 188, 202, 455, 511, 187, 405, 29, 153]","[515, 210, 238, 204, 431]","[472, 514, 679, 188, 82]"
638,"[242, 488, 306, 170, 487, 462, 1020, 1194, 527, 212, 971, 98, 707, 638, 513, 275, 427, 778, 178, 958, 615, 651, 83, 528, 135, 923, 213, 174, 451, 519, 48, 483, 661, 526, 604, 286, 511, 1193, 194, 740, 694, 283, 86, 28, 14, 835, 516, 863, 673, 19, 514]","[88, 58, 659, 709, 553, 166, 517, 210, 198, 962, 1121, 1163, 51, 70, 692, 512, 664, 387, 168, 202, 197, 305, 724, 137, 66, 199, 269, 191, 274, 796, 155, 313, 414, 471, 1195, 584, 300, 660, 648, 371, 111, 510, 750, 97, 727, 153, 716, 59, 179, 237, 216, 87, 57, 357, 12, 747, 702, 1465, 116, 582, 549, 381, 52, 792, 311, 655, 162, 786, 647, 196, 739, 382, 173, 204, 580, 1005, 731, 662, 280, 193, 423, 215, 1065, 990, 714, 323, 949, 509, 953, 165, 356, 285, 865, 60, 61, 100, 1101]","[1194, 1193, 519, 451, 306]","[155, 659, 692, 953, 197]"
639,"[11, 53, 941, 173, 38, 385, 204, 732, 239, 1073, 663, 566, 952, 474, 195, 357, 12, 201, 750, 4, 186, 168, 64, 382, 126, 249, 684, 56, 318, 919, 751, 85, 342, 790, 14, 210, 302, 79, 550, 151, 134, 1228, 568, 231, 202, 68, 778, 66, 233, 22, 180, 428, 170, 70, 354, 338, 304, 496, 47, 346, 313, 761, 189, 461, 174, 1067, 91, 693, 269, 184, 55, 214, 169, 42, 315, 691, 182, 591, 2, 580, 96, 81, 92, 226, 150, 209, 161, 175, 770, 689]","[720, 578, 1016, 336, 1244, 1054, 347, 369, 827, 391, 926, 540, 62, 33, 1258, 373, 301, 1010, 802]","[204, 42, 91, 313, 550]","[347, 827, 369, 926, 301]"
640,"[59, 514, 83, 124, 192, 484, 434, 865, 268, 89, 427, 285, 242, 305, 209, 1039, 511, 513, 64, 30, 134, 969, 23, 657, 558, 203, 198, 483, 301, 432, 528, 497]","[303, 496, 50, 1194, 338, 270, 336, 258]","[242, 89, 558, 432, 301]","[303, 258, 270, 1194, 338]"
641,"[1039, 38, 921, 720, 728, 1469, 105, 1415, 768, 210, 97, 133, 50, 72, 966, 596, 552, 65, 259, 1079, 623, 22, 294, 826, 80, 142, 1028, 462, 527, 88, 364, 148, 769, 790, 699, 15, 249, 71, 959, 1473, 541, 250, 29, 597, 391, 559, 1285, 1219, 1, 56, 585, 233, 565, 579, 8, 82, 1140, 1036, 403, 485, 815, 392, 395, 125, 731, 845, 1014, 367, 451, 542, 143, 138, 174, 862, 90, 313, 418, 254, 723, 83, 168, 577, 204, 49, 409, 365, 465, 366, 225, 383, 66, 470, 96, 165, 554, 13, 166, 1030, 942, 1136, 67, 944, 356, 141, 560, 732, 739, 386, 102, 651, 2, 783, 237, 742, 780, 472, 931, 622, 401, 28, 993, 51, 173, 1239, 588, 1078, 54, 411, 416, 932, 186, 407, 117, 795, 496, 1224, 21, 775, 584, 368, 725, 419, 245, 91, 1185, 147, 384, 796, 385, 1091, 121, 926, 220, 393, 191, 812, 928, 208, 40, 172, 1032, 794, 64, 420, 69, 447, 1152, 95, 252, 568, 402, 257, 1055, 400, 686, 181, 748, 477, 553, 756, 73]","[70, 951, 746, 132, 1033, 135, 443, 1023, 151, 375, 258, 468, 501, 1011, 1181, 1178, 53, 240, 996, 1029, 44, 570, 63, 1076, 139, 68, 195, 625, 235, 412, 1413, 729, 218, 1480, 89, 444, 575, 627, 417, 974, 1063, 624, 120, 99, 1531, 722, 1509, 1503, 1311, 376, 216, 463, 864, 755, 234, 153, 1049, 1095, 946, 378, 41, 1126, 377, 404, 231, 726, 292, 871, 765, 423, 949, 843, 94, 78, 1066, 832, 422, 202, 1047, 1146, 1000, 1209, 122, 473, 679, 156, 1179, 801, 571, 427, 628, 35, 441, 217, 136, 318, 1053, 405, 140, 398, 399, 771, 288, 673, 569, 734, 969, 369, 1133, 609, 1336, 410, 975, 118, 110, 1054, 1425, 779, 581, 1037, 4, 432, 660, 1058, 940, 58, 155, 934, 759, 452, 827, 357, 131, 1287, 1182, 998, 955]","[73, 82, 54, 596, 541]","[156, 231, 1037, 1209, 1053]"
642,"[419, 671, 154, 189, 56, 143, 484, 203, 928, 443, 87, 152, 216, 223, 208, 228, 53, 288, 150, 111, 24, 367, 235, 100, 508, 173, 420, 94, 501, 410, 519, 195, 255, 177, 423, 163, 1, 23, 168, 233, 482, 468, 209, 521, 418, 205, 99, 32, 790, 12, 969, 715, 663, 1012, 211, 404, 92, 268, 483, 50, 470, 129, 276, 65, 639, 28, 356, 505, 114, 42, 516, 185, 1065, 219, 481, 673, 153, 169, 132, 72, 659, 240, 121, 435, 127, 496, 156, 144, 447, 474, 179, 197, 246, 186, 432, 504, 515, 174, 656, 568, 67, 7, 55, 492, 603, 780, 176, 11, 96, 430, 210, 187, 956, 357, 234, 172, 58, 408, 436, 393, 194, 4, 428, 183, 1098, 79, 47, 655, 39]","[229, 1101, 546, 1149, 820, 117, 597, 712, 794, 282, 89, 70, 262, 249, 181, 77, 69, 155, 49, 1074, 550, 732, 66, 200, 399, 162, 824, 1139, 739, 514, 231, 204, 566, 98, 679, 33, 674, 273, 29, 631, 385, 448, 629, 159, 238, 845, 88, 68, 405, 128, 403, 325, 685, 665, 1016, 509, 161, 2, 215, 1221, 716, 147, 1028, 959, 226, 527, 82, 202, 218, 118, 571, 1215, 5, 572, 630, 721, 451]","[656, 1098, 481, 663, 129]","[200, 2, 89, 69, 1101]"
644,"[69, 179, 675, 197, 175, 512, 523, 658, 200, 81, 434, 286, 59, 87, 956, 203, 518, 168, 183, 209, 640, 188, 70, 474, 28, 433, 963, 4, 488, 430, 211, 11, 483, 216, 427, 134, 268, 664, 513, 65, 212, 186, 173, 558, 89, 32, 514, 469, 22, 318, 340, 191, 172, 960, 208, 47, 656, 214, 174, 435, 98, 180, 61, 60, 482, 641, 1159, 654, 30, 506, 955, 185, 50, 653, 182, 177, 23, 746, 521, 48, 46, 135, 194, 181, 195, 357, 428, 959, 650]","[748, 1018, 55, 403, 91, 627, 228, 73, 447, 660, 673, 239, 772, 616, 243, 319, 709, 258, 708, 496, 367, 96, 64, 72, 301, 92, 56, 288, 39, 674, 198, 202, 184]","[746, 650, 181, 482, 197]","[616, 258, 92, 202, 709]"
645,"[313, 315, 1022, 1176, 272]","[690, 304, 682, 346, 683, 319, 258, 347, 1237, 300, 892, 310, 893, 332, 349, 678, 908, 751, 294, 877, 748, 259, 323, 880, 1313, 352, 895, 286, 288, 307, 354, 328, 750]","[1022, 1176, 272, 313, 315]","[294, 300, 1237, 352, 893]"
646,"[554, 748, 604, 588, 631, 490, 222, 705, 134, 427, 742, 255, 993, 72, 22, 403, 231, 88, 121, 568, 1047, 15, 357, 173, 71, 79, 73, 405, 496, 29, 77, 177, 197, 300, 82, 1016, 196, 202, 136, 402, 147, 174]","[326, 117, 328, 250, 291, 257, 213, 831, 70, 1014, 237, 203, 1263, 1063, 294, 298]","[71, 403, 82, 490, 357]","[250, 203, 298, 70, 237]"
647,"[96, 288, 304, 188, 154, 194, 133, 1050, 554, 98, 252, 178, 497, 191, 107, 685, 118, 429, 28, 184, 216, 174, 79, 5, 471, 399, 195, 385, 636, 226, 434, 393, 479, 578, 265, 615, 568, 177, 407, 173, 143, 67, 181, 505, 403, 447, 430, 1003, 929, 520, 230, 323, 152, 502, 66, 550, 519, 510, 172, 169, 202, 825, 1, 500, 94, 111, 199, 123, 193, 928, 222, 483, 432, 40, 168, 145, 546, 22, 179, 563, 185, 423, 484, 275, 183, 431, 219, 89, 566, 204, 234, 295, 229, 250, 1271, 153, 810, 208, 83, 2, 62, 121, 72, 436, 167, 746, 38, 210, 63, 781, 717, 384, 629, 405, 684, 164, 386, 435, 228, 692, 186, 474, 740, 527, 576, 742, 364, 88, 109, 144, 496, 603, 235, 82, 211, 176, 50]","[473, 298, 674, 586, 105, 69, 411, 1244, 797, 1072, 203, 33, 675, 507, 748, 564, 122, 523, 240, 878, 676, 175, 68, 290, 827, 722, 4, 687, 443, 862, 103, 924, 1047, 218, 56, 1092, 373, 24, 367, 117, 238, 70, 997, 406, 679, 1376, 125, 71, 410, 225, 662, 1176, 49, 816, 559, 231, 254, 17, 498, 215, 414, 820, 187, 127, 840, 756, 1110, 728, 930, 413, 455, 368, 444, 15, 9, 931, 678, 379, 1228, 200, 357, 477, 831, 112, 619, 227, 13, 1028, 1029, 780, 104, 25, 23, 926, 14, 637, 161, 291, 758, 1030, 665, 454, 726, 412, 180, 29, 561, 1041, 197, 7, 1033, 205, 449, 452, 826, 472, 635, 1258, 569, 21, 565, 713, 90, 769, 47, 575, 743, 864, 585, 95, 596, 217, 809, 663, 475, 526, 428, 391, 294, 514, 1060, 763, 286, 151, 220, 633, 1626, 441, 671, 1337, 249, 904, 377, 448, 458, 110, 39, 281, 456, 318]","[781, 288, 226, 168, 615]","[679, 475, 7, 514, 637]"
648,"[1, 1016, 15, 291, 147, 254, 24, 298, 282, 50, 471, 181, 117, 252, 257, 127]","[275, 1244, 1283, 323, 250, 121, 678, 815]","[127, 257, 252, 1, 117]","[678, 121, 275, 1244, 250]"
649,"[630, 552, 197, 50, 7, 480, 429, 445, 204, 498, 435, 674, 484, 507, 196, 238, 55, 1065, 175, 143, 968, 313, 269, 663, 194, 195, 1126, 222, 198, 234, 98, 183, 608, 515, 99, 91, 164, 172, 216, 496, 434, 1149, 612, 96, 526, 530, 134, 1110, 199, 141, 705, 181, 228, 200, 430, 205, 603, 427, 186, 272, 483, 419, 478, 118, 168, 432, 493, 133, 136, 633, 230, 117, 135, 100, 357, 206, 132, 519, 211, 208, 191, 520, 176, 265, 173, 443, 174, 474, 511, 385, 657, 602, 153, 89, 270, 479]","[517, 514, 843, 747, 1474, 309, 521, 217, 737, 399, 708, 751, 665, 1119, 95, 243, 66, 182, 140, 485, 202, 127, 581, 637, 77, 629, 227, 219, 449, 692, 650, 671, 286, 4, 367, 223, 210, 969, 648, 659, 233, 679, 780, 739, 546, 742, 179, 281, 554, 180, 1247, 163, 154, 82, 63, 501, 673, 755, 510, 232, 444, 72, 188, 229, 403, 452, 523, 495, 627, 1031, 404, 849, 654, 416, 715, 571, 631, 155, 525, 373, 735, 212, 576, 371, 527, 97, 476, 161, 288, 1118, 451, 1060, 1039, 79, 69, 502, 636, 644, 1, 187, 509, 661, 209, 22, 157, 54, 1035, 402, 420, 316, 137, 380, 568, 214, 662, 423, 294, 15, 472, 566, 578, 185, 215, 393, 80, 622, 218, 152, 550, 482, 121, 239, 38, 21, 561, 160, 732, 109, 620, 1215, 391, 506, 301, 658, 494, 56, 926, 417, 431, 719, 88, 809, 528, 193, 928, 235, 1135, 29, 389, 588, 1627, 177, 447, 551, 563, 231, 450, 355, 315, 499, 625, 491, 823, 271, 323, 579, 73, 597, 670, 628, 604, 1419, 585, 363, 1050, 504, 898, 25, 203, 601, 642, 258, 639, 257, 290, 145, 614, 71, 559, 159, 162, 489, 226, 151, 2, 131, 144, 378, 68, 62, 635, 158, 23, 565, 27]","[228, 204, 445, 313, 432]","[671, 215, 373, 63, 185]"
650,"[306, 242, 286, 327, 285, 127, 515, 269, 302, 276]","[292, 268, 294, 116, 683, 301, 995, 690, 332, 322, 309]","[269, 286, 285, 306, 515]","[116, 292, 309, 332, 995]"
651,"[699, 245, 282, 538, 96, 307, 300, 333, 275, 328]","[323, 259, 301, 395, 288, 294, 257, 984, 286, 125, 748, 879]","[275, 245, 699, 96, 333]","[301, 323, 395, 748, 257]"
652,"[50, 272, 566, 83, 157, 310, 180, 181, 87, 1012, 474, 448, 509, 239, 748, 22, 64, 204, 313, 82, 492, 480, 523, 127, 385, 930, 195, 228, 300, 511, 121, 746, 597, 193, 357, 163, 291, 328, 657, 179, 56, 200, 89, 28, 117, 307, 186, 984, 174, 161, 156, 531, 245, 286, 684, 628, 191, 521, 96, 199, 69, 1, 100, 79, 198, 318, 333, 840, 188, 265, 431, 210, 187, 135]","[164, 573, 402, 444, 1044, 257, 226, 576, 153, 1210, 436, 622, 1014, 1140, 211, 732, 527, 1228, 502, 1620, 409, 737, 388, 395, 1206, 98, 685, 7, 196, 230, 1023, 967, 216, 405, 378, 2, 101, 765, 282, 476, 458, 416, 77, 449, 517, 214, 506, 234, 451, 790, 520, 696, 88, 55, 136, 572, 1188, 550, 742, 423, 197, 578, 177, 202, 223, 105, 819, 756, 722, 381, 563, 128, 455, 152, 674, 215, 11, 194, 763, 1028, 233, 139, 654, 941, 575, 97, 380, 862, 222, 510, 386, 94, 944, 81, 258, 425, 366, 70, 658, 294, 53, 638, 4, 518, 1444, 973, 403, 1135, 168, 526, 225, 229, 508, 802, 719, 1016, 428, 213, 429, 1267, 779, 227, 797, 176, 712, 185, 809, 248, 1183, 581, 167, 1207, 143, 154, 631, 496, 780, 290, 659, 219, 679, 293, 1478, 642, 62, 728, 702, 208, 1139, 205, 132, 175, 15, 693, 125, 670, 63, 755, 471, 407, 823, 1133, 546, 686, 54, 38, 356, 771, 692, 183, 111, 367, 739, 142, 145, 585, 118, 619, 237, 172, 482, 232, 1136, 620, 1035, 393, 1087, 447, 238, 144, 1101, 571, 1244, 1046, 441, 42, 410, 1231, 76, 472, 708, 1042, 182, 371, 1065, 1132, 160, 151, 411]","[64, 521, 239, 135, 1]","[176, 55, 410, 139, 482]"
653,"[4, 423, 258, 318, 546, 222, 66, 69, 257, 1035, 1285, 313, 128, 678, 50, 969, 756, 111, 317, 168, 56, 284, 468, 22, 963, 116, 28, 216, 79, 204, 173, 124, 172, 174, 169, 431, 265, 117, 660, 283, 739, 385, 591, 300, 144, 1020, 736, 926, 1016, 275, 238, 735, 1, 195, 210, 332, 249, 239, 215, 137, 742, 114, 153, 151, 143, 196, 408, 8, 98, 638, 95, 11, 70, 291, 269, 597, 121, 87, 462, 568, 845, 274, 588, 83, 302, 24, 237, 367, 223, 12, 418, 785, 748, 189, 82, 720, 496, 405]","[250, 558, 821, 278, 746, 1009, 825, 294, 181, 13, 268, 288, 246, 109, 71, 81, 54, 473, 276, 252, 100, 218, 97, 336, 381, 1165, 1283, 154, 535, 3, 476, 689, 147, 118, 1048, 25, 255, 146, 596, 1014, 14, 508, 1115, 282, 751, 15, 248, 455, 370]","[137, 121, 169, 174, 223]","[146, 3, 381, 13, 294]"
654,"[198, 344, 179, 98, 185, 303, 1651, 273, 517, 1418, 134, 32, 962, 1585, 698, 213, 867, 149, 183, 1194, 172, 1642, 187, 610, 739, 1131, 64, 86, 529, 293, 167, 346, 320, 904, 50, 547, 1639, 216, 1650, 604, 1192, 1211, 1368, 48, 302, 275, 89, 297, 631, 651, 483, 1553, 1005, 443, 133, 285, 531, 296, 135, 270, 1623, 46, 79, 178, 1070, 315, 276, 896, 242, 942, 6, 1380, 1107, 874, 514, 127, 262, 182, 313, 200, 638, 480, 504, 844, 318, 607, 30, 1176, 316, 507, 191, 502, 1631, 59, 427, 479, 448, 515, 447, 357, 603, 137, 298, 915, 1636, 865, 1645, 528, 1643, 155, 558, 143, 305, 913]","[274, 126, 693, 1403, 670, 523, 736, 53, 66, 281, 52, 224, 918, 14, 935, 726, 945, 347, 1158, 205, 550, 805, 58, 162, 100, 51, 727, 744, 1097, 509, 959, 685, 1370, 476, 1232, 1605, 508, 533, 27, 628, 283, 36, 505, 707, 280, 950, 611, 210, 576, 1319, 252, 1208, 1007, 1351, 1046, 1169, 1395, 1045, 525, 782, 159, 1016, 1029, 527, 1379, 208, 1134, 909, 1008, 1607, 77, 500, 1538, 792, 284, 619, 733, 936, 1085, 481, 1649, 672, 1017, 728, 97, 117, 271, 1067, 572, 1197, 1252, 166, 1475, 393, 958, 321, 1103, 291, 286, 1226, 1108, 923, 25, 1128, 402, 20, 875, 129, 960, 1255, 1344, 656, 175, 330, 516, 38, 60, 228, 1629, 629, 717, 150, 778, 42, 1462, 1532, 522, 806, 880, 1490, 753, 1535, 1600, 1560, 700, 1644, 433, 498, 70, 903, 906, 740, 239, 92, 354, 44, 647, 234, 537, 294, 1221, 1140, 1602, 654, 475, 1288, 1061, 319, 772, 19, 310, 326, 612, 1436, 979, 124, 1466, 694, 288, 831, 474, 24, 895, 289, 521, 161, 1281, 221, 1062, 732, 1196, 202, 518, 684, 800, 417, 190, 345, 385, 536, 81, 306, 1069, 708, 87, 324, 249, 1099, 750, 165, 257, 632, 387, 594, 466, 1171, 1009, 215, 265, 207, 1501, 152, 919, 1223, 770, 1421, 921, 955, 188, 1378, 1053, 1167, 405, 887, 974, 1322, 425, 1632, 449, 248, 1, 26, 1074, 396, 1647, 195, 174, 702, 116, 65, 332, 96, 1506, 1170, 662, 1375, 125, 1406, 1273, 258, 1213, 813, 371, 746, 764, 337, 855, 1147, 311, 582, 882, 512, 1198, 845, 328, 1071, 282, 403, 181, 605, 860, 256, 773, 203, 468, 212, 1400, 591, 724, 268, 729, 233, 325, 1257, 730, 789, 1265, 55, 786, 653, 49, 209, 269, 1278, 520, 655, 287, 1634, 1296, 1214, 375, 1256, 238, 899, 251, 1268, 1267, 644, 301, 1100, 171, 356, 1041, 709, 8, 250, 781, 193, 766, 1193, 28, 642, 214, 939, 9, 204, 1479, 1514, 1529, 1633, 5, 1473, 1129, 170, 1111, 300, 458, 11, 467, 980, 1186, 461, 240, 636, 1022, 459, 1516, 428, 236, 1160, 1141, 1635, 578, 1014, 1499, 1121, 18, 735, 423, 1068, 2, 511, 156, 211, 751, 796, 363, 144, 581, 82, 186, 340, 869, 128, 255, 23, 900, 1648, 47, 381, 312, 1063, 645, 902, 118, 566, 658, 1161, 912, 31, 1113, 1356, 657, 1646, 1084, 411, 863, 742, 12, 1426, 640, 160, 785, 761, 723, 131, 469, 272, 1101, 292, 660, 953, 1135, 56, 317, 1024, 1407, 464, 1149, 121, 910, 914, 246, 930, 963, 223, 220, 741, 218, 1174, 650, 7, 219, 503, 995, 1106, 391, 568, 1266, 584, 237, 1233, 454, 1086, 686, 927, 731, 722, 794, 13, 676, 1238, 966, 462, 451, 534, 359, 76, 43, 15, 803, 1098, 176, 122, 823, 775, 825, 1445, 1112, 674, 295, 113, 553, 304, 574, 157, 695, 1018, 699, 132, 435, 1010, 1082, 793, 1578, 1042, 1195, 226, 972, 1153, 327, 88, 712, 1044, 333, 975, 378, 164, 1090, 1248, 197, 1136, 639, 1549, 944, 1144, 471, 372, 61, 111, 1448, 1311, 93, 1388, 889, 1118, 279, 196, 559, 1628, 1638, 716, 1137, 1284, 22, 762, 57, 543, 222, 1011, 513, 673, 847, 961, 715, 954, 956, 1173, 153, 54, 1012, 45, 382, 367, 535, 690, 916, 1142, 1245, 1262, 815, 1155, 307, 410, 1640, 734, 1166, 192, 1554, 1465, 4, 1637, 1143, 911, 1630, 1641, 21, 69, 649, 692, 872]","[1194, 1650, 285, 242, 515]","[26, 955, 1008, 363, 572]"
656,"[690, 1009, 151, 922, 286, 475, 346, 9, 294, 111, 269, 117, 744, 340, 508]","[300, 1, 628, 109, 118, 282, 273, 302, 301, 7, 327, 455, 873, 258]","[508, 151, 340, 922, 111]","[1, 109, 258, 455, 302]"
657,"[276, 8, 257, 1, 433, 96, 98, 511, 182, 515, 318, 45, 151, 56, 527, 429, 117, 603, 178, 654, 9, 518, 50, 408, 488, 1101, 169, 7, 86, 100, 42, 273, 467, 471, 475, 69, 530, 171, 960, 192, 55, 198, 127, 22]","[137, 458, 772, 724, 510, 31, 70, 718, 943, 129, 844, 168, 1079, 952, 32, 181, 730, 212, 195, 735, 477, 24, 201, 919, 923, 628, 235]","[7, 100, 198, 1, 169]","[844, 212, 943, 730, 181]"
658,"[66, 507, 646, 607, 272, 602, 258, 96, 419, 77, 144, 127, 654, 89, 202, 317, 675, 385, 805, 661, 1119, 143, 157, 269, 177, 192, 23, 196, 153, 313, 448, 195, 76, 182, 739, 664, 629, 136, 173, 606, 316, 604, 481, 496, 176, 131, 524, 204, 58, 215, 1203, 13, 134, 98, 792, 490, 97, 174, 185, 1138, 1172, 469, 62, 175, 431, 568, 693, 494, 197, 443, 252, 1168, 234, 70, 479, 159, 603, 212, 423, 178, 43, 86, 705, 451, 183, 56, 294, 64, 218, 1064, 489, 502, 191, 82, 611, 517, 73, 514, 528, 483, 345, 387, 836, 226, 121, 357, 210, 609, 79, 655, 1044, 1021, 482, 187, 521, 164, 499, 180, 519, 616, 505, 526, 673, 486, 199, 216, 657]","[601, 569, 855, 161, 179, 659, 181, 735, 402, 566, 670, 492, 837, 520, 699, 762, 393, 636, 942, 172, 648, 794, 498, 647, 649, 356, 7, 211, 50, 367, 578, 4, 49, 69, 88, 1297, 167, 319, 642, 474, 241, 315, 708, 660, 135, 1267, 90, 257, 720, 610, 476, 506, 214, 447, 512, 467, 186, 559, 170, 162, 155, 712, 188, 255]","[479, 705, 23, 661, 507]","[642, 356, 172, 636, 69]"
659,"[313, 432, 98, 431, 50, 603, 153, 316, 483, 211, 195, 22, 898, 208, 1020, 68, 191, 250, 207, 272, 168, 290, 491, 151, 135, 430, 134, 1050, 174, 746, 259, 173, 172, 435, 747, 428, 210, 652, 429, 181, 209, 257, 179, 91, 315, 196, 154]","[82, 392, 167, 96, 845, 510, 252, 926, 184, 473, 97, 362, 1181, 462, 797, 546, 17, 63, 826, 249, 101, 1178, 7, 402, 710, 24, 846, 2, 996, 197, 625, 527, 21, 202, 1078, 161, 71, 930, 569, 1035, 404, 125, 132, 434, 357, 80, 559, 164, 228, 216, 67, 810, 755, 120, 1183, 1074, 201, 542, 496, 825, 265, 139, 386, 56, 663, 515, 890, 243, 215, 177, 117, 186, 145, 1411, 774, 33, 680, 106, 64, 1419, 748, 62, 380, 176, 349, 739, 347, 771, 222, 99, 38, 100, 29, 144, 640, 366, 239, 405, 385, 1110, 230, 254, 83, 307, 1483, 41, 722, 472, 90, 227, 183, 474, 318, 568, 328, 294, 485, 3, 95, 809, 1135, 403, 470, 231, 657, 266, 1, 742, 238, 219, 456, 122, 786, 40, 658, 204, 391, 449, 1065, 800, 281, 393, 217, 72, 358, 159, 118, 235, 675, 175, 8, 47, 1615, 423, 163, 523, 182, 298, 87, 679, 121, 79, 123, 1133, 419, 444, 550, 271, 301, 1139, 636, 94, 1240, 84, 946, 89, 229]","[22, 196, 208, 432, 50]","[362, 144, 349, 167, 625]"
660,"[183, 132, 480, 97, 118, 527, 313, 178, 443, 436, 727, 425, 676, 95, 52, 357, 531, 408, 216, 237, 168, 428, 423, 501, 709, 238, 48, 117, 498, 69, 272, 28, 173, 647, 427, 615, 79, 161, 70, 166, 191, 751, 194, 209, 189, 144, 568, 433, 71, 230, 8, 172, 165, 181, 174, 135, 192, 197, 707, 318, 418, 274, 657, 170, 258, 64, 210, 89, 1, 515, 185, 228, 164, 86, 96, 294, 204, 199, 179, 496, 566, 195, 180, 471, 58, 50, 169]","[131, 1045, 310, 222, 200, 603, 514, 196, 506, 684, 215, 300, 972, 219, 538, 749, 1035, 140, 175, 249, 304, 280, 756, 573, 631, 652, 298, 31, 121, 665, 218, 255, 145, 762]","[418, 144, 230, 238, 191]","[215, 31, 255, 218, 538]"
661,"[515, 591, 6, 93, 285, 985, 1381, 10, 275, 13, 1342, 246, 100, 268, 1511]","[291, 50, 286, 813, 319, 1380, 1652, 276]","[1381, 100, 6, 515, 1342]","[813, 286, 50, 1652, 276]"
662,"[588, 181, 1047, 245, 658, 956, 7, 117, 11, 603, 544, 47, 332, 273, 741, 284, 272, 23, 25, 287, 321, 316, 96, 762, 357, 1048, 50, 619, 31, 127, 330, 1245, 333, 69, 134, 288, 742, 1, 322, 183, 655, 180, 148, 508, 192, 89, 693, 187, 307, 150, 815, 15, 237, 313, 318, 56, 763, 475, 100, 978, 12, 121, 3, 628, 42, 895, 98, 328, 300, 315, 265, 326, 176, 975, 64, 685, 948, 1327, 509, 174, 652, 833, 182]","[411, 274, 471, 286, 1073, 924, 985, 925, 405, 280, 243, 928, 268, 258, 125, 1324, 1276, 876, 363, 678, 351, 473, 260, 710, 844, 455, 1086, 872, 1009, 123, 682, 1051, 919, 289, 748, 1017, 151, 124, 108, 323, 1119, 827, 1011, 276, 696, 173, 9, 235, 410, 210, 147, 591, 129, 521, 676, 466, 845, 281, 111, 294, 324, 546, 1161, 282, 864, 13, 1067, 984, 1059, 319, 597, 299, 749, 259, 240]","[685, 658, 148, 174, 288]","[268, 289, 124, 985, 410]"
663,"[179, 89, 187, 659, 478, 514, 466, 168, 79, 197, 663, 81, 210, 169, 735, 223, 805, 513, 172, 481, 64, 127, 92, 212, 479, 462, 47, 708, 649, 484, 603, 52, 770, 209, 180, 203, 286, 504, 427, 132, 175, 45, 684, 480, 12, 196, 192, 154, 71, 319, 153, 162, 631, 276, 528, 50, 194, 302, 56, 702, 156, 151, 215, 285, 408, 664, 14, 1109, 483, 518, 529, 57, 611, 83, 182, 494, 654, 186, 173, 98, 657, 31, 642, 566, 482, 228, 705, 95, 306, 414, 1, 4, 496, 174, 525, 134, 318, 792, 176, 509, 100, 516, 764, 58, 202]","[73, 433, 229, 118, 1090, 7, 732, 469, 450, 673, 678, 268, 328, 778, 70, 234, 636, 77, 152, 425, 222, 149, 160, 227, 717, 588, 1101, 326, 22, 191, 531, 715, 627, 159, 367, 655, 137, 692, 1098, 321, 53, 845, 582, 497, 356, 449, 431, 237, 157, 96, 522, 183, 724, 317, 458, 69, 54, 121, 230, 97, 660]","[187, 156, 168, 192, 480]","[191, 328, 229, 230, 724]"
664,"[762, 287, 1040, 476, 65, 328, 588, 7, 156, 15, 172, 111, 427, 71, 216, 369, 127, 748, 117, 845, 249, 357, 315, 185, 538, 282, 143, 319, 181, 214, 815, 763, 1009, 125, 293, 109, 9, 1061, 699, 147, 183, 432, 423, 12, 411, 186, 660, 50, 473, 69, 240, 483, 421, 196, 238, 134, 188, 126, 418, 98, 1, 56, 286, 135, 419, 1315, 89, 255, 92, 456, 924, 313, 1028, 248, 535, 301, 1048, 200, 210, 742]","[527, 343, 177, 684, 346, 1283, 24, 298, 508, 307, 234, 97, 133, 194, 393, 195, 1225, 475, 833, 191, 31, 866, 597, 79, 105, 405, 620, 1132, 215, 685, 926, 100, 294, 257, 472, 202, 631, 274, 410, 687, 721, 566, 157, 154, 239, 151, 88, 756, 546, 96, 33, 471, 931, 237, 121, 265, 222, 271, 496, 417, 1047, 378]","[1028, 50, 216, 301, 748]","[24, 294, 926, 271, 1132]"
665,"[56, 173, 1170, 203, 182, 183, 4, 492, 206, 179, 202, 792, 301, 1098, 258, 199, 1266, 529, 132, 429, 474, 1045, 656, 518, 467, 661, 302, 515, 191, 209, 1011, 636, 187, 523, 684, 427, 238, 339, 506, 496, 430, 11, 168, 331, 13, 855, 517, 603, 197, 489, 729, 32, 510, 525, 114, 945, 185, 471, 959, 70, 134, 318, 176, 519, 504, 632, 255, 856, 582, 200, 269, 613, 505, 709, 137, 319, 286, 544, 89, 1021, 607, 480, 482, 494, 647, 169, 175, 46, 478, 805, 48, 435, 135, 514, 663, 153, 116, 127, 640, 499, 310, 213, 98, 7, 162, 188, 527, 180, 484, 657, 546, 479, 654, 64, 511, 66, 956, 81, 97, 498, 653, 811, 660, 650, 516, 974, 443, 23, 651, 493, 707, 100, 129, 12, 357, 513, 211, 655, 192, 236, 642, 483, 193, 960]","[1047, 122, 223, 638, 831, 174, 699, 245, 186, 25, 5, 79, 410, 864, 31, 502, 591, 604, 1132, 530, 257, 742, 181, 288, 177, 924, 96, 662, 82, 300, 270, 151, 333, 28, 234, 205, 423, 248, 1110, 264, 436, 616, 432, 284, 520, 106, 111, 222, 133, 866, 144, 163, 26, 210, 1071, 118, 147, 121, 507, 433, 385, 196, 195, 273, 405, 1013, 1154, 194, 216, 143, 963, 237, 92, 172, 760, 204, 154, 1474, 644, 293, 1451, 381, 696, 124, 294, 744, 646, 108, 69, 50, 566, 208, 282, 428, 291, 962, 692, 649, 91, 370, 265]","[443, 202, 655, 632, 176]","[520, 108, 1132, 744, 163]"
666,"[285, 223, 651, 124, 316, 318, 186, 527, 131, 482, 461, 192, 272, 216, 196, 86, 98, 269, 28, 357, 660, 9, 283, 182, 315, 694, 487, 475, 427, 275, 197]","[234, 301, 435, 1101, 168, 313, 137, 504, 880, 238, 79, 23, 962, 69, 210, 268]","[131, 275, 98, 660, 192]","[137, 168, 268, 962, 79]"
667,"[307, 403, 286, 354, 210, 311, 323, 283, 271, 82, 300, 752, 272, 538, 269, 367, 50, 288, 328, 347, 993, 302, 13, 475, 340, 896]","[345, 231, 258, 554, 294, 29, 333, 97, 257, 358, 124, 252, 289, 882, 355, 137, 596, 69, 895, 902]","[300, 288, 340, 896, 752]","[257, 355, 289, 258, 895]"
668,"[462, 23, 521, 340, 523, 82, 127, 300, 427, 310, 114, 302, 490, 12, 50, 1, 133, 151, 664, 408, 647, 246, 522, 482, 132, 187, 181, 614, 511, 168, 192, 515, 357, 175, 649, 111, 654, 64, 313, 657, 205, 97, 248, 474, 603, 480, 479]","[505, 537, 169, 898, 257, 326, 508, 517, 117, 902, 527, 174, 118, 347, 276, 324, 749, 354, 348, 258, 172, 879, 194, 222, 329, 915, 355, 96, 191, 531, 269, 323, 216, 150, 190, 290, 208, 514, 268, 22, 183, 252, 235, 79, 483, 195, 196, 271, 121, 125, 7, 56, 475]","[205, 248, 1, 192, 246]","[483, 258, 196, 527, 7]"
669,"[482, 651, 945, 228, 15, 174, 480, 657, 479, 511, 659, 611, 606, 417, 199, 485, 8, 484, 603, 191, 705, 519, 222, 245, 195, 96, 144, 521, 1299, 419, 483, 186]","[615, 650, 232, 98, 168, 949, 135, 175, 969, 1099, 83, 474, 161, 515]","[705, 419, 96, 15, 195]","[650, 615, 949, 168, 474]"
670,"[250, 385, 204, 233, 23, 258, 685, 576, 182, 298, 241, 177, 554, 1217, 559, 597, 33, 4, 96, 144, 742, 161, 12, 568, 257, 234, 88, 22, 472, 50, 159, 566, 17, 181, 210, 455, 89, 174, 546, 288, 123, 62, 11, 66, 451, 38, 452, 121, 2, 7, 172, 237, 98, 562, 118, 255, 504, 553, 82, 273, 195]","[947, 581, 188, 748, 628, 53, 1222, 1239, 578, 405, 720, 1073, 327, 986, 925, 591, 356, 29, 510, 54, 1215, 231, 431, 5, 684, 864, 770, 147, 117, 31, 27, 201, 226, 79, 68, 222, 802, 56, 779, 265, 1597, 1109, 679, 176, 686, 203, 849, 1491, 550, 184, 810, 838, 379, 570, 511, 443, 583, 654, 526, 55, 219, 841, 1303]","[576, 66, 174, 742, 161]","[219, 770, 849, 188, 176]"
671,"[127, 1028, 476, 1061, 25, 815, 275, 109, 284, 874, 321, 515, 301]","[50, 281, 864, 931, 756, 225, 124, 15, 269, 280, 1023, 255, 181, 237, 220, 1190]","[275, 301, 515, 476, 25]","[269, 864, 255, 181, 220]"
672,"[294, 288, 269, 344, 303, 347, 311, 750, 328, 242, 272, 315, 327, 292, 345, 12, 528, 286, 310, 326, 340, 313, 896, 322, 79]","[268, 301, 258, 323, 300, 307, 321, 895, 898, 302]","[322, 242, 326, 328, 313]","[307, 258, 895, 321, 302]"
673,"[127, 405, 294, 282, 25, 117, 50, 1, 125, 763, 742, 257, 1620, 827, 313, 245, 15, 121, 255, 866, 111, 292, 181]","[118, 929, 288, 300, 685, 323, 304, 315, 151, 252, 222, 1197, 597, 539, 751, 289, 678, 410]","[111, 257, 313, 282, 405]","[304, 151, 1197, 323, 597]"
674,"[306, 531, 509, 305, 1653, 1101, 650, 347, 874, 344, 1007, 318, 900, 463, 286, 1628, 896, 303, 86, 750, 427, 242, 269]","[1255, 258, 311, 312, 937, 891, 244, 321, 223, 235, 272]","[1101, 86, 269, 344, 303]","[311, 1255, 244, 321, 891]"
675,"[265, 520, 751, 181, 354, 748, 313, 344, 169, 117, 144, 962, 315, 172, 245, 482, 50, 1, 300, 257, 132, 318, 114, 845, 259, 916, 902, 173, 64, 22, 1483, 168, 328, 270, 193, 302, 303, 539, 174, 750, 222, 294, 892, 272, 480, 993, 255, 286, 483, 316, 250, 100, 538]","[271, 688, 948, 1527, 1654, 682, 508, 13, 288, 352, 895, 879, 258, 345, 9, 471, 890, 295, 269, 687, 546, 1234, 326, 912]","[259, 257, 265, 272, 270]","[688, 948, 13, 1527, 508]"
676,"[237, 405, 148, 323, 307, 1, 1240, 471, 1245, 222, 748, 245, 268, 678, 687, 508, 300, 151, 742, 7, 91, 294, 129, 288, 455, 117, 101, 475, 908, 358, 322, 988, 240]","[286, 150, 126, 845, 457, 14, 980, 1049, 289, 243, 109, 539, 290, 740, 351, 1011]","[1240, 268, 245, 294, 1245]","[150, 539, 457, 290, 14]"
677,"[111, 7, 50, 147, 1, 742, 515, 276, 100, 117, 127, 332, 300]","[181, 924, 282, 25, 287, 1115, 275, 15, 237, 1129, 298, 222, 14, 277, 285]","[147, 300, 742, 111, 127]","[282, 14, 924, 15, 1115]"
678,"[520, 288, 181, 327, 357, 64, 73, 132, 69, 291, 56, 710, 196, 70, 184, 484, 531, 268, 223, 28, 154, 748, 168, 727, 50, 222, 527, 42, 83, 432, 751, 173, 286, 483, 318, 172]","[174, 121, 169, 416, 8, 419, 204, 241, 143, 721, 153, 63, 1, 294, 322, 249, 215, 109, 100, 568, 111, 588, 423, 95, 290, 97]","[64, 520, 484, 69, 291]","[322, 95, 100, 241, 174]"
679,"[20, 276, 408, 248, 845, 9, 98, 169, 117, 285, 195, 286, 515, 25, 269, 318, 150, 242, 14, 50, 137, 7, 143, 294, 1, 517, 24, 151, 257]","[1012, 274, 121, 1089, 815, 15, 100, 273, 203]","[117, 143, 151, 845, 286]","[100, 1089, 121, 15, 815]"
680,"[898, 539, 286, 690, 294, 1176, 990, 1394, 289, 750, 292]","[259, 288, 304, 258, 328, 310, 682, 1105, 538, 270, 894]","[990, 750, 286, 539, 294]","[288, 304, 1105, 258, 310]"
681,"[924, 735, 215, 325, 68, 92, 351, 655, 333, 1074, 293, 50, 1220, 97, 273, 658, 69, 399, 51, 182, 763, 379, 157, 70, 188, 651, 222, 573, 697, 317, 75, 761, 127, 808, 15, 87, 572, 181, 272, 520, 240, 423, 150, 79, 282, 11, 21, 7, 64, 190, 654, 366, 518, 125, 12, 173, 724, 201, 56, 154, 772, 121, 720, 576, 959, 89, 455, 185, 1011, 96, 67, 217, 946, 274, 25, 98, 151, 393, 135, 246, 380, 156, 22, 55, 657, 268, 299, 179, 627, 186, 211, 271, 696, 229, 427, 628, 184, 559, 941, 210, 196, 195, 250, 187, 585, 88, 95, 1225, 298, 202, 228, 39, 686, 318, 1039, 174, 241, 128, 895, 468, 23, 752, 774, 82, 1019, 48, 721, 172, 288, 216, 332, 431, 42, 284, 765, 24, 54, 168, 117, 33, 176, 722, 470, 73, 1, 1012, 71]","[623, 265, 352, 1303, 1118, 780, 509, 1045, 164, 1107, 1089, 597, 357, 94, 443, 940, 541, 122, 1428, 191, 80, 1305, 1016, 742, 546, 581, 124, 1437, 29, 748, 356, 291, 737, 327, 412, 205, 554, 1091, 723, 862, 673, 1222, 9, 1655, 447, 83, 204, 1232, 942, 3, 802, 410, 809, 41, 1440, 304, 556, 66, 323, 834, 328, 1028, 806, 465, 1048, 252, 1410, 259, 687, 570, 167, 38, 549, 977, 100, 294, 476, 53, 419, 238, 31, 699, 281, 779, 710, 619, 582, 358, 568, 4, 339, 420, 234, 578, 17, 254, 218, 47, 566, 384, 386, 659, 991, 1090, 257, 255, 1035, 467, 72, 1231, 233, 58, 1084, 1188, 249, 948, 881, 26, 631, 471, 890, 552, 276, 433, 685, 231, 153, 762, 5, 258, 1079, 660, 943, 683, 108, 542, 551, 232, 2, 163, 475, 109, 451, 824, 849, 385, 243, 148, 175, 769, 223, 591, 239, 1217, 790, 562, 801, 1067, 1178, 678, 866, 405, 183, 111, 86, 820, 738, 713, 290, 833, 1093, 708, 719, 925, 1135, 363, 558, 781, 362, 823, 395, 583, 219, 226, 248, 263, 553, 192, 876, 716, 245, 932, 28, 237, 1047, 732, 684, 729, 672, 159, 76, 158, 161, 1132, 365, 49, 775, 625, 280, 797, 693, 300, 378, 922, 756, 77, 472, 367, 550, 143, 144, 346, 235, 1228, 180, 27, 1153, 527, 1267, 540, 403, 728, 209, 692, 1221, 944, 81, 586, 401, 147, 62, 65, 804, 1311, 1478, 8, 783, 999, 1046, 85, 746, 717]","[380, 332, 735, 181, 186]","[1084, 238, 159, 254, 672]"
682,"[248, 268, 511, 321, 302, 187, 316, 56, 588, 887, 690, 62, 133, 340, 22, 906, 317, 305, 272, 132, 347, 327, 315, 127, 607, 346, 513, 289]","[1483, 895, 264, 286, 748, 313, 350, 900, 306, 299, 308, 358, 1280, 303, 332, 312, 682, 911, 915, 754, 311, 344, 880, 270, 472, 609, 300, 323, 307, 271, 269, 301, 322, 325, 245, 288, 879, 626, 354, 914, 678, 328, 331, 259, 258, 683, 294]","[62, 133, 347, 22, 513]","[323, 245, 354, 259, 911]"
683,"[64, 553, 48, 88, 520, 186, 111, 237, 239, 204, 181, 70, 692, 742, 1, 710, 252, 118, 202, 365, 117, 82, 168, 49, 178, 282, 100, 1028, 66, 265, 756, 8, 483, 15, 215, 50, 63, 393, 172, 408, 73, 732, 83, 477, 98]","[147, 38, 161, 218, 238, 121, 934, 371, 625, 94, 722, 402, 401, 1283, 386, 208, 728, 734, 781, 596, 395, 151, 435, 225, 376, 274, 158, 173, 763, 67, 1301, 217, 411, 716, 585, 381, 216, 210, 924, 409, 248]","[98, 15, 477, 710, 186]","[67, 217, 158, 585, 173]"
685,"[28, 98, 474, 425, 187, 180, 172, 504, 357, 204, 185, 205, 79, 64, 234, 588, 170, 134, 327, 99, 651, 521, 208, 182, 198, 514, 528, 480, 127, 174, 135, 181, 12, 467, 48, 56, 451, 430, 317, 173, 192, 197, 435, 214, 209, 11, 265, 178, 969, 518, 299, 654, 427, 806, 191, 89, 50, 22, 603, 168, 23, 194, 26, 179, 318]","[1184, 176, 97, 527, 2, 542]","[969, 89, 64, 172, 179]","[176, 97, 2, 527, 1184]"
686,"[749, 678, 340, 319, 288, 895, 313, 300, 321, 268, 269]","[245, 336, 264, 748, 988, 294, 323, 879, 324, 286]","[319, 288, 749, 895, 313]","[294, 879, 988, 245, 264]"
688,"[471, 597, 7, 250, 222, 109, 15, 298, 748, 121, 763, 328, 50, 150, 118, 405, 475, 300, 257, 117, 181, 358, 258]","[273, 879, 151, 125, 111, 295, 410, 596, 260, 13, 237, 717, 1]","[328, 109, 117, 475, 250]","[237, 260, 1, 151, 13]"
689,"[218, 67, 174, 98, 64, 649, 194, 523, 79, 88, 663, 94, 12, 712, 216, 223, 237, 234, 1042, 684, 496, 8, 546, 1028, 435, 780, 451, 655, 763, 238, 208, 56, 197, 186, 357, 153, 393, 1, 232, 203, 158, 636, 127, 69, 118, 284]","[384, 364, 25, 210, 790, 80, 276, 85, 204, 239, 163, 1207, 794, 746, 90, 226, 716, 281, 376, 159, 739, 431, 742, 396, 233, 120, 168, 211, 51, 554, 581, 121, 1041, 1185, 585, 4, 1090, 722, 1273, 402, 9, 70, 73, 1118, 240, 294, 202, 167, 1210, 747, 629, 66, 705, 148, 781, 993, 63, 77, 89, 53, 642, 154, 72, 106, 514, 443, 47, 428, 274]","[649, 223, 69, 546, 67]","[77, 240, 47, 51, 794]"
690,"[603, 1, 294, 56, 170, 98, 50, 478, 524, 631, 604, 318, 185, 178, 650, 748, 182, 64, 692, 205, 79, 227, 735, 772, 1172, 496]","[8, 500, 672, 304, 322, 243]","[178, 524, 604, 692, 772]","[8, 500, 322, 672, 243]"
691,"[100, 412, 204, 238, 328, 25, 300, 208, 411, 866, 211, 194, 1132, 257, 410, 762, 1]","[56, 1023, 285, 692, 287, 1040, 756, 321, 127, 1054, 845, 249, 294, 763, 168, 1012, 326, 1047, 523, 476, 1028, 66, 508]","[410, 762, 208, 211, 300]","[56, 1012, 763, 845, 326]"
692,"[499, 132, 480, 427, 143, 53, 23, 25, 432, 11, 568, 523, 673, 488, 514, 357, 282, 318, 7, 215, 98, 606, 193, 127, 79, 729, 313, 174, 157, 216, 144, 96, 12, 159, 48, 56, 258, 697, 97, 521, 195, 507, 939, 685, 272, 218, 632, 504, 382, 185, 611, 1090, 135, 178, 662, 628, 117, 134, 735]","[181, 273, 131, 289, 1522, 604, 472, 655, 39, 333, 69, 1232, 183, 162, 403, 1145, 631, 300, 428, 196, 423, 572, 508, 684, 419, 118, 1311, 650, 660, 509, 581, 942, 693, 527, 483, 64, 188, 199, 651, 708, 1135, 378, 222, 492, 1248, 855, 281, 121, 229, 298, 234, 977, 664, 177, 528, 576, 649, 591, 191, 742, 192, 449, 288, 506, 471, 520, 99, 582, 187, 161, 88, 130, 176, 291, 186, 211, 230, 228, 566, 654, 546, 402, 28, 636, 77, 9, 58, 50, 443, 172, 180, 197, 484, 210, 1136]","[11, 134, 178, 174, 98]","[131, 423, 693, 428, 483]"
693,"[432, 191, 196, 229, 419, 300, 684, 193, 195, 9, 610, 199, 50, 200, 121, 275, 48, 699, 22, 216, 197, 654, 98, 517, 641, 82, 1203, 174, 131, 617, 178, 181, 423, 203, 97, 132, 692, 31, 157, 645, 210, 520, 632, 153, 468, 480, 659, 614, 604, 1035, 176, 239, 356, 237, 584, 228, 489, 230, 496, 449, 429, 519, 127, 177, 523, 492, 511, 88, 673, 965, 161, 187, 648, 498, 663, 1269, 1020, 526, 582, 52, 606, 510, 89, 143, 69, 485, 470, 118, 451, 657, 836, 135, 603, 483, 163, 318, 527, 144, 1126, 665, 179, 194, 141, 490, 71, 499, 474, 435, 427, 482, 205, 495, 100, 605, 202, 661, 133, 530, 204, 481, 180, 172, 385, 506, 484, 72, 28, 434, 185, 15, 211, 357, 183, 188, 705]","[1050, 671, 504, 1263, 448, 1205, 491, 226, 1455, 393, 378, 528, 23, 521, 1221, 660, 1028, 215, 630, 138, 241, 238]","[141, 174, 527, 9, 187]","[23, 138, 671, 226, 1028]"
694,"[307, 882, 319, 260, 1024, 995, 346, 270, 311, 288, 242, 991, 268, 903, 354, 302, 678, 343, 358, 340]","[300, 338, 301, 313, 305, 682, 895, 323, 324, 264, 328, 748, 289, 887, 312, 333, 286, 989]","[358, 288, 268, 678, 354]","[324, 301, 264, 895, 312]"
695,"[1176, 523, 312, 883, 305, 344, 315, 234, 310, 307, 1062, 245, 427, 302, 311, 9, 520, 124, 286, 327, 178, 285]","[689, 313, 906, 347, 748, 1126, 899]","[310, 286, 315, 311, 523]","[906, 347, 689, 313, 1126]"
696,"[294, 713, 298, 301, 273, 150, 302, 123, 277, 596, 242, 628, 124, 222, 268, 1, 818, 751, 689, 283, 107, 129, 748, 282, 473, 300, 181, 979, 286, 121, 50, 455, 323, 595, 270, 591, 122, 7, 328, 127, 284, 257, 246, 1067, 325, 343, 235, 546, 369, 244, 287, 126, 326, 324, 305, 276, 307, 271, 9, 291, 763, 879, 237, 250, 886]","[331, 333, 683, 1059, 1245, 754, 125, 989, 336, 295, 682, 928, 1160, 25, 876, 288, 833, 118, 820, 1012, 1089, 975, 815, 1047, 456, 742, 310, 280, 1025, 339, 881, 254, 260, 252, 263, 895, 225, 986, 1022, 245]","[277, 244, 271, 237, 270]","[989, 881, 742, 1012, 975]"
697,"[512, 83, 50, 529, 478, 210, 485, 603, 307, 275, 705, 190, 194, 222, 434, 205, 330, 507, 433, 294, 588, 648, 172, 176, 486, 96, 173, 131, 1, 709, 300, 89, 10, 127, 613, 195, 357, 132, 385, 498, 515]","[1063, 568, 497, 168, 95, 177, 751, 491, 659, 656, 255, 1149, 230, 513, 421, 489, 220, 284, 191, 153, 1299, 144, 505, 283, 968, 465, 654, 511, 625, 258, 482, 199, 480, 1021, 204, 423, 606, 662, 427, 525, 428, 1115, 175, 25, 143, 499, 257, 404, 487, 100, 181, 9, 479, 431, 483, 202, 198, 855, 490, 707, 1020, 435, 183, 481, 28, 187, 135, 22, 211, 516, 945, 640, 228, 526, 214, 419, 607, 174, 121, 133, 988, 66, 496, 663, 86, 134]","[433, 294, 478, 300, 190]","[526, 404, 134, 1149, 66]"
698,"[100, 324, 544, 258, 325, 989, 285, 221, 268, 252, 250, 118, 298, 13, 23, 308, 129, 978, 1011, 340, 98, 116, 1187, 1033, 283, 137, 458, 10, 124, 304, 246, 1163, 1328, 185, 270, 20, 19, 269, 117, 1009, 323, 475, 70]","[748, 1, 321, 1060, 456, 760, 983, 16, 678, 749, 112, 235, 495, 224, 300, 479, 276, 825, 307, 319, 977, 234, 271, 1129, 151, 1143, 413, 991, 109, 277, 24, 933, 929, 244, 1615, 225, 597, 1284, 181, 455, 222, 14, 121, 211, 820, 717, 147, 405, 1068, 111, 1375, 880, 1013, 1028, 831, 191, 127, 21, 273, 322, 370, 309, 275, 523, 243, 1093, 762, 930, 220, 50, 9, 15, 288, 619, 482, 685, 1061, 828, 473, 1336, 886, 477, 596, 7, 471, 683, 878, 286, 985, 333, 546, 870, 1057, 95, 1010, 1643, 206, 202, 294, 106, 532, 328, 591, 291, 3, 764]","[268, 989, 1328, 10, 283]","[21, 147, 929, 479, 748]"
699,"[181, 144, 96, 50, 531, 318, 423, 174, 173, 48, 651]","[79, 180, 168, 28, 222, 169, 73, 202, 56, 98]","[48, 181, 50, 318, 173]","[202, 73, 56, 98, 28]"
700,"[285, 316, 297, 304, 100, 315, 750, 257, 50, 272, 311, 303, 690, 328, 289, 275, 313, 326, 124, 269, 292, 19, 127, 751, 237, 1, 286]","[255, 333, 689, 300, 312, 344]","[304, 257, 100, 313, 124]","[300, 312, 344, 255, 689]"
701,"[228, 313, 229, 227, 538, 230, 222, 258, 751, 380]","[346, 294, 259, 288, 300, 1127, 687, 343, 683, 879, 449, 748, 350, 688, 352, 271, 289, 690, 895, 307, 450]","[380, 258, 230, 313, 228]","[449, 687, 688, 307, 690]"
702,"[293, 7, 117, 257, 275, 258, 50, 410, 471, 237, 222, 845, 628, 118, 993, 181, 123, 300, 1, 288, 15, 591, 121, 926, 1012, 127, 100]","[294, 458, 147, 1047, 864, 259, 235, 9, 596, 25, 1197, 508, 764, 322, 276, 748, 323, 328, 742, 819]","[118, 100, 628, 237, 288]","[1047, 294, 864, 742, 328]"
703,"[205, 354, 316, 604, 211, 180, 429, 50, 178, 486, 1296, 514, 496, 131, 654, 302, 735, 136, 491, 480, 607, 657, 347, 603, 344, 661, 318, 648, 272, 493, 173, 269, 135, 187, 185, 435, 492, 488, 98, 432, 286, 506, 210, 197, 100, 382, 494, 89, 193, 481, 633, 523, 134]","[209, 381, 304, 461, 152, 289, 154, 191, 662, 655, 1454, 170, 259, 172, 497, 632, 175, 611, 22, 528, 679, 208, 69, 1299, 631, 14, 300, 214, 156, 222, 889, 58, 639, 606, 519, 322, 340]","[648, 318, 494, 654, 492]","[191, 679, 289, 889, 152]"
704,"[1043, 827, 400, 298, 622, 196, 265, 50, 385, 121, 64, 1, 300, 932, 275, 174, 282, 241, 38, 28, 568, 255, 111, 405, 118, 79, 318, 22, 720, 623, 826, 225, 399, 148, 29, 685, 94, 222, 95, 210, 403, 227, 699, 625, 62, 1035, 1544, 82, 597, 71, 83, 755, 96, 257, 566, 377, 117, 230, 393, 576, 283, 161, 181, 797, 471]","[578, 58, 427, 560, 172, 627, 233, 151, 8, 554, 2, 373, 191, 231, 226, 144, 286, 1228, 284, 550, 228, 849, 89, 99, 215, 195, 684, 143, 193, 655, 843, 183, 69, 546, 142, 252, 862, 419, 97, 363, 526, 423, 820, 173, 15, 815, 588, 416, 229]","[83, 255, 95, 148, 28]","[588, 193, 172, 97, 229]"
705,"[628, 50, 1, 25, 331, 756, 294, 471, 181, 148, 258, 410, 117, 237, 125, 323]","[245, 333, 100, 118, 7, 288, 742, 325, 682, 273, 9, 24, 687]","[237, 125, 50, 258, 117]","[7, 9, 118, 682, 742]"
706,"[663, 256, 676, 302, 478, 283, 1281, 531, 427, 467, 170, 1628, 995, 799, 286, 124, 45, 705, 1109, 735, 151, 269, 238, 694, 1007, 293, 162, 208, 631, 529, 191, 582, 86, 116, 221, 499, 792, 97, 100, 65, 956, 602, 647, 900, 902, 224, 1251, 8, 488, 473, 533, 212, 606, 311, 194, 953, 660, 1174, 1101, 1068, 811, 1642, 93, 1211, 1120, 736, 1163, 1479, 696, 137, 921, 305, 648, 347, 527, 638, 882, 248, 318, 485, 732, 703, 319, 425, 111, 483, 387, 367, 632, 15, 13, 197, 863, 718, 57, 707, 251, 10, 310, 275, 160, 936, 865, 847, 507, 462, 654, 134, 9, 242, 190, 923, 285, 287, 1024, 692, 345, 505, 864]","[14, 716, 526, 153, 866, 640, 487, 166, 154, 83, 1176, 140, 186, 496, 1397, 486, 1171, 163, 371, 525, 165, 903, 12, 715, 712, 492, 378, 1257, 1107, 778, 211, 730, 382, 723, 1530, 1113, 133, 309, 1018, 952, 630, 1381, 498, 1311, 419, 216, 950, 155, 869, 719, 58, 1008, 135, 536, 962, 517, 449, 303, 174, 297, 220, 949, 294, 603, 1401, 88, 490, 747, 1141, 64, 200, 4, 618, 381, 317, 458, 1168, 880, 168, 6, 766, 279, 1022, 782, 1545, 744, 81, 614, 480, 641, 443, 702, 1204, 1021, 106, 1061, 185, 199, 476, 739, 770, 70, 173, 172, 506, 482, 167, 504, 26, 1255, 313, 479, 420, 1142, 815, 52, 708]","[799, 811, 696, 921, 116]","[1107, 4, 133, 702, 106]"
707,"[471, 1051, 280, 1, 326, 751, 934, 764, 690, 873, 50, 313, 763, 255, 748, 304, 148, 147, 1117, 866, 274, 284, 237, 126, 596, 150, 713, 125, 300, 508, 1152, 278, 258, 111, 118, 319, 845, 151, 993, 281, 405, 117, 289, 222, 457, 740, 181, 762]","[322, 268, 535, 938, 871, 1047, 328, 847, 538, 864, 358, 271, 21, 756, 597, 412, 846, 1061, 362, 283, 1280, 25, 9, 926, 473, 685, 149, 476, 347, 127, 546, 1023, 121, 269, 742, 687, 15, 299, 1054, 112, 276, 930, 336, 225, 628, 678, 819, 981, 1049, 676, 1028, 1040, 352, 294, 880, 887, 1079]","[993, 258, 763, 181, 845]","[322, 476, 676, 269, 15]"
708,"[219, 64, 195, 22, 28, 125, 265, 200, 187, 92, 82, 174, 385, 96, 2, 939, 293, 218, 56, 568, 127, 181, 161, 210, 282, 508, 217, 203, 173, 728, 11, 441, 192, 117, 172, 808, 578, 234, 431, 1218, 546, 232, 50, 1059, 427, 183, 318, 97, 472, 554, 849, 121, 273, 5, 182, 250, 69, 959, 176, 1188, 98, 651, 833, 288, 118, 597, 515, 697, 693, 17, 841, 68, 576, 1]","[564, 769, 227, 561, 29, 823, 816, 633, 164, 229, 4, 739, 636, 230, 447, 27, 860, 470, 637, 451, 781, 215, 403, 89, 129, 452, 294, 145, 727, 550, 628, 405, 363, 859, 228, 747, 53, 567, 214, 672, 79, 402, 209, 7, 423, 62, 413, 541, 144, 559, 231, 38, 665, 226, 825, 155, 540, 65, 295, 379, 233, 569, 762, 738]","[939, 808, 97, 187, 1059]","[637, 215, 859, 230, 363]"
709,"[627, 116, 200, 265, 50, 197, 99, 1039, 603, 313, 23, 134, 318, 1101, 182, 187, 223, 192, 1, 654, 204, 89, 504, 268, 496, 174, 510, 180, 172, 234, 1019, 185, 419, 135, 198, 346, 432, 656, 340, 479, 210, 156, 56, 179, 64, 357, 12, 286, 100, 420, 277, 302, 483, 127, 303, 79]","[300, 22, 264, 751, 310, 142, 335, 269, 720, 330, 334, 874, 299, 333, 418, 95, 282, 343, 886, 202, 92, 327, 181, 271, 301, 173, 887, 501, 294, 258]","[656, 156, 12, 265, 180]","[301, 181, 874, 173, 327]"
710,"[421, 64, 652, 95, 269, 483, 1466, 699, 137, 25, 488, 707, 196, 1119, 463, 658, 476, 340, 283, 1221, 345, 1014, 778, 588, 741, 509, 694, 432, 65, 1117, 744, 1118, 716, 949, 40, 132, 732, 50, 735, 10, 286, 248, 731, 724, 909, 315, 966, 89, 277, 185, 402, 8, 193, 420, 143, 1160, 216, 191, 217, 58, 451, 255, 168, 162, 676, 1115, 845, 170, 241, 496, 52, 393, 747, 114, 16, 213, 135, 1163, 169, 313, 318, 425, 272, 959, 197, 134, 660, 86, 202, 301, 704, 995, 485, 921, 189, 116, 180, 238, 66, 381, 1168, 736, 655, 181, 79, 312, 1053, 427, 475, 172, 923, 433, 155, 961, 275, 651, 218, 403, 154, 98, 214, 88, 1024, 447, 408, 958, 70, 317, 582, 161, 306, 200, 387, 727, 378, 49, 622, 258, 83, 419, 723, 203, 133, 151, 316, 91, 549, 969, 51, 97, 710, 417, 22, 715, 48]","[684, 720, 204, 343, 1074, 229, 1152, 739, 692, 763, 1518, 230, 1285, 404, 215, 713, 401, 111, 1046, 232, 144, 99, 222, 257, 568, 173, 762, 240, 281, 1446, 219, 82, 829, 423, 77, 288, 69, 542, 1170, 121, 559, 42, 566, 265, 354, 755, 416, 250, 380, 955, 662, 120, 71, 186, 941, 167, 729, 905, 254, 228, 472, 1289, 94, 157, 365, 1190]","[747, 403, 433, 651, 1160]","[1046, 662, 1289, 1170, 167]"
711,"[731, 392, 1178, 385, 366, 97, 72, 734, 1119, 465, 399, 542, 728, 181, 790, 785, 82, 812, 746, 584, 796, 568, 110, 776, 732, 4, 622, 949, 79, 660, 692, 699, 73, 402, 739, 662, 99, 220, 421, 202, 623, 781, 1469, 243, 378, 102, 1053, 768, 755, 729, 969, 738, 140, 655, 585, 173, 196, 210, 398, 486, 88, 367, 71, 627, 66, 1221, 94, 38, 1503, 417, 588, 1037, 495, 716, 432, 395, 172, 794, 50, 944, 63, 996, 415, 762, 1055, 1036, 294, 941, 40, 142, 1220, 78, 451, 946, 553, 143, 95, 1040, 174, 83, 204, 96, 1480]","[747, 213, 783, 498, 431, 49, 420, 177, 1091, 842, 416, 1043, 215, 722, 136, 625, 232, 386, 787, 59, 575, 60, 26, 404, 955, 506, 433, 560, 388, 69, 61, 168, 462, 234, 401, 230, 365, 652, 724, 423, 67, 376, 195, 843, 191, 238, 418, 393, 51, 178, 510, 42, 228, 1074, 141, 90, 501, 419, 400]","[486, 776, 785, 655, 102]","[238, 215, 136, 1074, 652]"
712,"[310, 347, 344, 302, 269, 315, 272]","[539, 1656, 1431, 1434, 1127, 1176, 307, 340, 689, 313, 898, 362, 345, 342, 327, 286, 311, 882, 750, 270, 752, 690, 300]","[269, 302, 344, 347, 315]","[752, 882, 750, 1127, 311]"
713,"[282, 181, 121, 685, 50, 7, 300, 763, 405, 1016, 250, 3, 1028, 471, 117, 258, 748, 118, 323, 294]","[252, 255, 597, 477, 871, 237, 472, 289, 15, 291, 151, 284, 1, 410, 111, 1152, 100, 1014, 281, 276, 924, 9, 369, 257]","[282, 250, 50, 763, 1016]","[9, 871, 237, 15, 472]"
714,"[202, 410, 181, 216, 284, 425, 73, 204, 174, 150, 1011, 58, 156, 426, 12, 239, 193, 82, 789, 926, 298, 83, 475, 87, 735, 318, 172, 265, 90, 955, 69, 655, 591, 288, 232, 179, 161, 546, 79, 157, 470, 1, 42, 248, 658, 168, 64, 28, 108, 196, 205, 81, 471, 4, 257, 96, 462, 588, 11, 234, 746, 173, 122, 176, 95, 273, 268, 480, 31, 195, 56, 249, 155, 98, 22, 68, 1016, 182, 713, 50, 121, 206, 237, 144, 939]","[228, 739, 231, 33, 756, 175, 217, 70, 252, 732, 250, 399, 447, 159, 627, 92, 53, 89, 976, 1045, 826, 455, 276, 117, 27, 380, 755, 111, 1047, 743, 128, 685, 40, 376, 1215, 697, 405, 24, 274, 135, 227, 7, 433, 39, 118, 158, 222, 88, 2, 564, 208, 71, 595, 254, 1217, 549, 761, 944, 97, 977, 85, 125, 367, 145, 629, 233, 1188, 692, 183, 941, 576, 1088, 17, 235, 101, 100, 1222, 282, 412, 106, 143, 778]","[239, 746, 156, 95, 87]","[1215, 1088, 367, 405, 944]"
715,"[318, 483, 91, 275, 143, 196, 159, 194, 153, 707, 836, 602, 499, 470, 163, 663, 97, 484, 381, 969, 1039, 191, 673, 86, 496, 23, 405, 133, 443, 588, 181, 82, 491, 1, 293, 507, 357, 25, 238, 95, 414, 131, 611, 1050, 211, 527, 837, 425, 490, 481, 248, 423, 111, 49, 956, 205, 504, 568, 127, 48, 526, 28, 705, 427, 488, 478, 651, 610, 215, 648, 64, 197, 81, 473, 265, 632, 601, 520, 99, 514, 480, 50, 88, 387, 614, 792, 493, 172, 418, 22, 479, 1020, 203, 723, 659, 257, 606, 474, 199, 482, 70, 420, 136, 660, 174, 222, 432, 208, 185, 216, 486, 202, 732, 11, 151, 404, 117, 506, 511, 69, 134, 121, 73, 692, 549, 485, 724, 56, 162, 58, 200, 213, 210, 294, 274, 237, 1113, 435, 498, 735, 228, 154, 79, 740, 633, 495, 630, 515, 300, 52, 283, 419, 494, 489, 168, 234, 708, 631, 367, 193, 430, 505, 451, 173, 501, 627, 603, 83, 1101, 178, 298, 98, 1269, 465, 190, 655, 487, 132, 141, 517, 204]","[235, 118, 160, 416, 503, 157, 628, 471, 187, 96, 340, 105, 144, 1047, 47, 661, 502, 417, 1203, 392, 186, 729, 866, 521, 176, 445, 192, 675, 4, 570, 472, 282, 412, 492, 102, 965, 946, 393, 546, 180, 622, 225, 497, 842, 615, 122, 175, 218, 662, 428, 399, 1016, 519, 241, 605, 1124, 620, 609, 559, 260, 636, 209, 230, 183, 284, 468, 650, 949, 31, 525, 142, 227, 826, 72, 385, 604, 566, 161, 108, 229, 135, 696, 1126, 195, 177, 1286, 823, 13]","[132, 504, 549, 611, 491]","[282, 1124, 157, 260, 192]"
716,"[287, 25, 293, 268, 322, 328, 150, 100, 980, 301, 117, 235, 291, 222, 302, 111, 274, 751, 471, 475, 106, 246, 282, 340, 50, 846, 1137, 597, 280, 307, 281, 125, 237, 126, 300, 262, 888, 333, 685, 299, 343, 1282, 269, 472, 303, 742, 312, 313, 147, 289, 285, 7, 887, 628, 1011, 476, 127, 1047, 258, 245, 995, 591]","[748, 324, 294, 331, 290, 286, 271, 358, 405, 826, 975, 678, 890, 831, 250, 288, 298, 866, 327, 130, 825, 326, 148, 24, 455, 546, 815, 121, 240, 1051, 260]","[150, 322, 301, 50, 117]","[331, 326, 250, 405, 1051]"
717,"[756, 841, 222, 300, 111, 591, 689, 284, 471, 742, 546, 982, 815, 118, 717, 405, 751, 685, 15, 255, 121, 597, 1028, 257, 282]","[975, 926, 240, 273, 1048, 1165, 820, 274, 879, 1047, 831, 750, 289, 744]","[257, 685, 982, 841, 284]","[879, 926, 831, 744, 750]"
718,"[659, 223, 660, 392, 742, 9, 282, 357, 318, 79, 378, 69, 620, 64, 285, 220, 216, 655, 185, 215, 162, 98, 402, 510, 427, 520, 735]","[673, 291, 126, 66, 50, 281, 7, 778, 121, 532, 23, 289, 237, 118, 293, 240, 58, 423, 582, 97, 456, 88, 214, 87, 71, 890, 298, 284, 127, 274, 468, 410, 509, 294, 300, 254, 382, 255, 137, 77]","[660, 282, 98, 742, 9]","[291, 240, 50, 289, 237]"
719,"[258, 304, 995, 906, 306, 315, 1062, 302, 333, 1176, 286, 898, 268, 262, 310, 316, 321, 896, 272, 902, 311, 887, 242]","[872, 345, 269, 749, 313, 347, 319]","[272, 306, 1062, 315, 887]","[319, 313, 347, 345, 269]"
720,"[879, 403, 317, 632, 82, 50, 328, 357, 393, 215, 300, 527, 382, 755, 732, 318, 22, 196, 194, 990, 175, 402, 173, 179, 69, 471, 111, 216, 77, 181, 1039, 107, 172, 174, 720, 8, 735, 199, 145, 197, 239, 455, 28, 423, 660, 684, 51, 15, 286, 332, 97, 269, 942, 301, 64, 631, 282, 326, 1119, 268, 380, 204, 1442, 222, 322, 127, 435, 1, 284, 739, 228, 1065, 153, 229, 161]","[87, 984, 687, 289, 333, 681, 305, 690, 259, 191, 749, 135, 302, 258, 358, 1392, 157, 699, 655, 70, 294, 715, 881, 989, 877, 324, 1296, 264, 680, 875, 688, 288, 325, 330, 457, 303, 581, 938, 306, 260, 65, 873, 327, 243, 518, 299, 937, 261, 1265, 334, 323, 84, 582, 991, 678, 245, 406, 304, 56, 988, 81, 880, 292, 331, 359, 58, 321, 729, 162, 1025, 335, 809, 948, 319, 329, 125, 876, 237, 682, 872, 1393, 748, 209, 1221, 1295, 266, 1026, 878, 995, 242, 263, 874, 262]","[239, 145, 8, 735, 1442]","[749, 748, 1026, 56, 289]"
721,"[124, 118, 7, 237, 151, 291, 307, 458, 476, 471, 508, 100, 628, 333, 310, 286, 130, 25, 845, 328, 696, 866, 117, 748, 121]","[546, 300, 122, 412, 147, 678, 13, 756, 322, 111, 294, 405, 823, 148, 871, 597, 928]","[151, 307, 748, 121, 25]","[823, 322, 405, 412, 597]"
722,"[174, 169, 258, 172, 168, 164, 50, 748]","[28, 137, 1, 289, 191, 189, 322, 89, 988, 178, 150, 433, 286, 9]","[169, 748, 50, 172, 168]","[286, 433, 137, 9, 322]"
723,"[304, 310, 288, 326, 272, 301, 327, 347, 333, 328, 313, 258, 268, 269, 329, 294, 895, 749, 332]","[305, 342, 311, 937, 877, 266, 690, 909, 299, 300, 1176, 346, 245, 680, 1617, 880, 908, 872, 344, 361, 271, 882, 538, 358, 989, 682, 678, 336, 349, 876, 1062, 879, 308, 307, 286, 748, 750, 1234, 683, 893, 259, 1127, 343, 289, 995, 948, 938, 988, 873, 751, 338, 1591, 242, 302, 1432, 1434, 264, 906, 351, 323, 898, 331, 1105, 887, 322, 352]","[288, 310, 304, 294, 272]","[876, 351, 343, 1434, 361]"
724,"[245, 258, 300, 100, 15, 181, 286, 9, 333, 322, 19, 301, 881, 873, 748, 879, 328, 276]","[1197, 264, 358, 321, 288, 111, 294]","[879, 245, 100, 19, 9]","[264, 1197, 111, 294, 358]"
725,"[274, 1059, 310, 833, 1, 294, 25, 832]","[355, 845, 819, 257, 1014, 1028, 249, 248, 535, 117, 323, 898, 763, 255, 409, 1038]","[25, 1, 832, 274, 310]","[255, 323, 819, 355, 249]"
726,"[68, 125, 208, 692, 746, 259, 73, 433, 177, 153, 541, 809, 203, 195, 201, 271, 294, 187, 69, 282, 1218, 42, 95, 202, 91, 993, 121, 248, 684, 265, 50, 775, 658, 403, 156, 2, 178, 483, 434, 27, 431, 174, 239, 246, 79, 127, 196, 510, 526, 88, 199, 233, 207, 70, 80, 87, 550, 291, 161, 228, 421, 268, 227, 511, 118, 169, 176, 596, 470, 328, 211, 520, 89, 168, 164, 250, 114, 274, 408, 191, 739, 28, 67, 588, 94, 982, 186, 576, 163, 144, 679, 128, 98, 748, 451, 12, 22, 83, 96, 879, 173, 198, 491, 172, 392, 205]","[123, 678, 441, 117, 181, 105, 720, 1119, 367, 217, 933, 585, 628, 831, 33, 24, 132, 419, 1217, 1231, 569, 432, 949, 1657, 1047, 155, 343, 890, 826, 566, 562, 1411, 801, 312, 204, 401, 549, 790, 765, 747, 539, 54, 424, 284, 356, 1088, 72, 542, 131, 1273, 38, 63, 234, 210, 197, 380, 184, 154, 275, 507, 680, 109, 378, 386, 232, 159, 866, 783, 101, 729, 1076, 1229, 636, 1042, 928, 1139, 820, 1, 206, 29, 435, 926, 167, 369, 5, 411, 1303, 755, 257, 444, 1244, 1034, 157, 570, 845, 398, 455, 760, 260, 1437, 62, 1222, 1249, 358, 567, 148, 249, 1016, 635, 413, 808, 841, 283, 941, 39, 440, 66, 393, 546, 665, 405, 278, 685, 423, 258, 82, 188, 7, 471, 1035, 71, 55, 977, 1224, 231, 597, 1215, 779, 397, 240, 90, 219, 552, 183, 100, 180, 774, 751, 771, 158, 722, 65, 179, 1165, 410, 1025, 556, 609, 222, 384, 135, 1049, 43, 395, 226, 238, 627, 568, 402, 815, 108, 230, 544, 1188, 559, 53, 553, 17, 111, 810, 1206, 940, 474, 25, 147, 366, 399, 1185, 1250, 252, 1615, 616, 371, 538, 385, 930, 578, 1028, 802, 209, 827, 229, 472, 363, 379, 447, 840, 849, 235, 122, 651, 92, 465, 11, 56, 1446]","[94, 239, 2, 114, 27]","[1224, 82, 1035, 765, 432]"
727,"[508, 282, 117, 25, 322, 678, 100, 147, 285, 742, 304, 116, 1355, 237, 15, 287, 471]","[871, 546, 124, 289, 319, 243, 286, 323, 748]","[742, 282, 508, 304, 116]","[323, 243, 546, 124, 748]"
728,"[689, 333, 354, 748, 322, 362, 300, 272]","[328, 683, 879, 690, 288, 901, 313, 294, 751, 310, 338, 346, 894]","[362, 748, 322, 272, 354]","[288, 338, 310, 690, 894]"
729,"[298, 50, 748, 109, 125, 15, 258, 7, 100, 246, 269, 257, 294, 151, 1, 1012, 268, 121]","[332, 300, 117, 815, 742, 410, 276, 327, 273, 301, 875, 873, 237, 181, 322, 248, 328, 535, 340, 685]","[246, 1, 298, 1012, 268]","[301, 273, 875, 327, 685]"
730,"[197, 192, 357, 487, 393, 216, 462, 419, 97, 945, 478, 480, 204, 69, 648, 196, 427, 705, 1503, 136, 170, 127, 15, 283, 66, 207, 143, 213, 527, 485, 64, 486, 28, 190, 694, 655, 603, 202, 215, 237, 1039, 608, 520, 496]","[378, 168, 510, 183, 205, 507, 95, 194, 504, 153, 1, 1269, 662, 8, 508, 56, 132, 320, 588, 434, 613, 521, 611, 140, 606, 482, 14, 481, 484, 125, 1086, 494, 720, 845, 133, 195, 1275, 1087, 591]","[1039, 237, 127, 215, 608]","[133, 588, 611, 132, 194]"
731,"[300, 873, 882, 690, 286, 245, 937, 332, 288, 243, 304, 269]","[938, 324, 305, 875, 322, 289, 294, 321]","[937, 690, 286, 288, 243]","[289, 294, 938, 321, 305]"
732,"[676, 1129, 1142, 293, 19, 242, 14, 221, 1067, 224, 459, 137, 302, 149, 290, 107, 124, 324, 286, 744, 1085, 713, 285, 515, 1338, 273, 1011, 20, 151, 950, 762, 276, 116, 1132, 100, 924]","[10, 253, 147, 294, 1009, 288, 847, 1173, 279, 7, 121, 298, 248, 1171, 1658, 237, 146, 284, 125, 820, 287, 16, 322, 275, 296, 129, 282, 1023, 619, 985, 127, 546, 405, 1115, 117, 220, 1114, 534, 740, 126, 1, 150, 1226, 742, 1163, 696, 922, 283, 13, 258, 1047, 130, 591, 277, 458, 274, 148, 544, 471, 1375, 245, 244, 281, 250, 297, 1117, 933, 846, 9, 1380, 291]","[713, 302, 676, 1085, 137]","[121, 820, 7, 534, 127]"
733,"[82, 204, 99, 419, 98, 607, 591, 174, 143, 751, 172, 699, 604, 83, 423, 318, 193, 191, 213, 275, 742, 97, 487, 603, 478, 313, 496, 479, 15, 274, 28, 465, 288, 483, 485, 202, 605, 95, 283, 282, 705, 121, 498, 50]","[166, 198, 662, 210, 482, 222, 111, 56, 582, 165, 132, 173, 144, 724, 22, 162, 164, 821, 230, 294]","[487, 498, 288, 204, 604]","[173, 166, 198, 724, 821]"
734,"[1, 258, 9, 333, 276, 690, 813, 25, 285, 475, 124, 286, 298, 242, 304, 181, 319, 515, 288, 50, 13, 275, 300, 237, 127]","[741, 744, 628, 147, 332, 293, 269, 126, 327, 100, 106, 7, 283, 245, 117, 277, 676, 748, 289, 93, 764, 321, 331, 123, 301, 1012, 756, 325]","[13, 690, 237, 475, 515]","[327, 293, 321, 676, 100]"
735,"[296, 532, 246, 248, 515, 1388, 293, 993, 286, 127, 253]","[181, 255, 50, 257, 1278, 1089, 678, 254, 323, 533, 294, 748, 324]","[253, 296, 993, 1388, 515]","[257, 323, 181, 533, 678]"
736,"[428, 186, 89, 175, 180, 12, 127, 156, 173, 187, 58, 474, 64, 154, 169, 192, 475, 32, 171, 258, 160, 137, 357, 100, 22]","[222, 47, 427, 96, 196, 11, 501, 174]","[173, 100, 154, 160, 258]","[427, 196, 222, 501, 11]"
737,"[651, 196, 318, 151, 205, 180, 183, 199, 96, 178, 175, 265, 127, 210, 191, 95, 969, 357, 195, 56, 208, 172, 69, 496, 136, 153, 747, 186, 230, 603, 385, 174, 511, 144, 202, 209, 470, 177, 89, 214, 161, 474, 238, 181, 81, 662, 176, 455, 64, 423, 434, 193, 527, 408, 659, 169, 227, 189, 173, 222, 228, 164, 128, 252, 313, 50, 258, 28, 121, 4, 91, 82, 197, 1, 109, 528, 152, 234, 97, 98, 250, 919, 7, 204, 135]","[188, 367, 916, 22, 226, 63, 405, 380, 298, 42, 79, 39, 393, 257, 751, 233, 71, 403, 418, 650, 926, 229, 88, 697, 206, 203, 1047, 429, 231, 260, 200, 2, 517, 179, 732, 235, 47, 568, 168, 636, 147, 254, 118, 141, 550, 951, 271, 117, 269, 216, 930, 225, 211, 100, 154, 343, 665, 1016, 54, 655, 240, 755, 449]","[1, 176, 81, 96, 919]","[54, 39, 517, 429, 405]"
738,"[359, 69, 79, 100, 132, 96, 216, 1429, 526, 56, 327, 1431, 97, 187, 301, 172, 603, 318, 195, 498, 333, 749, 22, 50]","[969, 286, 661, 197, 176, 465, 55, 751, 98, 168, 288]","[79, 327, 56, 187, 1431]","[969, 55, 661, 286, 751]"
739,"[289, 242, 288, 300, 286, 294, 269, 302, 340, 1038]","[319, 748, 322, 938, 328, 326, 873, 332, 271, 258]","[242, 340, 286, 1038, 269]","[322, 258, 326, 319, 271]"
740,"[69, 435, 70, 651, 88, 241, 98, 234, 275, 48, 288, 215, 673, 496, 478, 403, 15, 566, 204, 427, 265, 194, 134, 742, 781, 699, 174, 274, 181, 180, 480, 22, 83, 56, 50, 196, 79, 732, 357, 131, 1041, 216, 178, 172, 186, 479, 283, 313, 218, 724, 945]","[95, 783, 399, 94, 1029, 1090, 54, 5, 31, 77, 1074, 280, 228, 785, 38, 722, 82, 815, 25, 202, 475, 273, 393, 401, 290, 423, 281, 118, 1152, 790, 121, 692, 239, 173, 7, 66, 582, 92, 660, 17, 682, 209, 1016, 226, 367, 451, 164, 28, 255, 210, 67, 151, 696]","[724, 651, 218, 742, 275]","[67, 785, 696, 1029, 54]"
741,"[258, 508, 1012, 13, 15, 50, 237, 475, 1, 100, 14, 124, 127, 591]","[109, 321, 117, 181, 250, 222, 7, 546, 294, 24, 284, 282]","[14, 475, 100, 124, 1]","[7, 222, 109, 24, 294]"
742,"[224, 100, 297, 268, 311, 300, 298, 879, 222, 303, 269, 276, 302, 744, 301, 258, 748, 9, 408, 242]","[321, 288, 273, 15, 289, 338, 292, 308, 326, 294, 259, 340, 286, 181, 322]","[408, 269, 268, 298, 297]","[340, 326, 286, 259, 308]"
743,"[127, 603, 237, 508, 963, 428, 238, 23, 657, 1, 276, 302, 156, 479, 307, 174, 483]","[628, 482, 28, 1134, 50, 340, 9, 301, 188, 481]","[302, 483, 479, 174, 23]","[50, 1134, 628, 482, 340]"
744,"[492, 190, 7, 425, 519, 8, 646, 515, 100, 98, 124, 258, 427, 125, 64, 96, 194, 12, 169, 302, 9, 10, 603]","[215, 520, 177, 285, 174, 527, 203, 286, 183, 222, 1126, 188, 480, 181, 531, 507, 151, 205, 204, 510, 207, 202, 230, 28, 79, 483, 182, 50, 14, 923, 168, 20, 276, 1, 275, 127, 936]","[492, 258, 603, 64, 194]","[520, 28, 127, 20, 183]"
745,"[96, 117, 184, 196, 566, 550, 157, 226, 181, 431, 79, 50, 24, 578, 144, 1, 202, 89, 684, 172, 8, 183, 403, 204, 568, 82, 64, 385, 22, 132, 597, 455, 265, 233, 176, 174, 68, 186, 208, 210, 83, 228]","[128, 231, 546, 56, 232, 38, 523, 399, 230, 449, 222, 127, 685, 62, 281, 161, 2, 423, 121, 506, 405, 229, 720, 135, 168]","[202, 172, 578, 8, 68]","[2, 232, 229, 685, 128]"
746,"[228, 108, 208, 23, 223, 432, 48, 486, 1375, 116, 303, 650, 180, 531, 279, 661, 132, 183, 292, 443, 654, 87, 467, 1194, 211, 500, 496, 316, 648, 844, 705, 474, 1203, 494, 327, 502, 497, 91, 135, 205, 153, 634, 1142, 28, 79, 461, 492, 419, 99, 408, 639, 163, 588, 580, 478, 501, 4, 302, 693, 1204, 509, 109, 596, 265, 82, 50, 430, 558, 427, 526, 15, 97, 481, 923, 71, 736, 347, 73, 480, 268, 508, 482, 287, 631, 30, 949, 672, 1098, 56, 651, 887, 313, 111, 133, 615, 234, 606, 483, 418, 98, 179, 31, 530, 390, 524, 945, 189, 11, 416, 485, 304, 603, 86, 39, 269, 663, 1134, 69, 12, 519, 93, 525, 190, 262, 423, 215, 475, 429, 188, 176, 8, 584, 357, 493, 318, 187, 959, 333, 462, 529, 1497, 162, 285, 842, 182, 168, 404, 175, 315, 504, 83, 288, 1020, 210, 136, 792, 604, 320, 286, 498, 479, 582, 64, 235, 1021, 70, 199, 735, 134, 96, 202, 185, 32, 94, 608, 1015, 274, 192, 7, 47, 1041, 644, 517, 174, 653, 129, 172, 169, 17, 276, 9, 403, 181, 511, 195, 521, 204, 659, 127, 100, 488, 715, 1045, 900, 305, 505, 178, 865, 1, 514, 124, 510]","[25, 1050, 783, 173, 44, 835, 1660, 152, 939, 156, 3, 591, 1028, 952, 739, 997, 967, 29, 929, 1067, 282, 301, 951, 1003, 675, 428, 216, 409, 1456, 1159, 392, 290, 1225, 40, 625, 989, 463, 209, 21, 14, 117, 393, 875, 85, 1631, 845, 507, 88, 222, 985, 1205, 695, 26, 13, 732, 655, 154, 811, 367, 238, 95, 466, 664, 433, 1170, 1427, 22, 231, 473, 63, 1246, 649, 555, 1179, 258, 1659, 726, 476, 196, 194, 58]","[211, 108, 82, 205, 32]","[238, 845, 726, 290, 1660]"
747,"[748, 22, 48, 496, 8, 174, 144, 258, 135, 514, 173, 86, 474, 654, 183, 179, 188, 176, 50, 250, 69, 222, 237, 153, 56, 89, 186, 180, 425, 181, 189, 64, 515, 498, 328, 234, 169, 483, 194, 175, 187, 527, 709, 323, 208, 318, 114, 97, 603, 209, 421, 7, 657, 813, 216, 633, 847, 172, 408, 4, 79, 300, 427, 588, 58, 195, 732, 479, 182, 1, 96, 199]","[154, 528, 71, 228, 678, 196, 319, 710, 143, 193, 357, 699, 692, 517, 451, 200, 326, 495, 650, 132, 647, 137, 83, 210, 271, 168, 192, 402, 655, 286, 204, 213, 197, 118, 227, 133]","[496, 474, 732, 181, 7]","[655, 83, 271, 118, 517]"
748,"[2, 125, 663, 366, 49, 1, 142, 31, 735, 154, 406, 151, 73, 879, 144, 403, 11, 64, 521, 944, 837, 159, 145, 550, 86, 293, 199, 172, 15, 195, 69, 194, 951, 472, 732, 216, 781, 134, 228, 501, 1228, 595, 173, 280, 511, 603, 633, 168, 378, 117, 132, 659, 434, 245, 231, 755, 183, 176, 465, 431, 82, 480, 88, 484, 523, 133, 496, 87, 742, 197, 232, 96, 746, 322, 510, 686, 404, 211, 185, 89, 628, 620, 526, 414, 1615, 223, 210, 685, 1028, 25, 658, 98, 141, 357, 99, 291, 135, 153, 418, 527, 661, 435, 705, 215, 258, 402, 609, 68, 271, 300, 136, 127, 655, 239, 1041, 209, 101, 191, 1185, 531, 284, 586, 429, 227, 4, 423, 174, 326, 393, 71, 179, 498, 273, 196, 292, 495, 1136, 22, 328, 568, 202, 208, 200, 233, 143, 941, 180, 485, 298, 139, 226, 419, 969, 234, 79, 94, 729, 478, 977, 430, 1016, 483, 178, 356, 420, 203, 181, 470, 975, 85, 204, 186, 47, 443, 50, 205, 636]","[56, 399, 252, 188, 1337, 1089, 554, 23, 622, 121, 625, 222, 105, 238, 1047, 254, 578, 736, 187, 477, 78, 468, 148, 389, 295, 826, 250, 62, 843, 294, 175, 182, 616, 841, 627, 934, 385, 541, 358, 1274, 110, 1051, 257, 571, 808, 237, 24, 576, 160, 802, 157, 448, 80, 932, 642, 229, 100, 812, 158, 1088, 866, 167, 9, 1139, 584, 740, 164, 1023, 968, 1092, 986, 72, 1263, 58, 635, 650, 95, 398, 77, 540, 184, 111, 763, 48, 161, 38, 214, 748, 428, 678, 1188, 240, 1013, 1244, 1133, 140, 780, 1034, 621, 67, 809, 391, 930, 66, 821, 546, 162, 566, 380, 984, 637, 731, 230, 833, 401, 449, 433, 405, 1440, 155, 549, 118, 365, 739, 845, 444, 712, 823]","[406, 523, 609, 603, 73]","[389, 164, 38, 549, 66]"
749,"[286, 301, 331, 270, 294, 306, 271, 269, 288, 879, 305, 303, 328, 304, 327]","[330, 300, 688, 358, 881, 749, 683, 245, 876, 873, 322, 748, 325, 886, 338, 1280, 258, 323]","[270, 286, 304, 328, 294]","[881, 876, 258, 322, 886]"
750,"[301, 178, 248, 316, 418, 487, 735, 1011, 736, 480, 419, 88, 652, 659, 1007, 50, 100, 56, 272, 131, 70, 62, 181, 483, 436, 42, 755, 168, 269, 194, 432, 708, 434, 257, 785, 95, 193, 485, 538, 746, 270, 2, 490, 737, 302, 578, 87, 79, 239, 588, 142, 98, 91, 28, 83, 179, 215, 117, 144, 367, 216, 347, 96, 394, 709, 82, 494, 143, 174, 559, 751, 385, 55, 173, 431, 196, 172, 631, 428, 214, 497, 596, 101, 537, 25, 121, 21, 213, 481, 99, 738, 204, 153, 202, 227, 603, 210, 274, 660, 209]","[568, 305, 250, 472, 1661, 85, 778, 856, 734, 380, 405, 591, 291, 381, 386, 748, 3, 849, 1078, 226, 1101, 945, 756, 89, 742, 417, 1446, 300, 917, 710, 197, 704, 1140, 399, 382, 558, 111, 11, 1, 402, 372, 154, 433, 238, 310, 313, 161, 332, 916, 865, 7, 1035, 237, 118, 90, 486, 739, 655, 597, 52, 484, 809, 689, 323, 94, 658, 479, 315]","[79, 91, 99, 210, 659]","[7, 916, 313, 238, 118]"
751,"[272, 748, 271, 340, 288, 347, 690, 270, 301, 306, 327, 305, 346, 904, 539, 259, 358, 882, 302, 307, 344, 350, 900, 331, 751, 348, 269, 589, 332, 995, 1243, 1463, 683, 902]","[286, 300, 313, 310, 896, 326, 905, 1105, 289, 322, 311, 294, 258, 1294, 351, 345, 316, 1127, 325, 621, 1024, 354, 909, 333, 338, 1265, 750, 887, 323, 1176, 315, 1527, 260, 752, 678, 1279, 321, 355, 268]","[589, 900, 1243, 306, 270]","[338, 905, 325, 326, 355]"
752,"[79, 898, 515, 359, 484, 483, 510, 462, 50, 199, 194, 215, 22, 211, 134, 435, 294, 527, 242, 71, 427, 357, 657, 523, 174, 272, 98, 64, 313, 304, 69, 173, 653, 316, 269, 193]","[673, 96, 182, 499, 322, 195, 504, 180, 23, 286, 347, 185, 181, 750, 187, 328, 183, 89, 300, 172, 179]","[484, 483, 50, 69, 462]","[181, 300, 180, 750, 322]"
753,"[937, 9, 619, 476, 276, 117, 477, 15, 459, 282, 1016, 291, 295, 293, 127]","[676, 284, 742, 819, 255, 744, 595, 359, 118, 328, 237, 292, 243, 922, 286, 1197, 340, 307, 273]","[127, 459, 619, 295, 117]","[922, 595, 292, 340, 273]"
754,"[690, 304, 269, 302, 748, 311, 300, 937, 880, 245, 258, 323, 328, 310, 538, 286, 879]","[319, 294, 875, 689, 259, 343, 327, 881, 264, 271, 289, 872, 887, 288, 322, 331, 688, 340, 299, 301, 938]","[302, 286, 538, 311, 690]","[340, 271, 331, 327, 264]"
755,"[367, 603, 117, 178, 1119, 100, 176, 55, 1009, 421, 566, 1, 111, 210, 181, 402, 89, 171, 79, 147, 183, 1074, 1060, 591, 159, 289, 96, 50, 739, 1149, 8, 143, 251, 30, 919, 432, 66, 151, 300, 588, 155, 1240, 256, 420]","[63, 527, 99, 550, 404, 398, 122, 642, 234, 753, 92, 554, 161, 423, 930, 135, 418, 138, 409, 399, 3, 1274, 325, 731, 435, 226, 123, 473, 274, 53, 71, 860, 258, 742, 121, 245, 173, 230, 235, 197, 91, 118, 755, 195, 141, 323, 22, 95, 419, 501, 225, 228, 97, 275, 983, 222, 88, 9, 622, 82, 1031, 1652, 403, 568, 383]","[8, 289, 50, 117, 183]","[275, 161, 235, 95, 409]"
756,"[196, 71, 7, 651, 195, 248, 50, 4, 693, 89, 549, 117, 22, 168, 203, 202, 144, 193, 24, 333, 179, 205, 684, 288, 173, 31, 210, 101, 68, 939, 809, 11, 222, 176, 91, 471, 56, 79, 276, 515, 257, 206, 98, 151, 742, 895, 258, 198, 230, 96, 183, 97, 679, 204, 172, 27, 559, 64, 227, 250, 148, 405, 568, 82, 174, 1, 1073, 433, 403, 298, 228, 95, 431]","[399, 161, 100, 569, 226, 771, 678, 2, 260, 28, 157, 743, 207, 1090, 217, 58, 588, 1210, 685, 265, 241, 1188, 1035, 129, 423, 38, 128, 326, 566, 474, 1273, 450, 181, 229, 232, 156, 432, 155, 658, 570, 121, 62, 122, 385, 546, 343, 751, 746, 271, 1240, 233, 350, 969, 175, 665, 153, 313, 231, 1016, 328, 550, 270, 53, 562, 576, 827, 323, 254, 125, 17, 143, 732, 235, 470, 472, 252, 825, 145, 1014, 188, 449, 931, 164, 118, 69, 426, 455, 561, 574, 554, 638, 29, 358]","[117, 179, 939, 195, 22]","[125, 118, 128, 122, 69]"
757,"[135, 298, 127, 258, 272, 235, 587, 7, 177, 1142, 248, 269, 288, 224, 108, 619, 58, 1085, 56, 50, 865, 153, 287, 303, 192, 81, 427, 172, 324, 64, 607, 684, 24, 163, 373, 286, 128, 69, 634, 656, 316, 1098, 412, 1111, 997, 302, 480, 527, 428, 742, 790, 14, 271, 512, 385, 305, 253, 837, 380, 4, 249, 685, 297, 191, 578, 100, 1159, 26, 483, 482, 529, 202, 732, 508, 411, 484, 257, 1052, 183, 122, 489, 547, 294, 213, 474, 273, 33, 780, 657, 20, 186, 1007, 864, 185, 567, 1019, 421, 414, 203, 1022, 1046, 603, 234, 533, 462, 1016, 238, 705, 526, 505, 629, 144, 152, 751, 184, 353, 98, 171, 8, 212, 200, 1039, 25, 227, 1001, 331, 364, 1143, 479, 968, 91, 1023, 430, 887, 154, 338, 514, 628, 654, 531, 151, 1012, 580, 218, 550, 481, 170, 141, 290, 250, 448, 134, 116, 571, 650, 173, 28, 124, 384, 425, 355, 352, 291, 179, 195, 23, 168, 896, 143, 313, 455, 147, 568, 93, 223, 175, 82, 311, 895, 216, 53, 652, 129, 475, 502, 746, 181, 292, 79, 262, 199, 230, 222, 362, 236, 285, 88, 405, 137, 209, 715, 922, 509, 210, 350, 640, 419, 616, 433, 447, 96, 12, 319, 196, 902, 576, 139, 566, 820, 332, 150, 520, 342, 541, 208, 435, 13, 211, 608, 176, 345, 237, 117, 204, 270, 393, 831, 320, 315, 174, 1034, 735, 919, 1283]","[347, 517, 597, 810, 431, 892, 95, 197, 155, 889, 826, 689, 752, 391, 1501, 387, 827, 765, 282, 977, 159, 716, 121, 221, 764, 686, 434, 1025, 441, 554, 605, 29, 420, 546, 123, 231, 109, 452, 959, 569, 125, 676, 496, 542, 76, 955, 802, 748, 890, 436, 301, 346, 540, 344, 118, 488, 38, 898, 1527, 687, 1244, 665, 653, 722, 228, 241, 39, 31, 1074, 536, 252, 510, 242, 217, 240, 105, 737, 131, 1135, 11, 343, 1088, 713, 62, 388, 1090, 68, 99, 750, 1292, 276, 229, 328, 506, 61, 43, 293, 66, 77, 386, 1047, 289, 239, 312, 841, 356, 340, 6, 300, 582, 307, 310, 471]","[502, 654, 137, 922, 88]","[43, 66, 1090, 217, 328]"
758,"[1016, 332, 300, 258, 298, 1, 121, 117, 742, 257, 937, 328, 275, 222, 756, 405, 220, 471, 748, 50, 118, 294, 281, 181, 323]","[678, 984, 591, 245, 127, 24, 237]","[332, 756, 294, 937, 220]","[591, 127, 24, 245, 984]"
759,"[604, 278, 125, 1037, 204, 739, 288, 451, 365, 873, 111, 776, 71, 375, 195, 1135, 845, 748, 258]","[65, 183, 181, 723, 216, 819, 185, 202, 162, 50, 682, 172, 928, 841, 120, 66, 631, 300, 237, 255, 25, 98]","[451, 111, 604, 71, 125]","[162, 300, 172, 928, 819]"
760,"[278, 147, 924, 546, 148, 181, 50, 258, 288, 222, 295, 864, 1157, 293, 15, 275, 205, 840, 237, 748, 117, 125, 7, 283, 282, 628, 245]","[289, 294, 1197, 214, 678, 1277, 1, 261, 1014, 688, 127, 291, 235, 326, 471, 476, 426, 455, 988, 358, 1272, 123, 458, 1163, 877, 1287, 457, 1152, 1012, 263, 9, 402, 742, 151, 243, 1558, 477, 508, 201]","[1157, 15, 864, 283, 840]","[243, 688, 457, 1, 1152]"
761,"[302, 475, 875, 173, 515, 955, 274, 270, 421, 286]","[116, 237, 1662, 246, 815, 749, 934, 709, 332, 256, 111]","[955, 475, 274, 421, 286]","[749, 237, 111, 116, 256]"
762,"[588, 88, 200, 1, 960, 286, 238, 11, 213, 461, 151, 22, 275, 1268, 742, 196, 197, 164, 176, 629, 195, 507, 283, 127, 69, 418, 98, 469, 162, 5, 510, 961, 209, 157, 70, 505, 56, 16, 173, 61, 462, 1065, 174, 518, 39, 625, 475, 25, 607, 730, 222, 509, 55, 153, 168, 357, 1129, 382, 432, 100, 392, 50, 483, 59, 212, 224, 60, 135, 137, 194, 12, 4, 1039, 26, 515, 79, 190, 99, 191, 466, 845, 85, 198, 703, 609, 498]","[28, 367, 210, 375, 258, 879, 658, 96, 237, 627, 111, 97, 144, 73, 47, 234, 1101, 230, 702, 972, 941, 1006, 83, 171, 732, 280, 527, 738, 133, 692, 13, 317, 1180, 143, 819, 464, 125, 159, 87, 955, 1098, 737, 132]","[168, 127, 462, 475, 60]","[527, 955, 464, 367, 171]"
763,"[245, 143, 71, 31, 527, 77, 100, 597, 9, 496, 11, 176, 1221, 588, 1012, 14, 28, 866, 15, 432, 289, 99, 356, 174, 70, 121, 280, 1028, 227, 282, 946, 132, 218, 89, 673, 95, 117, 1, 405, 845, 284, 56, 237, 125, 255, 275, 64, 22, 111, 1046, 692, 151, 864, 595, 278, 202, 222, 418, 633, 7, 531, 939, 318, 286, 200, 69, 98, 216]","[86, 223, 118, 140, 742, 820, 321, 1152, 756, 323, 191, 696, 173, 743, 13, 274, 294, 276, 220, 591, 4, 1284, 747, 50, 25, 273, 371, 2, 693, 819, 472, 717, 1057, 231, 411, 252, 21, 732, 106, 281, 596]","[95, 202, 143, 77, 286]","[1152, 21, 1284, 281, 173]"
764,"[285, 127, 25, 242, 286, 522, 971, 137, 14, 275, 42, 1009, 507, 10, 847, 170, 151, 283]","[237, 15, 248, 222, 50]","[522, 286, 170, 14, 10]","[248, 222, 237, 15, 50]"
765,"[53, 357, 521, 135, 134, 654, 646, 127, 520, 188, 434, 318, 211, 559, 52, 493, 272, 192, 168, 378, 208, 212, 1126, 496, 217, 179, 89, 183, 602, 182, 705, 604, 8, 633, 173, 234, 747, 414, 205, 185, 187, 50, 474, 69, 28, 181, 481, 191, 527, 484, 23, 436, 429, 663, 180, 178, 514, 65, 198, 968, 530, 132, 519, 238, 498, 428, 91]","[451, 487, 1444, 229, 483, 82, 77, 90, 98, 202, 648, 510, 366, 228, 588, 423, 99, 494, 382, 174, 230, 447, 679, 419, 131, 482, 95, 675, 674, 951, 431, 209, 504, 1203, 231, 507, 639, 175, 568, 729, 662, 136, 526, 177, 396, 393, 386, 367, 72, 22, 485, 196, 613, 62, 965, 216, 435, 672, 402, 133, 577, 403, 214, 1021, 265, 630, 605, 432, 215, 186, 523, 176, 226, 194, 1298, 40, 197, 616, 972, 518, 659, 193, 219, 503, 606, 172, 497, 71, 1050, 375, 609, 739, 443, 465, 433, 550, 385, 837, 294, 380, 448, 584, 607, 161, 712, 810, 499, 664]","[135, 52, 481, 527, 484]","[606, 177, 403, 367, 965]"
767,"[173, 282, 65, 117, 257, 70, 50, 1, 275, 288, 332, 300, 591, 121, 966, 405, 310, 476, 25, 313, 14, 9, 127, 255, 237, 272, 100, 222, 301]","[278, 340, 1016, 756, 845, 1014, 111, 826, 252, 354, 628, 151, 815, 471, 248, 744, 16, 315, 742, 15, 475, 245, 763, 682, 1061, 620, 597, 274, 762, 235, 346, 284, 895, 535, 269]","[117, 222, 476, 127, 257]","[354, 1061, 16, 340, 252]"
768,"[269, 546, 934, 121, 111, 222, 118, 1, 476, 13]","[15, 824, 258, 748, 831, 1028, 405, 284, 235, 1312, 1011, 411, 597, 473, 685, 237, 1093, 1322, 120]","[111, 121, 934, 546, 222]","[237, 597, 1312, 235, 411]"
769,"[477, 301, 875, 508, 1, 255, 118, 919, 25, 546, 300, 295, 253, 244, 289, 282, 325, 288, 151, 7, 93, 742, 303, 15, 326, 1012, 258, 748, 298, 14, 813, 334, 929, 475, 275, 246, 333, 222, 250, 117, 936, 596, 100, 268, 410, 297, 473, 129, 323, 111, 257, 937, 924]","[181, 678, 331, 358, 328, 988, 50, 294, 240, 302, 123]","[25, 297, 7, 288, 118]","[328, 123, 358, 240, 294]"
770,"[690, 88, 83, 237, 258, 28, 242, 993, 91, 949, 707, 275, 289, 542, 71, 709, 1129, 1, 403, 294, 69, 408, 189, 216, 137, 304, 181, 768, 892, 8, 15, 274, 588, 134, 477, 86, 202, 169, 172, 173, 496, 95, 652, 114, 596, 283, 111, 251, 50]","[762, 203, 222, 154, 241, 4, 873, 313, 197, 79, 144, 243, 97, 462, 381, 286, 694, 164, 128, 98, 82]","[134, 83, 173, 652, 137]","[144, 222, 243, 241, 128]"
771,"[312, 879, 326, 321, 307, 678, 332, 304, 313, 327, 310, 300, 323, 322, 315, 344, 264, 328, 294, 258, 354, 331, 245, 302, 271, 272]","[898, 288, 259, 752, 748, 1025, 751]","[344, 313, 310, 304, 331]","[748, 751, 1025, 752, 259]"
772,"[169, 64, 959, 239, 91, 639, 92, 1021, 238, 191, 60, 175, 1475, 268, 45, 171, 100, 14, 47, 509, 792, 531, 176, 1367, 547, 1097, 258, 179, 958, 198, 13, 183, 364, 61, 154, 185, 462, 152, 209, 432, 428, 98, 1069, 216, 187, 181, 172, 455, 919, 59, 357, 168, 170, 89, 90, 109, 675, 780, 1529, 50, 235, 408, 318, 1555, 189, 23, 32, 153, 200, 182, 196, 522, 127, 1252]","[72, 27, 229, 559, 37, 188, 56, 234, 384, 433, 53, 218, 665, 52, 1188, 769, 1187, 228, 204, 588, 217, 403, 2, 1240, 393, 354, 260, 382, 231, 1, 221, 655, 1018, 427, 567, 145, 210, 12, 924, 475, 710, 855, 184, 1071, 265, 121, 6, 431, 790, 233, 940, 96, 386, 737, 288, 42, 730, 93, 7, 809, 286, 887, 652, 1036, 343, 212, 732, 11, 720, 568, 1170, 251, 541, 324, 174, 264, 948, 240, 29, 367, 68, 24, 840, 70, 751, 895, 232]","[432, 462, 268, 1097, 675]","[232, 96, 431, 384, 188]"
773,"[644, 127, 179, 238, 176, 528, 227, 431, 98, 205, 53, 519, 241, 228, 202, 526, 679, 178, 182, 183, 69, 180, 778, 530, 199, 177, 193, 50, 219]","[1091, 1419, 195, 739, 920, 511, 576, 527, 89, 294, 229, 403, 673, 54, 172, 1028, 563, 28, 185, 871, 52, 105, 520, 208, 672, 1182, 31, 1305, 537, 293, 834, 186, 514, 423, 240, 300, 468, 521, 649, 741, 22, 203, 258, 135, 849, 436, 357, 254, 4, 234, 650, 402, 654, 1110, 373, 559, 68, 712, 230, 77, 758, 2, 515, 577, 56, 774, 692, 826, 926, 200, 161, 233, 79, 795, 418, 947, 405, 684, 448, 1218, 23, 201, 118, 168, 411, 1017, 449, 175, 122, 367, 428, 501, 429, 210, 986, 1079, 215, 231, 393, 7, 44, 450, 808, 307, 412, 550, 204, 447, 196, 545, 226, 365, 58, 222, 569, 273, 194, 659, 510, 94, 29, 188, 554, 386, 1016, 401, 197, 12, 831, 8, 91, 585, 318, 406, 732, 410, 568, 187, 385, 121, 451, 235, 232, 444, 150, 548, 101, 508, 655, 380, 100, 573, 1118, 96, 1228, 72, 1090, 174, 181, 250, 214, 597, 674, 566, 743, 97, 1215, 518, 211, 62, 88, 708, 265, 567, 1274, 413, 525, 64, 561, 217, 421, 82, 218, 553, 399, 398, 546, 866, 453, 117, 523, 391, 840, 452, 189]","[205, 199, 202, 69, 431]","[527, 4, 947, 100, 215]"
774,"[286, 258, 264, 269, 272, 331, 343, 307, 300, 345, 327, 344, 750, 313, 887, 315, 333, 305]","[348, 310, 270, 312, 329, 302, 690, 900, 245, 347]","[750, 307, 343, 300, 313]","[900, 310, 270, 245, 312]"
775,"[234, 168, 127, 436, 486, 511, 276, 22, 661, 135, 474, 635, 192, 50, 184, 656, 177, 218, 194, 708, 187, 479, 28, 181, 5, 514, 98, 431, 91, 483, 95, 109, 23, 185, 509, 174, 200, 318, 588, 191, 89, 510, 679, 603, 524, 7, 607, 179, 238, 134, 559, 549, 523, 217]","[422, 769, 672, 485, 442, 496, 164, 21, 443, 648, 439, 569, 760, 706, 848, 196, 675, 816, 195, 564, 438, 441, 437, 145, 432, 866, 947, 355, 282, 618, 525, 440, 674, 551, 241, 1219, 667, 670, 182, 1172, 657, 444, 860, 567, 637, 193, 53, 219, 590, 427, 132]","[50, 98, 177, 431, 436]","[442, 219, 193, 132, 769]"
776,"[168, 357, 1, 216, 690, 56, 205, 117, 521, 42, 818, 527, 202, 204, 509, 15, 223, 238, 522, 273, 180, 9, 523, 692, 652, 212, 288, 196, 245]","[286, 153, 100, 157, 1079, 127, 135]","[9, 288, 202, 15, 527]","[135, 127, 286, 1079, 153]"
777,"[7, 265, 239, 193, 616, 262, 195, 209, 204, 174, 197, 98, 180, 11, 367, 42, 186, 200, 28, 144, 154, 550, 226, 168]","[94, 78, 1273, 1035, 230, 582, 238, 780, 121, 738, 496, 161, 234, 56, 268, 568, 451, 150, 157, 281, 54, 132, 8, 79, 249, 82, 755, 69, 117, 143, 712, 35, 246, 405, 216, 219, 423, 196, 441, 623, 629]","[180, 200, 265, 367, 144]","[56, 623, 196, 150, 629]"
778,"[257, 471, 222, 243, 181, 15, 71, 21, 195, 1028, 328, 258, 926, 235, 1, 596, 111, 117, 275, 125, 294, 225, 118, 447, 255, 95, 50]","[284, 411, 300, 109, 7, 509, 121, 304, 879, 252]","[1, 447, 111, 235, 926]","[411, 304, 7, 509, 252]"
779,"[662, 491, 202, 199, 133, 357, 97, 887, 423, 510, 22, 172, 526, 187, 511, 496, 275, 79, 485, 164, 286, 339, 659, 385, 318, 186, 520, 419, 210, 705, 204, 498, 216, 28, 174, 313, 50]","[70, 433, 98, 467, 208, 508, 300, 657, 497, 660, 183, 603, 474, 294, 4, 427, 604, 515]","[313, 174, 28, 97, 423]","[433, 98, 427, 300, 515]"
780,"[483, 100, 474, 127, 324, 64, 223, 205, 204, 174, 180, 191, 403, 187, 87, 327, 181, 195, 135, 50, 172, 134, 302, 1500, 97, 523, 179, 210]","[288, 322, 258, 215, 268, 318, 289, 245, 286, 294, 69, 878, 56, 232]","[187, 179, 50, 204, 174]","[878, 318, 215, 288, 245]"
781,"[250, 322, 288, 310, 308, 264, 248, 690, 1394, 326, 750, 1038, 315, 258, 298, 292, 873, 1662, 244, 1391, 682, 1385, 748, 127, 358, 312, 270, 538, 304, 313, 300, 1664, 316, 887, 307, 245, 880, 752, 348, 1278, 895, 749, 350, 328, 330, 255, 272, 905, 332]","[1216, 1600, 1023, 938, 683, 249, 984, 329, 1538, 1390, 878, 1658, 346, 246, 294, 678, 1279, 687, 1241, 243, 689, 1237, 1477, 343, 902, 1389, 1643, 987, 1315, 991, 872, 352, 1244, 1644, 1609, 532, 1379, 515, 1669, 1511, 1258, 1386, 1383, 1025, 1663, 297, 1405, 990, 323, 533, 296, 680, 1007, 1652, 268, 948, 1226, 1105, 286, 989, 266, 1283, 681, 1251, 338, 1588, 260, 539, 993, 324, 1605, 344, 535, 1191, 1417, 1256, 900, 335, 1382, 898, 1380, 1534, 688, 876, 1302, 252, 1666, 1016, 1138, 1013, 354, 1296, 1528, 1300, 1160, 935, 259, 1142, 347, 339, 1399, 1527, 1096, 691, 247, 1514, 1012, 881, 299, 251, 1127, 302, 908, 1537, 992, 1144, 1252, 1615, 1255, 289, 355, 1082, 325, 1668, 349, 1393, 534, 1378, 879, 536, 888, 1388, 877, 751, 1611, 257, 181, 894, 1598, 1620, 295, 1513, 1590, 1190, 331, 1143, 333, 301, 340, 261, 1173, 1665, 1243, 321, 1014, 1292, 1254, 1088, 1670, 256, 1257, 890, 1667, 293, 936, 937, 885, 1589, 886, 50, 1384, 269, 994, 361, 254, 1608, 1387, 1089, 253, 1610, 271, 342, 351]","[304, 127, 1038, 328, 880]","[355, 992, 1296, 251, 361]"
782,"[346, 876, 333, 328, 345, 260, 264, 269, 887, 271, 258, 872, 750, 881, 307, 301, 300, 343, 299, 292, 880, 895]","[288, 334, 335, 331, 948, 286, 294, 330]","[872, 333, 299, 307, 301]","[330, 948, 286, 335, 331]"
783,"[269, 307, 678, 303, 292, 898, 313, 272, 310, 751, 333, 315, 323, 258, 326, 877, 304, 300, 750, 344, 332, 690, 260, 346, 302, 331, 327]","[1038, 328, 286, 271, 312, 270, 321, 754, 334, 299, 268, 340]","[310, 331, 315, 750, 272]","[312, 270, 271, 328, 340]"
784,"[195, 22, 301, 12, 168, 183, 1, 152, 318, 56, 69, 496, 269, 294, 79, 50, 174]","[209, 423, 1050, 288, 886, 748, 661, 137, 995, 273]","[22, 269, 69, 174, 168]","[748, 886, 137, 661, 209]"
785,"[405, 177, 633, 230, 471, 404, 86, 429, 187, 200, 180, 238, 699, 318, 70, 216, 82, 520, 161, 183, 143, 132, 191, 465, 199, 283, 588, 172, 7, 89, 418, 69, 99, 732, 724, 204, 708, 66, 423, 125, 222, 133, 102, 127, 9, 28, 237, 71, 186, 202, 357, 655, 195, 111, 176, 416, 501, 1044, 496, 203, 289, 181, 546, 198, 173, 179, 208, 97, 281, 210, 504, 98, 88, 385, 4, 286, 211, 275, 174, 126, 484, 50, 188, 419, 684, 692, 265, 100, 228, 528, 196, 497, 117, 95, 1]","[276, 449, 231, 240, 234, 381, 15, 709, 871, 121, 696, 866, 280, 322, 285, 849, 455, 451, 703, 197, 458, 376]","[7, 655, 100, 86, 633]","[449, 197, 866, 376, 276]"
786,"[310, 304, 348, 311, 329, 307, 259, 347, 690, 750, 326, 300, 258, 748, 879, 691, 313, 749, 751, 268]","[899, 361, 269, 292, 333, 880, 342, 245, 324, 271, 350, 331, 938, 1434, 898, 1024, 904, 302, 1433, 305, 877, 352, 319, 937, 681, 308, 306, 1671, 328, 362, 294, 359, 286, 351, 288, 345, 906]","[310, 748, 311, 258, 348]","[342, 345, 331, 1024, 1434]"
787,"[754, 185, 51, 70, 205, 504, 601, 54, 188, 194, 98, 302, 237, 521, 483, 183, 69, 451, 744, 10, 218, 121, 58, 200, 549, 519, 133, 258, 318, 614, 211, 661, 281, 223, 657, 193, 12, 64, 7, 282, 55, 187, 291, 963, 726, 100, 79, 503, 331, 144, 684, 199, 729, 132, 582, 1126, 405, 286, 326, 356, 589, 180, 44, 9, 879, 498, 482, 241, 627, 176, 289, 322, 89, 423, 523, 117, 520, 651, 566, 510, 528, 662, 22, 65, 203, 317, 226, 511, 531, 192, 445, 300, 443, 28, 357, 157, 328]","[568, 723, 23, 480, 229, 235, 692, 639, 71, 708, 570, 403, 739, 284, 1248, 301, 234, 447, 597, 73, 781, 435, 327, 798, 699, 540, 712, 82, 125, 53, 76, 1135, 983, 370, 204, 162, 579, 195, 429, 271, 56, 432, 823, 693, 1, 645, 228, 492, 474, 809, 1277, 1273, 471, 38, 222, 518, 409, 227, 85, 621, 120, 231, 620, 164, 1518, 646, 630, 174, 380, 562, 550, 177, 931, 444, 270, 363, 436, 97, 68, 427, 591, 554, 1112, 637, 546, 141, 118, 679, 1407, 755, 1478, 685, 636, 1303, 215, 433, 431, 182, 1139, 385, 586, 720, 1183, 112, 715, 655, 553, 561, 984, 151, 649, 186, 572, 43, 810, 1459, 130, 11, 391, 665, 470, 448, 4, 742, 29, 748, 658, 135, 736, 172, 230, 62, 399, 828, 402, 175, 623, 167, 629, 1107, 96, 670, 371, 323, 148, 159, 153, 294, 1042, 46, 696, 556]","[754, 482, 289, 744, 519]","[742, 371, 284, 546, 68]"
788,"[1012, 127, 475, 93, 293, 9, 50, 181, 1008, 508, 1007, 150, 276, 129, 100, 741, 124]","[1161, 286, 294, 1, 284, 1017, 137, 111, 742, 248, 249, 591, 151, 288, 762, 628]","[181, 129, 508, 1007, 127]","[151, 628, 762, 1, 591]"
789,"[380, 154, 1063, 174, 284, 412, 232, 56, 401, 1044, 52, 771, 172, 265, 367, 1119, 230, 864, 211, 1282, 774, 849, 282, 98, 42, 288, 231, 436, 1446, 1048, 188, 781, 181, 762, 248, 217, 117, 15, 742, 65, 89, 273, 246, 7, 50, 298, 584, 716, 216, 550, 151, 250, 144, 73, 237, 161, 116, 241, 268, 79, 739, 685, 365, 949, 22, 427, 183, 203, 168, 275, 470, 317, 403, 210]","[1074, 157, 38, 1183, 139, 123, 449, 376, 29, 790, 109, 229, 378, 566, 184, 1132, 738, 941, 583, 609, 786, 1, 748, 572, 191, 91, 386, 708, 47, 660, 722, 111, 358, 826, 173, 17, 559, 496, 215, 977, 552, 776, 66, 96, 41, 940, 1091, 25, 228, 145, 158, 709, 208, 411, 235, 417, 274, 122, 209, 186, 931, 1039, 364, 472, 222, 226, 69, 825, 63, 68, 49, 678, 249, 431, 585, 926, 51, 763, 384, 108, 67, 143, 1244, 405, 402, 664, 1025, 862, 105, 485, 294, 214, 227, 83, 393, 944, 373, 391, 561, 1188, 687, 928, 665, 196, 72, 1165, 2, 159, 959, 1215, 70, 546, 4, 1230, 269, 577, 1471, 570, 135, 1185, 202, 85, 155, 1028, 1016, 10, 233, 259, 121, 1118, 80, 475, 283, 568, 258, 582, 721, 97, 1040, 328, 213, 90, 240, 1047, 1014, 176, 792, 597, 368, 62, 153, 451, 13, 131, 100, 755, 1077]","[401, 1119, 246, 771, 781]","[1188, 111, 135, 451, 122]"
790,"[289, 327, 328, 50, 269, 300, 322, 181, 9, 754, 245, 306, 304, 275, 302, 332]","[299, 286, 319, 288, 301, 259, 748, 331, 294]","[328, 327, 275, 300, 332]","[301, 286, 319, 288, 259]"
791,"[124, 1335, 844, 1015, 7, 471, 100, 1197, 129, 13, 147, 1, 544, 121, 762, 15]","[111, 595, 1132, 546, 21, 1011, 24, 476, 291, 282, 831, 696, 591, 9, 1047, 151, 597, 276, 926, 840, 596, 125, 363, 237, 118, 742, 25, 405, 1054, 508, 1164]","[7, 1, 1015, 124, 15]","[291, 595, 1164, 1011, 282]"
792,"[1067, 298, 294, 1142, 844, 150, 109, 288, 250, 591, 257, 282, 293, 129, 508, 248, 148, 151, 100, 240, 181, 50, 3, 1, 127, 252, 117]","[276, 121, 824, 458, 815, 1187, 696, 456, 597, 823, 1365, 928, 235, 118, 273, 1014, 628, 406, 7, 122, 237, 222, 106, 9, 685, 405, 979, 742]","[181, 3, 282, 298, 127]","[815, 222, 106, 122, 458]"
794,"[117, 100, 4, 514, 8, 433, 184, 181, 173, 581, 182, 214, 209, 1101, 705, 25, 588, 168, 89, 174, 152, 231, 319, 58, 175, 234, 7, 382, 169, 91, 123, 201, 12, 191, 640, 81, 62, 431, 919, 95, 39, 1, 10, 583, 210, 144, 28, 208]","[172, 367, 1036, 636, 502, 235, 407, 186, 675, 797, 80, 219, 719, 164, 577, 381, 200, 771, 742, 240, 1110, 831, 756, 265, 1052, 554, 97, 386, 217, 3, 153, 150, 727, 238, 826, 1555, 576, 204, 42, 1199, 477, 465, 568, 403, 710, 118, 655, 928, 96, 429, 135, 432, 120, 121, 768, 257, 395, 167, 189, 552, 550, 143, 931, 472, 419, 1413, 559, 151, 820, 546, 716, 746, 109, 567, 425, 739, 402, 202, 1041, 998, 410, 132, 412, 564, 21, 1095, 50, 203, 405, 72, 17, 68, 747, 226, 926, 222, 755, 473, 79, 105, 658, 154, 108, 2, 423, 436, 1030, 47, 70, 434, 825]","[175, 173, 152, 191, 919]","[204, 1030, 405, 143, 381]"
795,"[418, 679, 87, 1042, 270, 431, 399, 1119, 491, 932, 496, 168, 202, 174, 5, 1049, 367, 4, 1090, 117, 176, 1269, 751, 1228, 215, 419, 278, 781, 485, 98, 357, 121, 417, 546, 282, 326, 393, 427, 56, 615, 603, 217, 815, 291, 313, 315, 219, 448, 233, 2, 487, 198, 271, 1101, 196, 173, 183, 222, 403, 38, 684, 720, 1041, 280, 597, 181, 809, 185, 1285, 112, 402, 132, 191, 692, 755, 187, 821, 155, 275, 949, 89, 258, 628, 588, 272, 50, 566, 389, 739, 434, 611, 699, 794, 111, 151, 484, 316, 12, 483, 451, 516, 281, 307, 879, 69, 228, 785, 776, 66, 194, 1036, 500, 153, 298, 161, 747, 293, 22, 230, 250, 553, 732, 945, 86, 480, 118, 182, 568, 257, 144, 449, 356, 237, 429, 478, 391, 265, 54, 236, 479, 204, 318, 769, 143, 849, 172, 227, 15, 200, 578, 71, 633, 31, 405, 525, 385, 300, 79, 1039, 778, 685, 8, 216, 43, 64, 486, 342, 195, 125, 511, 147, 660, 333, 607, 796, 213, 423, 869, 371, 95, 88, 748, 783, 705, 573, 662, 62, 606, 77, 96, 127, 274, 378, 328]","[1074, 401, 184, 229, 159, 540, 527, 154, 164, 193, 517, 795, 742, 871, 765, 49, 576, 716, 488, 26, 636, 746, 855, 728, 1001, 203, 322, 29, 273, 520, 731, 1040, 381, 974, 249, 807, 218, 717, 542, 186, 433, 210, 564, 873, 810, 197, 9, 232, 928, 1, 474, 1037, 826, 211, 321, 735, 1217, 659, 396, 1407, 97, 709, 722, 510, 549, 623, 286, 570, 443, 188, 238, 45, 1303, 100, 1057, 724, 775, 301, 178, 554, 859, 1522, 1048, 761, 880, 414, 409, 1299, 586, 180, 106, 467, 831, 432, 39, 608, 1012, 78, 1076, 493, 934, 768, 797, 82, 1297, 447, 665, 269, 565, 226, 1046, 63, 134, 23, 28, 339, 514, 988, 762, 1163, 977, 126, 1055, 48, 779, 693, 152, 231, 1197, 294, 248, 1415, 36, 550, 209, 1511, 559, 245, 1032, 387, 655, 243, 477, 530, 284, 283, 672, 591, 53, 649, 99, 707, 91, 33, 450, 145, 234, 199, 323, 939, 58, 94, 1126, 736]","[5, 356, 427, 111, 69]","[322, 97, 99, 203, 180]"
796,"[50, 781, 127, 181, 257]","[307, 328, 988, 687, 948, 286, 748, 990, 1254, 269, 300, 340, 336, 309, 243, 720, 327, 298, 1023, 294, 259]","[257, 50, 127, 781, 181]","[990, 300, 269, 298, 294]"
797,"[1, 164, 274, 932, 21, 839, 1249, 687, 748, 257, 403, 690, 832, 465, 270, 1517, 29, 118, 62, 173, 283, 805, 1283, 79, 239, 259, 405, 821, 1425, 486, 225, 485, 1540, 768, 705, 709, 204, 720, 88, 194, 588, 491, 1239, 378, 692, 28, 275, 82, 95, 110, 143, 49, 258, 121, 191, 394, 210, 254, 174, 265, 878, 736, 63, 418, 568, 73, 432, 1035, 243, 172, 746, 140, 50, 181, 1446, 828, 944, 399, 38, 419, 728, 703, 815, 323, 168, 826, 132, 1102, 83, 2, 845, 15, 930, 281, 926, 827, 659]","[94, 998, 988, 1119, 151, 719, 138, 1224, 196, 116, 480, 586, 197, 1089, 993, 384, 1282, 563, 365, 367, 356, 222, 142, 662, 306, 1049, 940, 576, 52, 71, 155, 819, 810, 87, 493, 231, 1270, 444, 953, 66, 163, 795, 280, 862, 825, 321, 1544, 391, 1183, 228, 463, 1034, 158, 1539, 722, 560, 97, 623, 740, 603, 423, 289, 1023, 756, 98, 1411, 208, 707, 769, 380, 1297, 961, 949, 1164, 377, 781, 1066, 1469, 946, 220, 90, 14, 602, 451, 996, 400, 162, 951, 1139, 161, 417, 1076, 1285, 472, 577, 420, 585, 81, 498, 415, 1032, 482, 112, 125, 671, 648, 1435, 571, 1043, 1063, 785, 72, 1003, 476, 755, 584, 554, 801, 734, 1503, 694, 1284, 105, 1509, 473, 1337, 133, 395, 732, 941, 699, 402, 111, 610, 393, 731, 945, 660, 929, 924, 443, 202]","[194, 709, 805, 748, 746]","[155, 493, 998, 365, 560]"
798,"[479, 45, 50, 499, 258, 654, 319, 173, 174, 286, 292, 427, 127, 331, 321, 1545, 306, 1063]","[690, 484, 289, 748, 307, 191]","[292, 427, 50, 306, 45]","[289, 484, 748, 191, 690]"
799,"[742, 127, 864, 257, 597, 300, 751, 292, 289, 222, 25, 223, 121, 237, 181, 275, 50, 15, 405, 1]","[118, 457, 304, 1047, 125, 276, 294, 476]","[237, 1, 127, 742, 864]","[304, 1047, 118, 276, 476]"
800,"[895, 307, 326, 294, 288, 300, 333, 354, 301, 328, 302, 752, 332, 682, 343, 358, 313, 268, 271]","[890, 259, 245, 355, 681, 881, 299]","[752, 302, 300, 343, 307]","[681, 881, 245, 259, 299]"
801,"[135, 294, 323, 452, 444, 300, 443, 7, 657, 234, 53, 567, 260, 258, 413, 299, 302, 379, 681, 326, 331, 678, 573, 219, 184, 769, 98, 879, 665, 264, 201, 200, 194, 436, 183, 646, 748, 176, 670, 333]","[286, 447, 327, 441, 559, 445, 1025, 56, 687, 672, 484, 760, 396, 263, 330, 218, 424, 261, 563, 674, 448, 196, 304, 185, 134, 358, 288, 217, 669, 259, 266, 569, 440, 565, 197]","[176, 573, 333, 184, 302]","[304, 263, 327, 563, 396]"
802,"[286, 690, 887, 311, 245, 242, 303, 269, 321, 306, 325, 340, 538, 305, 307]","[271, 243, 748, 754, 688, 988, 338, 339, 683, 261, 300, 304, 289, 259, 264, 260, 322, 990]","[340, 245, 690, 303, 306]","[990, 261, 338, 289, 339]"
803,"[11, 31, 204, 82, 318, 588, 399, 198, 433, 231, 85, 192, 550, 365, 81, 175, 254, 385, 663, 674, 405, 194, 1079, 186, 473, 121, 185, 445, 128, 210, 87, 164, 215, 33, 202, 205, 228, 203, 662, 157, 1, 568, 184, 678, 259, 739, 125, 925, 584, 222, 657, 363, 62, 196, 10, 414, 639, 528, 679, 188, 63, 511, 24, 181, 615, 323, 378, 1056, 4, 226, 984, 240, 183, 748, 227, 237, 211, 514, 23, 566, 510, 89, 134, 480, 468, 234, 144, 28, 195, 160, 732, 552, 692, 265, 173, 64, 180, 123, 168, 284, 498, 172, 474, 22, 1016, 322, 443, 25, 91, 191, 526, 176, 71, 282, 199, 7, 576, 70, 670, 988, 515, 366, 177, 94, 161, 969, 99, 153, 238, 216, 98, 742, 520, 982, 55, 69, 529, 50, 685, 429, 79, 307, 434, 328, 152, 239, 72, 2, 1025, 647, 655, 252, 290, 651, 797, 1615, 97, 159, 230, 96, 496, 425, 646, 182, 413, 928, 250, 118, 156, 245, 523, 431, 527, 444, 603, 257, 926, 380, 746, 357, 455, 229, 100, 208, 763, 193, 174, 187, 479, 483, 291, 820, 218, 235, 513, 841, 436, 310, 197, 294, 132, 233]","[546, 1076, 49, 1222, 213, 654, 609, 151, 1488, 664, 451, 141, 135, 396, 993, 1178, 95, 675, 522, 243, 403, 209, 105, 1188, 771, 56, 68, 932, 1285, 702, 1074, 1028, 719, 972, 826, 143, 558, 624, 133, 559, 419, 1047, 472, 406, 948, 1041, 200, 981, 929, 212, 756, 139, 411, 84, 206, 260, 768, 39, 755, 423, 367, 1170, 1228, 432, 163, 1210, 1411, 401, 456, 127, 1140, 831, 824, 415, 720, 1291, 1050, 358, 747, 1489, 636, 120, 447, 582, 637, 292, 1139, 373, 393, 1065, 597, 573, 108, 154, 379, 554, 671, 449, 32, 1244, 632, 629, 495, 402, 949, 1101, 616, 155, 737, 412, 930, 162, 642, 504, 951, 448, 167, 219, 631, 428, 1260, 476, 40, 145, 708, 288, 625, 1177, 435, 1060]","[480, 678, 969, 188, 22]","[133, 39, 1041, 675, 504]"
804,"[715, 17, 176, 475, 576, 222, 473, 96, 447, 422, 470, 443, 168, 664, 89, 200, 248, 183, 827, 238, 33, 147, 137, 32, 12, 175, 603, 223, 154, 1170, 91, 83, 420, 856, 648, 661, 197, 537, 952, 382, 343, 455, 142, 86, 771, 151, 7, 5, 93, 735, 25, 396, 172, 45, 55, 501, 631, 106, 269, 47, 331, 469, 209, 806, 719, 1, 122, 525, 1014, 558, 50, 522, 709, 323, 190, 123, 56, 102, 135, 352, 1101, 1110, 58, 24, 451, 665, 509, 1629, 346, 678, 636, 998, 433, 1149, 428, 642, 1118, 98, 150, 425, 1065, 100, 234, 403, 432, 679, 645, 191, 169, 357, 419, 831, 401, 179, 367, 716, 922, 1157, 79, 1071, 477, 519, 317, 1008, 173, 153, 185, 128]","[319, 387, 321, 595, 755, 747, 527, 42, 90, 761, 581, 569, 108, 216, 240, 660, 386, 40, 1232, 148, 358, 161, 423, 582, 274, 472, 88, 550, 167, 174, 101, 212, 541, 725, 99, 259, 180, 95, 934, 117, 385, 412, 546, 655, 143, 769, 225, 105, 742, 1017, 383, 28, 1091, 772, 1054, 288, 94, 195, 568, 748, 418, 545, 554, 476, 337, 625, 118, 202, 164, 559, 229, 866, 1033, 235, 413, 217, 1098, 22, 393, 436, 708, 204, 21, 629, 13, 214, 4, 452, 1119, 724, 8, 226, 271, 768, 411, 928, 273, 890, 950, 1002, 241, 38, 588, 942, 196, 9, 68, 111, 65, 127, 140, 162, 729, 739, 946, 258, 810, 597, 141, 549, 82, 338, 145, 417, 155, 402, 231, 959, 405, 294, 228, 552, 181, 431, 71, 121, 371, 213, 1105, 144, 11, 659, 406, 210, 322]","[664, 343, 269, 1014, 576]","[140, 164, 412, 597, 552]"
805,"[705, 182, 192, 654, 238, 483, 89, 121, 197, 204, 144, 150, 186, 485, 1071, 133, 433, 511, 475, 12, 95, 216, 82, 153, 228, 496, 176, 461, 588, 50, 17, 179, 56, 168, 210, 156, 222, 789, 257, 1018, 98, 403, 187, 1098, 47, 230, 45, 408, 856, 419, 131, 175, 29, 484, 143, 127, 302, 504, 174, 265, 1012, 273, 249, 1, 200, 196, 234, 180, 318, 96, 88, 81, 100, 170, 169, 90, 421]","[324, 405, 629, 177, 407, 3, 233, 254, 343, 522, 172, 157, 24, 923, 286, 14, 162, 195, 28, 155, 1074, 1514, 2, 122, 1016, 521, 181, 240, 258, 952, 357, 655, 158, 6, 271, 227, 1048, 76, 288, 1010, 111, 455, 128, 879, 675, 79, 161, 628, 553, 226, 231, 70, 690, 188, 1129, 702, 1059, 117, 237, 518, 252, 875, 209]","[200, 100, 89, 150, 96]","[522, 923, 155, 240, 177]"
806,"[399, 419, 117, 385, 465, 471, 250, 239, 636, 1050, 99, 842, 528, 193, 427, 576, 405, 527, 1034, 151, 498, 143, 584, 1, 265, 177, 450, 705, 495, 612, 22, 1483, 1138, 679, 630, 252, 1615, 71, 384, 1063, 633, 380, 485, 101, 231, 451, 657, 739, 21, 210, 8, 684, 121, 554, 511, 1089, 29, 597, 313, 418, 969, 161, 63, 968, 174, 526, 133, 257, 477, 491, 199, 194, 79, 227, 627, 135, 566, 181, 699, 550, 82, 570, 211, 546, 1084, 254, 541, 1066, 222, 172, 588, 386, 1039, 520, 831, 28, 470, 402, 542, 136, 298, 1078, 102, 1409, 68, 89, 132, 373, 144, 428, 422, 300, 168, 432, 403, 930, 757, 229, 720, 510, 208, 659, 515, 50, 393, 484, 318, 449, 95, 748, 602, 118, 186, 472, 578, 230, 228, 1016, 596, 496, 91, 2, 431, 69, 483, 289, 423, 204]","[1444, 271, 622, 420, 946, 1091, 127, 501, 358, 751, 505, 678, 73, 374, 140, 404, 62, 415, 820, 173, 435, 235, 624, 96, 416, 381, 1133, 605, 1411, 1413, 94, 195, 234, 610, 141, 154, 473, 826, 206, 503, 142, 523, 205, 843, 421, 398, 998, 543, 1274, 417, 408, 743, 625, 1076, 139, 258]","[211, 252, 526, 174, 265]","[622, 398, 381, 678, 1133]"
807,"[333, 294, 245, 302, 750, 262, 313, 286, 300, 332, 340, 875, 264, 748, 872, 270, 327, 346]","[271, 325, 288, 312, 751]","[333, 748, 302, 245, 332]","[288, 312, 751, 271, 325]"
808,"[272, 328, 286, 307, 313, 302, 340, 315, 300, 299]","[678, 289, 258, 748, 245, 1025, 319, 333, 322, 331]","[286, 307, 302, 328, 299]","[1025, 678, 322, 748, 331]"
810,"[301, 304, 294, 690, 258, 323, 892, 307, 286, 315, 300, 308, 895, 988, 678, 901]","[292, 748, 289, 321, 243]","[301, 988, 258, 678, 304]","[748, 292, 243, 321, 289]"
811,"[288, 326, 294, 748, 678, 881, 328, 873, 333, 332, 300, 682]","[1393, 358, 261, 286, 245, 289, 292, 302]","[881, 328, 333, 748, 300]","[245, 292, 289, 358, 302]"
812,"[289, 890, 310, 271, 307, 750, 270, 751, 300, 690]","[294, 335, 538, 342, 259, 877, 988, 358, 901, 898, 680, 892, 9, 266, 304, 263, 893, 326, 243]","[289, 750, 690, 751, 300]","[263, 680, 892, 304, 358]"
813,"[100, 200, 219, 665, 53, 288, 98, 7]","[565, 656, 185, 559, 674, 590, 448, 443, 675, 56, 218, 17, 672, 234, 441, 444, 413, 669, 667, 447, 635, 201, 184, 145, 358, 436, 5]","[100, 53, 7, 219, 98]","[667, 234, 444, 218, 565]"
814,"[196, 173, 483, 183, 357, 524, 153, 528, 405, 496, 465, 31, 96, 199, 215, 125, 132, 735, 202, 89, 99, 596, 404, 713, 393, 418, 7, 969, 193, 200, 50, 174, 181, 141, 172, 134, 432, 542, 191, 435, 65, 631, 163, 69, 647, 494, 86, 57, 136, 154, 423, 203, 417, 1039, 176, 77, 87, 485, 684, 222, 671, 402, 529, 195, 1, 71, 660, 945, 82, 258, 9, 523, 83, 629, 625, 79, 686, 230, 613, 97, 114, 521, 143, 1204, 427, 403, 837, 659, 190, 133, 204, 313, 732, 479, 705, 392, 527, 88, 265, 98, 144, 228, 588, 239, 318, 919, 28, 515, 484, 151, 214, 526]","[944, 386, 182, 216, 623, 603, 131, 451, 102, 250, 185, 135, 675, 471, 94, 1078, 501, 188, 436, 127, 584, 257, 665, 433, 650, 434, 616, 614, 252, 712, 993, 391, 95, 158, 419, 518, 582, 240, 117, 615, 449, 602, 217, 1299, 227, 1157, 639, 91, 226, 233, 871, 835, 179, 472, 121, 1133, 168, 443, 175, 655, 210, 167, 444, 229, 559, 159, 333, 2, 54, 514, 380]","[71, 114, 1039, 50, 193]","[1078, 135, 185, 127, 993]"
815,"[309, 343, 313, 288, 349, 326, 294, 331, 332, 328, 342, 243, 264, 271, 678, 300, 323, 322, 1025, 690]","[258, 259, 355, 687, 260]","[294, 328, 1025, 331, 343]","[260, 258, 259, 355, 687]"
816,"[748, 124, 1, 358, 281, 129, 328, 546, 24, 327, 7, 329, 876, 294, 288, 222, 117, 273]","[118, 147, 15, 840, 363, 324, 245, 928, 289, 597, 258, 455, 300, 924, 9, 831, 121, 405]","[288, 328, 546, 273, 294]","[258, 455, 15, 924, 928]"
817,"[302, 316, 286, 328, 887, 751, 271, 346, 303, 245, 258, 288, 313]","[912, 1105, 322, 690, 300, 875, 269, 312]","[302, 286, 751, 316, 303]","[300, 690, 912, 875, 269]"
819,"[343, 288, 313, 333, 286, 302, 347]","[538, 289, 748, 315, 264, 301, 316, 271, 324, 328, 358, 258, 895, 751]","[347, 343, 286, 288, 313]","[324, 264, 358, 289, 751]"
820,"[742, 180, 97, 275, 181, 174, 64, 126, 1084, 405, 15, 132, 213, 357, 435, 318, 234, 1, 70, 427, 509, 79, 274, 1060, 476, 161, 56, 705, 28, 1197, 845, 237, 111, 125, 484, 471, 95, 389, 71, 707, 495, 459, 483, 22, 504, 993, 294, 14, 98, 151]","[118, 100, 106, 763, 560, 117, 121, 284, 473, 281, 148, 597]","[459, 95, 405, 476, 318]","[148, 106, 473, 118, 281]"
821,"[333, 408, 1110, 111, 71, 169, 1, 189, 95, 902]","[1091, 926, 1240, 272, 410, 432, 25, 358, 235, 588, 539, 91, 751, 101, 206]","[189, 169, 1110, 1, 902]","[539, 272, 926, 432, 358]"
822,"[211, 81, 684, 502, 739, 31, 210, 191, 7, 97, 209, 48, 144, 475, 233, 274, 659, 404, 22, 732, 124, 237, 196, 87, 433, 53, 160, 642, 692, 286, 423, 55, 180, 92, 216, 197, 186, 172, 95, 153, 188, 182, 90, 1267, 13, 1, 111, 428, 239, 762, 150, 175, 419, 125, 566, 77, 401, 193, 459, 64, 747, 98, 135, 474, 318, 531, 8, 660, 218, 198, 173, 69, 151, 157, 770, 152, 721, 100, 478, 606, 195, 215, 56, 187, 654, 708, 425, 170, 625, 79, 89, 206, 234, 194, 427, 141, 4, 1070, 418, 238, 631, 58, 181, 174, 426, 202, 50, 655, 12, 66, 176, 410, 514, 735, 156, 1067, 143, 42, 503, 127, 102, 408, 651, 136, 183, 154, 204, 17, 26, 88, 715, 742, 919, 517, 168, 686, 710, 96, 134]","[94, 1217, 1118, 33, 229, 568, 333, 1107, 91, 374, 71, 273, 471, 222, 240, 140, 164, 1135, 159, 184, 155, 68, 282, 217, 228, 83, 450, 356, 28, 709, 792, 640, 1046, 161, 294, 101, 230, 588, 25, 866, 52, 231, 128, 219, 227, 473]","[216, 157, 13, 198, 77]","[25, 792, 1046, 71, 709]"
824,"[423, 294, 986, 7, 841, 298, 50, 508, 741, 472, 742, 174, 286, 258, 515, 717, 926, 491, 176, 307, 12, 117, 1244, 243, 546, 984, 925, 257, 248, 385, 181, 245, 250, 591, 125, 619, 827, 687, 322, 363, 455, 979, 825, 1199, 982, 118, 678, 291, 628, 930, 121, 405, 685, 100, 148, 195, 823, 237, 325, 222, 566, 274, 106, 866, 25, 1051, 597, 840, 290, 748, 147, 1034, 252, 273, 326, 746, 98, 323, 833, 282]","[111, 20, 1047, 369, 544, 283, 276, 988, 864, 832, 1015, 1291, 924, 1117, 595, 275, 122, 120, 870, 1016, 281, 14, 1028, 413, 293, 1163, 116, 130, 235, 406, 289, 593, 928, 1087, 931, 249, 871, 740, 1254, 9, 127, 620, 124, 831, 407, 16, 456, 1008, 409, 844, 932, 1013, 370, 411, 288, 284, 696, 126, 285, 105, 1049, 321, 1011, 919, 137]","[472, 833, 591, 841, 248]","[1291, 593, 1087, 281, 127]"
825,"[336, 313, 1239, 431, 241, 172, 50, 92, 182, 1219, 188, 294, 55, 627, 11, 802, 101, 53, 174, 588, 403, 56, 229, 391, 343, 435, 510, 678, 570, 230, 449, 576, 127, 181, 195, 554, 176, 226, 91, 1, 233, 258, 624, 309, 22, 849, 1240, 578, 271, 265, 39, 586, 89, 665, 177, 1110, 79, 651, 210, 568, 96, 183, 385, 95, 227, 4, 399, 62, 71, 102, 187, 748]","[38, 161, 684, 184, 566, 1091, 820, 288, 232, 228, 432, 946, 231, 768, 373, 397, 332, 679, 1222, 501, 422, 99, 68, 420, 33, 1228, 540, 1409, 1231, 779, 29, 426, 720, 82, 511, 190, 625, 526, 2, 810, 771, 550, 260]","[588, 431, 343, 11, 177]","[184, 679, 810, 190, 231]"
826,"[268, 272, 301, 302, 269, 294, 748, 343]","[329, 347, 258, 313, 331, 690, 750, 689, 245, 288, 316, 289, 300, 938, 332, 312, 326, 286, 358, 333]","[268, 302, 301, 272, 269]","[312, 288, 331, 316, 332]"
827,"[1646, 887, 19, 971, 921, 269, 753, 1073, 903, 960, 302, 61, 286, 958, 340, 270, 198, 14, 60, 1466, 45, 327, 902, 1068, 24, 512, 59, 1062, 207, 896, 303, 179, 316, 331, 475, 116, 652, 531, 346]","[171, 57, 325, 1268, 301, 1196, 874, 923, 347, 730, 313, 246, 10, 1153, 83, 213, 52, 1597, 306, 1005, 224, 190, 895, 509, 1056, 1672, 382, 1622, 955, 702, 381, 904, 510, 275, 271, 283, 886, 322, 26, 694, 70, 328, 547, 6, 582, 1462, 86, 751, 355, 752, 906, 170, 748, 288, 462, 20, 961, 463, 985, 345, 557, 737, 558, 640, 900]","[207, 903, 902, 1646, 303]","[694, 1597, 955, 347, 57]"
828,"[189, 1067, 268, 192, 318, 512, 13, 153, 213, 855, 275, 222, 100, 198, 170, 124, 515, 509, 70, 462, 1193, 319, 427, 286, 190, 129, 408, 257, 276, 86, 116, 705, 529, 639, 151, 1121, 1, 582, 212, 475, 313]","[278, 250, 339, 1018, 237, 640, 14, 281, 733, 294, 259, 310, 1120, 458, 125, 410, 20, 258, 10, 105, 845, 284, 255]","[86, 70, 582, 212, 1121]","[339, 1018, 845, 410, 20]"
829,"[385, 739, 69, 100, 511, 194, 22, 177, 402, 633, 651, 183, 613, 126, 403, 205, 50, 97, 523, 313, 181, 202, 435, 241, 480, 612, 226, 15, 310, 1, 71, 211, 265, 210, 98, 172, 197, 161, 203, 968, 588, 498, 484, 474, 925, 79, 554, 193, 550, 174, 427, 173, 661, 732, 87, 451, 399, 49, 88, 510, 568, 487, 648, 127, 692, 837, 89]","[413, 82, 233, 288, 225, 95, 227, 696, 187, 790, 99, 820, 230, 432, 2, 56, 627, 29, 501, 449, 204, 96, 195, 679, 176, 229, 625, 751, 294, 566, 418, 424, 222, 134, 431, 228, 151, 231, 834]","[50, 22, 203, 648, 202]","[432, 195, 627, 95, 233]"
830,"[96, 591, 181, 333, 1, 1063, 340, 272, 100, 250, 174, 331, 326, 298, 50, 31, 7, 270, 317, 12, 64, 83, 1012, 713, 603, 354, 905, 313, 237, 144, 479, 210, 294, 156, 750, 204, 197, 22, 56, 690]","[877, 245, 273, 266, 150, 258, 328, 347, 749, 300, 316, 117, 315, 288, 687, 323, 307, 748, 28, 741, 358, 260, 284, 301, 742, 327, 208, 1119, 688, 271, 508, 129, 173]","[204, 1063, 100, 144, 1012]","[508, 687, 358, 316, 273]"
831,"[326, 471, 294, 307, 313]","[181, 334, 25, 245, 681, 328, 876, 873, 258, 323, 322, 286, 243, 264, 895, 288, 748, 678, 50, 260]","[307, 326, 294, 471, 313]","[243, 678, 323, 245, 876]"
832,"[340, 156, 673, 483, 187, 160, 205, 127, 854, 653, 154, 1214, 191, 151, 203, 657, 512, 488, 93, 675, 628, 1231, 558, 185, 647, 183, 325, 1597, 730, 504, 1154, 144, 933, 320, 943, 511, 432, 198, 1012, 1017, 206, 195, 654, 209, 616, 30, 240, 68, 96, 56, 177, 381, 923, 656, 218, 445, 671, 589, 100, 188, 168, 202, 235, 293, 89, 508, 175, 521, 1386, 135, 745, 24, 1143, 430, 182, 134, 192, 1019, 806, 271, 526, 200, 346, 223, 23, 32, 1187, 1149, 298, 47, 1070, 931, 357, 447, 179, 646, 201, 219, 180, 641, 12, 11, 344, 474]","[544, 546, 161, 121, 367, 129, 441, 831, 52, 204, 379, 614, 22, 157, 449, 128, 928, 208, 50, 328, 479, 715, 211, 550, 663, 159, 98, 111, 640, 53, 28, 518, 444, 919, 1016, 696, 427, 597, 434, 385, 665, 1071, 403, 552, 186, 451, 384, 636, 72, 670, 396, 92, 977, 7, 405, 302, 573, 33, 108, 642, 5, 826, 452, 649, 249, 1118, 443, 262, 69, 118, 428, 67, 122, 475, 431, 522, 684, 152, 515, 667, 435, 289, 238, 1029, 233, 324, 106, 291, 234, 194, 79, 460, 55, 227, 436, 506, 861, 172, 1428, 1210, 455, 164, 742, 226, 840, 433, 150, 217, 181, 163, 591, 1335, 429, 64, 679, 655, 860, 401, 576, 264, 184, 581, 664, 38, 273, 174, 578, 13, 76, 197, 645, 448, 980, 467, 230, 378, 517, 819, 1427, 577, 1274, 761, 824, 267, 523, 336, 250, 58, 4, 940, 347, 802, 284, 410, 26, 153, 1353, 1006, 1628, 176, 540, 288, 1181]","[30, 1154, 521, 135, 488]","[64, 249, 451, 122, 129]"
833,"[269, 744, 282, 258, 100, 762, 313, 7, 292, 343, 151, 347, 117, 150, 288, 127, 50, 475, 246, 405, 315, 316, 307, 544, 333, 15, 276, 284, 628, 286, 148, 181, 886, 515, 237, 326, 272, 298, 245]","[293, 275, 255, 25, 294, 346, 323, 751, 287, 300, 13, 1017, 9, 268, 342]","[333, 544, 886, 347, 151]","[346, 9, 287, 293, 275]"
834,"[325, 143, 193, 708, 393, 660, 157, 654, 131, 50, 610, 1153, 609, 216, 673, 162, 458, 215, 197, 281, 179, 237, 313, 527, 499, 543, 735, 23, 357, 612, 180, 633, 185, 272, 97, 423, 196, 484, 183, 421, 210, 186, 133, 318, 427, 371, 25, 69, 650, 1063, 191, 15, 488, 234, 176, 509, 28, 486, 591, 132, 127, 1045, 606, 378, 685, 285, 200, 485, 135, 187, 239, 632, 616, 194, 310, 287, 1278, 504, 98, 174]","[1, 628, 526, 354, 1673, 294, 288, 286, 505, 988, 205, 257, 160, 928, 465, 405, 514, 225, 134, 204, 523, 588]","[234, 183, 285, 616, 194]","[204, 134, 628, 523, 505]"
835,"[165, 12, 180, 880, 507, 429, 216, 496, 659, 611, 657, 170, 238, 258, 654, 89, 192, 1065, 318, 56, 603, 269, 292, 531, 210, 163, 523, 324, 302, 187, 357, 185, 174, 663]","[268, 896, 875, 288, 419, 134, 793, 322, 327, 690, 42, 286, 289, 750, 900, 260]","[163, 654, 192, 531, 357]","[134, 419, 42, 322, 896]"
836,"[845, 220, 274, 19, 283, 289, 13, 20, 275, 286, 294, 258, 151, 328, 111, 125, 1009, 285, 740]","[476, 225, 535, 628, 596, 15, 237, 276, 280, 762, 25, 1047, 763, 250, 284, 222, 16, 278, 9, 1049, 472, 277, 926, 950, 717, 181, 934]","[275, 125, 289, 283, 286]","[284, 25, 1047, 9, 717]"
837,"[173, 596, 732, 181, 318, 72, 497, 169, 311, 480, 1115, 24, 276, 249, 1005, 385, 179, 96, 143, 302, 111, 275, 206, 271, 100, 405, 7, 455, 12, 408, 168, 128, 286, 8, 228, 22, 289, 56, 87, 114, 274, 190, 172, 70, 210, 28, 919, 258, 705, 204, 713, 494, 1, 945, 82, 60, 718, 174, 124, 750, 568, 9, 83, 69, 255, 487, 257, 354, 45, 419, 191, 584, 127, 1039, 153, 50, 283, 222, 238, 313]","[298, 748, 223, 187, 300, 235, 134, 71, 175, 93, 121, 254, 993]","[8, 72, 168, 1005, 487]","[748, 134, 235, 298, 121]"
838,"[825, 475, 129, 950, 285, 286, 326, 111, 1085, 50, 455, 93, 258, 813, 117, 127, 323, 235, 845, 1, 1245, 458, 333]","[237, 123, 260, 257, 244, 281, 276, 1664, 321, 220, 319, 292, 866, 696, 532, 410, 1009, 277, 508, 742, 713, 121, 255, 7, 1048, 118, 264, 100, 106, 864, 130, 181, 846, 1381]","[813, 285, 258, 825, 458]","[696, 277, 106, 100, 123]"
839,"[479, 152, 845, 423, 517, 647, 135, 465, 166, 1065, 1266, 252, 428, 98, 498, 663, 234, 737, 496, 169, 628, 191, 506, 705, 497, 529, 285, 79, 531, 507, 513, 747, 884, 213, 203, 238, 99, 655, 297, 170, 180, 8, 405, 474, 165, 56, 197, 515, 272, 143, 611, 566, 606, 443, 88, 631, 582, 367, 64, 750, 707, 168, 430, 512, 132, 7, 492, 303, 83, 505, 483, 163, 949, 526, 514, 659, 173, 195, 419, 50, 708, 186, 528, 519, 216, 516, 100, 45, 484, 661, 182, 616, 14, 473, 202, 215, 204, 1451, 656, 190, 23, 607, 493, 1639, 603, 503, 639, 525, 657, 414, 588, 499, 127, 520, 971, 212, 209, 644, 81, 654, 89, 756, 501, 175, 615, 609, 855, 463, 91, 157, 208, 650, 69, 196, 357, 137, 936, 675, 221, 183, 511, 435, 642, 521, 1674, 653, 199, 179, 174, 185, 480, 432]","[732, 478, 66, 117, 462, 945, 48, 97, 495, 638, 210, 153, 194, 509, 144, 257, 632, 489, 1018, 429, 300, 664, 121, 96, 671, 640, 134, 52, 70, 154, 580, 1214, 118, 22, 71, 82, 504, 645, 187, 181, 637, 11, 172, 176, 198]","[516, 432, 157, 650, 8]","[489, 1018, 194, 478, 504]"
840,"[331, 748, 270, 286, 272, 754, 307, 300, 271, 873, 678, 333, 313, 306, 689, 326, 315, 1294, 258, 302, 316, 322, 888]","[892, 288, 353, 323, 358, 344, 325, 751]","[302, 272, 300, 271, 689]","[325, 323, 344, 892, 288]"
841,"[268, 269, 270, 886, 751, 313, 1395, 752, 306, 324, 749, 340, 874, 302, 303, 902, 272, 333]","[362, 344, 754, 1105, 315, 328, 258, 349, 288]","[340, 302, 902, 1395, 269]","[349, 328, 315, 344, 362]"
842,"[448, 636, 195, 183, 205, 217, 288, 831, 429, 800, 679, 176, 675, 135, 141, 270, 271, 443, 250, 174, 434, 258, 7, 690, 179, 175, 561, 89, 62, 234, 228]","[186, 452, 298, 665, 238, 98, 615, 444, 145, 635, 152, 159, 403, 449, 227, 151, 413, 416, 265, 603, 655, 208, 578, 102, 79, 219, 588, 515, 474, 402, 193, 121, 97, 1411, 23, 625, 674, 542, 511, 672, 450, 142, 252, 432, 959, 96, 99, 21, 447, 191, 581, 582, 551, 563, 95, 28, 77, 590, 209, 204, 225, 133, 56, 566, 436, 275, 1480, 1118, 69, 185, 53, 550, 498, 25, 654, 393, 569, 52, 628, 71, 661, 860, 188, 667, 485, 379, 177, 82, 501, 739, 206, 157, 380, 182, 153, 627, 657, 435, 420, 473, 50, 164, 210, 1065, 616, 158, 144, 440, 172, 181, 504, 1135, 216, 650, 226, 101, 708, 154, 671, 637, 632, 162, 527, 230, 214, 446, 528, 300, 239, 392, 194, 495, 215, 651, 385, 229, 168, 197, 1, 143, 170, 74, 196, 521, 357, 596, 222, 211, 422, 530, 633, 180, 431, 161, 419, 199, 660, 200, 423, 482, 1157, 427, 173, 91, 218, 83, 441, 526, 378, 127, 1039, 465, 132]","[250, 89, 800, 174, 271]","[161, 671, 708, 378, 511]"
843,"[22, 553, 1474, 50, 318, 69, 216, 151, 431, 258, 778, 210, 56, 251, 181, 1039, 24, 168, 117, 70, 173, 568, 207, 83, 55, 921, 45, 432, 2, 174, 588, 421, 172, 241, 95, 100, 12, 257]","[403, 195, 90, 423, 179, 71, 627, 154, 228, 690, 109, 625, 326, 7, 511, 300, 1099, 144, 260, 89, 97, 184, 597, 121, 255, 99, 864, 294, 161, 930, 549, 82, 222, 919, 405, 946, 471, 176, 684, 175, 418, 125, 13]","[568, 257, 432, 251, 216]","[919, 300, 403, 946, 99]"
844,"[311, 903, 313, 1434, 269, 1394, 909, 690, 310, 1234, 308, 286, 242]","[877, 750, 1592, 272, 1463, 1022, 900, 268, 1399, 346, 751, 302, 1238, 340, 896, 904, 303, 306]","[1434, 310, 242, 903, 313]","[1463, 750, 272, 896, 306]"
845,"[94, 627, 60, 566, 205, 1411, 736, 1286, 603, 674, 672, 519, 601, 648, 193, 423, 483, 443, 33, 217, 433, 1044, 610, 622, 520, 55, 1050, 417, 8, 516, 216, 86, 659, 132, 186, 83, 92, 1168, 702, 180, 770, 228, 239, 1018, 46, 504, 837, 739, 172, 238, 606, 673, 22, 64, 482, 289, 269, 378, 480, 31, 451, 135, 528, 50, 486, 1473, 71, 552, 72, 780, 1248, 1118, 727, 190, 219, 2, 588, 654, 494, 554, 493, 721, 479, 168, 786, 191, 609, 499, 530, 612, 241, 518, 196, 202, 715, 663, 1069, 684, 133, 96, 488, 179, 143, 23, 505, 1035, 427, 69, 184, 42, 498, 570, 268, 91, 66, 1451, 414, 4, 76, 26, 59, 404, 732, 127, 401, 1107, 431, 209, 367, 185, 608, 525, 227, 642, 178, 751, 484, 559, 697, 468, 485, 208, 720, 56, 198, 513, 693, 265, 772, 441, 490, 11, 226, 562, 1124, 1218, 176, 436, 665, 474, 174, 234, 602, 52, 657, 203, 288, 792, 785, 527, 550, 448, 425, 200, 489, 88, 140, 141, 357, 478, 836, 89, 70, 47, 233, 12, 495, 580, 794, 173, 218, 134, 302, 419, 67, 161, 87, 215, 515, 778, 497, 99, 212, 181, 271, 182, 381, 638, 463, 97, 737, 48, 661, 576, 523, 768, 421, 728, 385, 787, 614, 581, 470, 194, 511, 58, 1478, 789, 568, 729, 604, 175, 73, 615, 28, 510, 183, 487, 549, 526, 195, 558, 509, 51, 1041, 187, 192, 197, 738, 80, 199, 435, 396, 79, 942, 650, 210, 318, 98, 101]","[1074, 57, 377, 382, 1518, 90, 258, 36, 136, 403, 585, 651, 796, 1110, 1055, 555, 231, 464, 524, 53, 708, 398, 317, 755, 1133, 1101, 400, 1182, 1239, 578, 232, 229, 1540, 723, 748, 540, 1267, 731, 675, 1148, 507, 393, 719, 746, 102, 679, 967, 469, 1311, 1179, 387, 230, 716, 426, 415, 565, 110, 449, 1029, 1188, 294, 492, 1045, 575, 1004, 1066, 452, 1209, 692, 542, 849, 949, 810, 29, 388, 188, 640, 1530, 44, 514, 630, 662, 373, 430, 705, 139, 391, 955, 61, 699, 1439, 1206, 41, 561, 506, 1297, 1078, 54, 655, 700, 944, 65, 95, 806, 177, 365, 376, 569, 380, 211, 213, 802, 432, 521, 63, 82, 1249, 1220, 68, 1221, 623, 270, 586, 496, 616, 204, 131, 39, 1210, 1479, 660, 941, 392, 142, 386, 428, 560, 747, 633, 491, 1109, 735, 1178, 429, 40]","[1478, 451, 474, 786, 69]","[54, 1133, 464, 63, 373]"
846,"[290, 288, 372, 1160, 183, 258, 168, 448, 474, 202, 144, 732, 1086, 71, 735, 476, 211, 153, 95, 198, 109, 82, 173, 1137, 239, 301, 96, 1007, 151, 499, 79, 220, 174, 289, 1167, 1400, 98, 262, 181, 740, 496, 191, 8, 219, 568, 135, 228, 652, 77, 204, 195, 172, 50, 222]","[185, 826, 405, 238, 1172, 763, 434, 1050, 108, 658, 225, 473, 926, 118, 180, 410, 176, 39, 234, 479, 367, 645, 485, 567, 404, 948, 444, 7, 218, 104, 756, 257, 11, 121, 411, 216, 456, 161, 99, 261, 428, 243, 1204, 93, 1012, 200, 527, 426, 25, 447, 56, 369, 125, 742, 47, 317, 1, 417, 663, 210, 235, 141, 117, 196, 480, 578, 13, 70, 482, 89, 419, 1031, 820, 603, 928, 507, 66, 455, 716, 705, 164, 157, 602, 501, 142, 133, 240, 88, 609, 685, 120, 596]","[262, 289, 109, 198, 172]","[70, 485, 1050, 926, 578]"
847,"[164, 294, 1126, 32, 529, 152, 615, 480, 207, 204, 318, 196, 419, 423, 209, 151, 234, 1118, 755, 172, 125, 95, 165, 1101, 428, 490, 530, 154, 89, 1021, 135, 747, 603, 642, 179, 638, 732, 25, 133, 474, 82, 845, 357, 971, 214, 517, 650, 610, 265, 478, 181, 509, 202, 498, 663, 489, 393, 606, 215, 166, 805, 108, 170, 443, 582, 88, 514, 431, 462, 485, 109, 405, 739, 520, 238, 973, 186, 654, 403, 427, 174, 163, 121, 421, 141, 512, 50, 197, 153, 484, 134, 176, 647, 566, 945, 1063, 511, 97, 199, 483, 519, 479, 655, 451, 523, 430, 132, 855, 173, 71, 191, 241, 210, 72, 216, 708]","[481, 69, 584, 185, 899, 162, 195, 99, 640, 588, 118, 633, 476, 679, 65, 501, 200, 495, 496, 527, 433, 435, 661, 180, 183, 504, 689, 23, 127, 528, 432, 1065, 42, 812]","[72, 451, 427, 214, 490]","[432, 640, 633, 528, 899]"
849,"[204, 208, 490, 202, 566, 8, 173, 300, 210, 172, 969, 228, 15, 174, 121, 584, 742, 480, 181, 82, 294, 71, 97, 168, 28, 648, 519, 568, 22, 705, 50, 69, 659, 419, 435, 318, 153, 132, 496, 95, 79, 385, 96, 485, 88]","[56, 663, 494, 196, 98, 162]","[96, 969, 419, 385, 208]","[196, 162, 663, 494, 56]"
850,"[27, 1245, 693, 11, 272, 544, 760, 527, 172, 405, 240, 363, 742, 238, 192, 826, 50, 1016, 31, 109, 290, 588, 307, 273, 313, 132, 258, 123, 291, 685, 121, 271, 144, 182, 157, 147, 619, 125, 228, 346, 79, 915, 71, 129, 299, 355, 879, 250, 347, 336, 64, 1105, 473, 160, 340, 1280, 48, 56, 912, 231, 92, 302, 22, 751, 204, 127, 1143, 298, 262, 690, 327, 333, 483, 591, 875, 8, 831, 223, 180, 9, 303, 193, 248, 824, 410, 23, 435, 176, 310, 597, 480, 174, 286, 128, 295, 825, 234, 806, 318, 17, 924, 4, 339, 95, 12, 475, 553]","[1009, 987, 255, 338, 564, 68, 111, 680, 1132, 1314, 153, 304, 772, 10, 932, 974, 682, 343, 301, 1028, 892, 916, 352, 331, 1277, 1047, 696, 866, 1089, 353, 828, 981, 595, 1025, 881, 264, 977, 455, 406, 342, 748, 330, 841, 1094, 367, 1034, 122, 983, 412, 411, 531, 975, 840, 880, 1676, 1276, 833, 266, 1376, 754, 984, 823, 328, 159, 925, 681, 1287, 326, 472, 112, 1095, 456, 820, 895, 1059, 845, 676, 1014, 332, 689, 1051, 818, 349, 1023, 1291, 1675, 1258, 252, 284, 1598, 1254, 717, 1540, 161, 815, 261, 687, 1120, 930, 1013, 1337, 979]","[160, 912, 56, 64, 48]","[840, 880, 1676, 332, 455]"
851,"[408, 118, 257, 151, 546, 127, 820, 841, 515, 181, 50, 681, 1052, 969, 259, 235, 1, 117, 121, 568, 100, 506, 250, 290]","[685, 473, 323, 597, 289, 930, 678, 7, 405, 260, 840, 274, 825, 25, 122, 827, 252, 358, 472, 826, 264, 109, 1615, 407, 926]","[546, 841, 100, 1052, 259]","[827, 289, 678, 926, 825]"
852,"[1025, 302, 879, 292, 300, 678, 288, 299, 1280, 270, 304, 880, 682, 333]","[331, 245, 748, 326, 873, 301, 323, 887, 271, 328, 258, 259, 330, 688, 332, 327, 264, 294, 877, 358, 286, 334, 690, 340, 322, 261, 307]","[879, 682, 299, 333, 292]","[334, 328, 326, 331, 258]"
853,"[979, 475, 499, 87, 273, 79, 318, 32, 405, 382, 505, 223, 603, 250, 487, 127, 220, 191, 270, 7, 200, 604, 488, 285, 55, 483, 134, 616, 135, 93, 293, 922, 919, 288, 664, 170, 24, 238, 69, 8, 511, 49, 50, 12, 23, 100, 188, 9, 423, 924, 64, 492, 203, 124, 151, 1226, 713, 632, 56, 606, 173, 514, 153, 507, 98, 297, 258, 269, 271, 479, 14, 469, 180, 42, 493, 83, 357, 175, 168, 197, 11, 89, 222, 275, 132, 855, 509, 185, 709, 705, 171, 508, 528]","[186, 126, 409, 122, 1014, 281, 925, 255, 291, 287, 117, 216, 237, 15, 1077, 289, 1197, 268, 86, 1086, 928, 22, 147, 535, 333, 591, 619, 125, 537, 3, 176, 1677, 129, 4, 358, 823, 303, 829, 1061, 244, 257, 225, 846, 815, 463, 840, 294, 744, 597, 274, 735, 461, 144, 458, 96, 283, 324, 264, 246, 133, 195, 118, 1134, 484, 455, 235, 106, 302, 757, 150, 194, 1016, 328, 1, 620, 652, 1335, 522, 762, 25, 260, 512, 825, 58, 498, 466, 799, 544, 1281, 1047, 19, 13, 696, 826, 1011, 421, 471, 1028, 756, 249, 411, 121, 1284, 742, 472, 286, 123, 431, 482, 811, 628, 156, 343, 476, 322, 1283, 945, 20, 282, 1013, 174, 321, 111, 290]","[171, 487, 238, 83, 14]","[811, 1, 123, 176, 1061]"
854,"[198, 165, 529, 855, 512, 475, 510, 462, 166, 638]","[283, 60, 1021, 531, 45, 86, 179, 170, 919, 509, 171, 59, 582]","[510, 166, 462, 475, 165]","[1021, 531, 59, 86, 179]"
855,"[258, 750, 315, 313, 322, 690, 294, 286, 307, 300, 316, 327, 272]","[879, 678, 310, 749, 323, 688, 326, 289, 347, 312, 270, 328, 748]","[750, 327, 322, 690, 307]","[748, 310, 326, 749, 323]"
856,"[321, 898, 14, 19, 475, 259, 116, 283, 275, 258]","[294, 300, 325, 348, 687, 547, 988, 24, 892, 328, 20, 304]","[258, 283, 321, 19, 259]","[348, 325, 300, 24, 892]"
857,"[286, 269, 334, 333, 754, 9, 689, 1368, 127, 515]","[331, 292, 181, 289, 307, 690, 100, 678, 293, 323, 327]","[754, 333, 269, 689, 515]","[331, 323, 678, 690, 181]"
858,"[111, 25, 249, 276, 421, 1014, 762, 846, 1061, 955, 293, 1315, 535, 287, 15, 476, 1009, 381, 763, 288, 410, 1008, 1326, 475, 313, 3]","[1095, 294, 368, 928, 1132, 1281, 257, 1048, 282, 275, 458, 118, 151]","[1061, 535, 955, 475, 762]","[294, 275, 118, 282, 1281]"
859,"[4, 283, 715, 514, 153, 305, 300, 347, 285, 286, 311, 202, 313, 690, 56, 204, 302, 508, 865, 692, 216, 100, 517, 312, 310, 70, 262, 732]","[289, 303, 211, 294, 159, 1061, 301, 245, 1602, 716, 890, 846, 900, 316, 333, 949, 381, 1041, 272, 274, 49, 220, 1047, 516, 315, 257, 629, 26, 269, 1059, 307, 287, 712, 321, 332, 894, 393, 344, 663, 327, 781, 678, 339]","[300, 262, 4, 216, 204]","[781, 393, 344, 1041, 332]"
860,"[170, 1227, 714, 949, 289, 52, 86, 275, 736, 547, 382, 83, 584, 301, 531, 14, 1009, 529, 319, 286, 740, 242, 292, 462, 45, 70, 116, 509, 381, 20, 213, 937, 305]","[294, 1148, 179, 582, 26, 321, 10, 463, 737, 475]","[70, 1009, 937, 289, 529]","[179, 737, 463, 1148, 582]"
861,"[50, 210, 505, 127, 288, 215, 193, 168, 1011, 474, 187, 198, 526, 216, 181, 147, 1093, 64, 478, 22, 433, 429, 121, 276, 11, 479, 175, 111, 199, 413, 24, 603, 919, 737, 820, 657, 183, 203, 484, 1117, 117, 982, 179, 1110, 141, 480, 431, 742, 60, 79, 228, 173, 462, 100, 977, 928, 271, 172, 182, 143, 434, 70, 476, 436, 200, 423, 519, 521, 96, 647, 238, 825, 520, 10, 650, 59, 496, 174, 97, 515, 282, 655, 472, 81, 767, 544, 211, 845, 823, 222, 257, 180, 260, 195, 7, 99, 930, 188, 250, 61, 135, 89, 467, 98, 498, 1009, 559, 678, 483, 196, 546, 979, 633, 969, 132, 185, 1050, 45, 495, 789, 435, 82, 658, 69, 258, 197, 151, 406, 176, 651, 432, 91, 265, 202, 92, 1109, 748, 866, 12, 177, 485, 205]","[407, 357, 974, 405, 214, 230, 491, 184, 978, 201, 105, 1199, 56, 597, 831, 416, 186, 568, 640, 566, 252, 208, 120]","[11, 1009, 70, 979, 433]","[566, 568, 357, 407, 1199]"
862,"[301, 1294, 882, 1062, 902, 333, 315, 326, 242, 361, 258, 294, 305, 332, 1237, 690, 313, 288, 751, 346, 268, 306, 1243, 752, 324, 321, 328, 327, 1431, 334, 300, 906, 331, 344, 1395, 307, 310, 302, 272, 286, 895, 343, 750, 316, 271, 289, 355, 1127]","[754, 264, 270, 352, 1024, 303, 1038, 1607, 349, 898, 1022, 873, 1679, 682, 872, 879, 749, 691, 900, 1234, 748, 1434, 339, 877, 340, 1678, 299, 903, 342, 262, 910, 1313, 330, 322, 901, 319, 1680, 350, 359, 683, 908, 876, 259, 885, 329, 909, 292, 304, 990, 362, 538, 886, 336, 348, 347, 887, 269, 354, 1296]","[332, 313, 327, 1237, 1395]","[330, 303, 538, 342, 1679]"
863,"[408, 53, 50, 273, 168, 208, 566, 693, 227, 54, 70, 526, 11, 134, 219, 22, 966, 13, 163, 222, 173, 603, 123, 215, 245, 124, 349, 98, 294, 176, 7, 217, 356, 132, 64, 511, 483, 276, 56, 216, 87, 234, 161, 969, 2, 137, 184, 238, 44, 1, 218, 47, 210, 31, 496, 144, 94, 91, 12, 102, 419, 178, 229, 100, 628, 466, 471, 1016, 181, 191, 67, 789, 48, 562, 523, 86, 391, 596, 114, 1101, 62, 202, 29, 317, 286, 568, 136, 72, 405, 401, 561, 423, 663, 237, 735, 9, 25, 275, 472, 55, 196, 239, 5, 399, 96, 197, 755, 660, 715, 732, 118, 174, 655, 109, 95, 939, 546, 993, 443, 542, 684, 805, 470, 651, 28, 203, 133, 82, 52, 73, 128, 116, 69, 283, 186, 736, 145, 333, 367, 157, 403, 159, 223, 591, 318, 169, 474, 404, 127, 559, 194, 678, 164, 625, 232, 258, 235, 58, 509, 24, 77, 288, 200, 597, 473, 195, 97, 15, 257, 729, 143, 117, 172, 451, 228, 343, 167, 357, 1109, 531, 79, 201, 121, 204, 183, 189, 88, 8, 742, 125, 153, 190, 328, 4, 265, 550, 151, 685]","[71, 642, 708, 1446, 1531, 775, 716, 892, 722, 386, 1135, 951, 1119, 720, 422, 1210, 623, 794, 476, 140, 382, 1228, 99, 747, 780, 1217, 1047, 250, 182, 588, 710, 501, 63, 770, 541, 93, 658, 38, 231, 43, 432, 209, 1303, 578, 1412, 106, 577, 972, 290, 692, 629, 569, 65, 800, 433, 214, 609, 188, 1112, 282, 549, 85, 1044, 717, 66, 1248, 226, 49, 81, 563, 665, 393, 225, 380, 394, 1284, 111, 465, 781, 1033, 402, 930, 768, 373, 797, 672, 1140, 108, 1425, 230, 1208, 619, 734, 673, 801, 418]","[8, 736, 79, 200, 343]","[673, 501, 794, 588, 717]"
864,"[7, 169, 268, 24, 919, 189, 302, 294, 847, 455, 100, 547, 475, 1240, 744, 258, 408, 1009]","[1028, 928, 825, 929, 597, 245, 122, 676, 91, 845, 101, 111, 432, 472, 1011, 240, 328, 121, 117, 21, 627, 546, 148, 271, 222, 71, 118, 501, 1047, 412, 588, 99, 473, 685, 108, 95, 405, 763, 946, 411, 418, 456, 1, 831, 471, 625, 926, 743]","[1240, 1009, 294, 189, 475]","[597, 625, 99, 328, 471]"
865,"[319, 306, 900, 347, 315, 303]","[321, 300, 242, 305, 302, 887, 889, 269, 344, 882, 896, 313, 272, 340]","[315, 303, 319, 347, 306]","[300, 305, 340, 269, 313]"
866,"[660, 480, 23, 135, 79, 956, 318, 96, 174, 524, 498, 295, 195, 210, 68, 650, 228, 98, 250, 289, 511, 50, 475, 181, 168, 175, 270, 150, 207, 186, 651, 22, 657, 431, 64, 655, 9, 1159, 474, 56, 496, 204, 12, 286, 203, 31, 483, 1039, 652, 1154, 1065, 603, 28, 528, 7, 222, 1, 182, 191, 257, 855, 188, 529, 134, 156, 328, 180, 198, 197, 89, 690, 172, 748]","[196, 211, 258, 252, 1608, 11, 117, 216, 276, 183, 176, 588, 323, 132, 51, 273, 69, 300, 678, 144, 423, 294]","[79, 1159, 250, 270, 186]","[1608, 216, 588, 258, 211]"
867,"[206, 1, 89, 160, 183, 173, 101, 651, 176, 474, 615, 179, 151, 209, 427, 210, 919, 81, 98, 150, 178, 455, 240, 136, 412, 50, 475, 228, 198, 1098, 180, 408, 189, 922, 23, 59, 132, 187, 128, 181, 480, 382, 854, 640, 426, 61, 506, 646, 64, 709, 169, 127, 631, 433, 755, 114, 317, 550, 327, 1240, 55, 520, 100, 7, 234, 589, 12, 655, 199, 135, 174, 268, 238, 762, 172]","[204, 1031, 398, 738, 562, 1480, 568, 581, 91, 448, 1035, 265, 73, 358, 109, 452, 232, 403, 1028, 202, 122, 167, 423, 121, 188, 96, 225, 501, 524, 273, 417, 117, 662, 195, 419, 219, 449, 436, 156, 621, 229, 470, 567, 201, 159, 825, 56, 214, 233, 227, 184, 447, 658, 402, 208, 47, 685, 998, 90, 410, 94, 739, 217, 746, 164, 153, 783, 1509, 579, 636, 239, 139, 145, 200, 218, 496, 367, 162, 216, 237, 1285, 451, 843, 946, 556, 142, 434, 432, 24, 193, 726, 498, 778, 509, 68, 1206, 69, 161, 67, 191, 158, 732, 503, 154, 566, 747, 1037, 82, 1188, 207, 547, 429, 378, 679, 95, 133, 222, 710, 588, 1076, 80, 65, 155, 2, 168, 578, 186, 230, 1183, 727, 211, 385, 405]","[550, 408, 240, 135, 382]","[155, 658, 403, 230, 188]"
868,"[412, 310, 240, 50, 269, 411, 515, 253, 116, 276, 275, 237, 100, 127, 1014, 151, 249]","[846, 312, 118, 181, 284, 1134, 756, 242, 15, 294, 13, 126, 596, 1382, 125, 1061, 815, 476, 1132, 287, 298, 1163, 25, 315, 696, 1079, 288, 122, 1047, 282]","[116, 412, 249, 310, 240]","[287, 181, 282, 756, 118]"
869,"[481, 642, 466, 171, 134, 48, 568, 603, 386, 216, 770, 487, 238, 17, 92, 789, 1134, 504, 272, 181, 131, 499, 520, 209, 462, 528, 179, 447, 90, 69, 649, 10, 218, 23, 210, 185, 483, 154, 697, 471, 641, 192, 302, 195, 28, 79, 186, 527, 673, 646, 505, 276, 22, 658, 96, 6, 959, 45, 66, 813, 327, 56, 174, 469, 354, 265, 772, 503, 514, 582, 763, 83, 168, 288, 182, 479, 425, 95, 1, 258, 178, 474, 489, 188, 13, 513, 58, 70, 793, 286, 64, 497, 98, 177, 172, 608, 127, 558, 496, 317, 87, 132, 589, 31, 461, 657, 428, 945, 653, 100, 124, 198, 693, 9, 477, 713, 197, 427, 313, 606, 223, 7, 1073, 203, 208, 1098, 357, 204, 253, 480, 169, 193, 1664, 659, 170, 12, 367, 654, 647, 475, 318, 523, 248, 724, 655, 11]","[517, 952, 566, 521, 54, 511, 663, 42, 255, 549, 1006, 704, 52, 51, 559, 1041, 381, 470, 554, 781, 591, 396, 68, 395, 494, 38, 1112, 1042, 443, 550, 219, 244, 792, 2, 988, 385, 949, 384, 239, 1267, 715, 332, 856, 431, 194, 810, 77, 1208, 873, 1118, 328, 401, 315, 1090, 340, 65, 333, 180, 211, 1021, 135, 841, 378, 1230, 640, 684, 50, 273, 1019, 1008, 53, 1451, 1074, 421, 722, 202, 433, 651, 458, 569, 55, 246, 699, 631, 191, 574, 382, 196, 710, 690, 88, 579, 692, 268, 1221, 490, 89, 235, 583, 735, 732, 47, 570, 802, 1046, 21, 1210, 736, 1044, 939, 289, 111, 284, 1020, 746, 148, 1014, 1412, 644, 943, 508, 4, 435]","[649, 514, 238, 168, 658]","[1008, 490, 458, 381, 631]"
870,"[515, 174, 177, 781, 302, 50, 751, 22, 56, 173, 313, 258, 121, 96, 202, 270, 127, 575, 1388, 195, 1431, 172, 300, 210, 187, 526, 326, 79, 342, 182, 147, 226, 301, 271, 161, 347, 276]","[245, 346, 27, 1197, 1119, 895, 1385, 747, 1345, 259, 241, 337, 275, 947, 883, 237, 690, 335, 547, 213, 197, 511, 896, 750, 435, 345, 908, 17, 876, 307, 1024, 1137, 1022, 813, 794, 183, 549, 92, 272, 315, 190, 937, 360, 662, 352, 310, 1386, 1072, 262, 324, 216, 242, 359, 4, 286, 289, 651, 955, 333, 181, 1430, 82, 331, 1434, 905, 11, 907, 909, 752, 989, 566, 97, 269, 1176, 402, 305, 510, 904]","[781, 1431, 226, 326, 177]","[794, 345, 289, 181, 1197]"
871,"[258, 815, 597, 932, 111, 237, 288, 363, 310, 118, 925, 1061, 328, 742, 1047, 895, 756, 313, 905, 272, 117, 300, 405, 974, 476, 121, 282, 546, 717, 975, 628, 354, 685, 926, 893]","[332, 323, 106, 1, 748, 864, 280, 763, 977, 350, 1028, 274, 928, 278, 826, 820, 268, 892, 591, 151, 845, 1165, 1040, 334, 1376, 930, 294, 290, 284, 682, 273, 871, 347, 409, 1011, 1284]","[742, 313, 310, 328, 597]","[332, 871, 826, 323, 892]"
872,"[292, 300, 294, 313, 328, 342, 326]","[258, 750, 286, 289, 321, 879, 269, 339, 358, 875, 259, 348, 307]","[342, 313, 292, 328, 300]","[875, 879, 348, 259, 750]"
873,"[306, 289, 276, 150, 191, 124, 197, 14, 116, 305, 357, 311, 182, 100, 127, 521, 514, 137, 285, 654, 302, 275, 286]","[321, 340, 748, 325, 346, 751, 676, 125, 313, 20, 111]","[289, 124, 197, 182, 116]","[676, 325, 111, 125, 748]"
874,"[772, 169, 334, 923, 514, 171, 133, 268, 582, 474, 176, 501, 173, 651, 96, 504, 181, 478, 527, 12, 512, 1073, 481, 172, 183, 461, 333, 496, 50, 654, 258, 64, 185, 511, 98, 174, 289, 195, 135, 603, 56, 963, 418, 187, 213, 518, 131, 421, 42, 327, 921, 652, 937, 479, 462, 288, 28, 269, 707, 32, 180, 211, 423, 357, 806, 302, 428, 523, 23, 134, 480, 179, 1103, 964]","[4, 71, 692, 1422, 321, 753, 300, 55, 332, 358, 8, 294, 286, 45, 22]","[523, 474, 334, 135, 357]","[294, 300, 692, 321, 358]"
876,"[31, 237, 270, 271, 515, 274, 60, 59, 955, 216, 275, 732, 79, 748, 566, 538, 170, 269, 55, 702, 176, 70, 203, 258, 197, 381, 333, 921, 727, 549, 553, 88, 164, 557, 228, 326, 56, 159, 738, 173, 241, 202, 692, 98, 52, 463, 531, 690, 14, 61, 371, 739, 475, 451, 584, 185, 744, 971, 662, 86, 1402]","[382, 949, 286, 640, 300, 402, 83, 226, 582, 111, 340, 737, 328, 207, 288, 307, 155, 302, 222, 306]","[381, 164, 662, 463, 475]","[207, 328, 340, 307, 155]"
877,"[582, 427, 692, 511, 659, 172, 794, 286, 402, 71, 530, 275, 736, 416, 15, 496, 50, 60, 317, 197, 481, 517, 99, 165, 435, 474, 509, 498, 191, 19, 462, 482, 9, 194, 732, 269, 179, 168, 514, 529, 318, 88, 14, 921, 285, 127, 57, 1149, 216, 98, 152, 136, 515, 584, 64, 663, 549, 512, 202, 111, 170, 153, 166, 51]","[283, 642, 949, 655, 126, 22, 212, 82, 137, 181, 531, 8, 1065, 274, 100, 66, 707, 20, 70, 116, 140, 175, 225, 204, 151, 371, 213, 588, 650, 236, 418, 796, 855, 276, 215, 174, 739, 321, 393, 662, 237, 640, 535, 781, 154, 97, 1041, 59, 497, 702, 485, 923, 740, 1100, 45, 755, 553, 432, 234, 1039, 1121, 451, 265, 956, 1092, 690, 699, 258, 463, 155]","[111, 474, 921, 427, 509]","[690, 650, 215, 237, 642]"
878,"[237, 282, 1, 763, 15, 127, 222, 866, 255, 181, 685, 50, 304, 117, 292, 125, 25, 121, 276, 111]","[300, 151, 1284, 597, 294, 1047, 751, 118, 596]","[15, 222, 117, 304, 1]","[300, 751, 294, 151, 596]"
879,"[824, 307, 299, 232, 301, 651, 295, 833, 204, 50, 181, 508, 1016, 348, 1284, 1267, 4, 182, 347, 831, 8, 237, 728, 363, 233, 65, 69, 367, 79, 44, 746, 222, 140, 1059, 12, 92, 346, 22, 195, 269, 276, 123, 272, 471, 71, 603, 185, 549, 405, 625, 87, 124, 815, 689, 435, 100, 111, 156, 11, 288, 144, 188, 418, 1210, 793, 42, 176, 316, 1664, 948, 293, 770, 180, 117, 742, 68, 258, 217, 47, 28, 284, 685, 240, 249, 619, 246, 568, 64, 876, 260, 238, 208, 1139, 1446, 655, 70, 825, 174, 200, 137, 56, 423, 357, 210, 97, 410, 1496, 1277, 150, 281, 693, 902, 385, 550, 31, 93, 356, 461, 53, 298, 762, 302, 1041, 177, 1134, 109, 1014, 147, 731, 96, 761, 588, 248, 234, 81, 470, 381, 127, 151, 1012, 226, 467, 732, 257, 657, 39, 329, 328, 1044, 992, 184, 187, 202, 623, 315, 98, 172, 218, 191, 881, 186, 179, 1035, 1157, 591, 201, 1468, 684, 239, 1, 194, 287, 23, 411, 475, 794, 1222, 527, 318, 379, 25, 748, 273, 268, 294]","[386, 398, 791, 820, 769, 80, 841, 54, 783, 721, 755, 228, 1291, 396, 72, 566, 931, 597, 879, 451, 1001, 802, 118, 1518, 578, 243, 252, 280, 1002, 928, 235, 546, 692, 1000, 1276, 1030, 579, 402, 864, 40, 1053, 722, 1423, 826, 90, 173, 810, 368, 1296, 595, 697, 1197, 327, 1023, 245, 801, 1151, 254, 734, 88, 365, 768, 719, 1478, 678, 421, 21, 1013, 1052, 1270, 849, 584, 29, 392, 55, 2, 412, 720, 99, 128, 1415, 1095, 986, 375, 790, 1165, 394, 82, 456, 380, 7, 571, 49, 577, 779, 477, 105, 956, 1258, 845, 283, 38, 148, 781, 780, 1215, 41, 1181, 282, 121, 366, 575, 468, 250, 1058, 1036, 85, 231, 976, 823, 17, 763, 300, 818, 1225, 393, 161, 369, 771, 27, 473, 1620, 383, 409, 1093, 230, 209, 541, 1119, 1224, 556, 384, 1217, 1244, 401, 24, 930, 1017, 310, 1185, 1188, 63, 636, 1049, 1047, 342, 570, 62, 122, 403, 158, 33, 227, 1184, 67, 95, 628, 554, 376, 91, 407, 940, 926, 795, 120, 585, 94, 168, 627, 3, 110, 5, 476]","[188, 249, 272, 685, 623]","[790, 38, 88, 386, 3]"
880,"[54, 133, 423, 663, 180, 49, 204, 601, 222, 1124, 13, 89, 183, 514, 135, 179, 630, 118, 642, 282, 98, 655, 385, 478, 127, 943, 739, 117, 472, 483, 129, 443, 477, 755, 11, 174, 134, 218, 333, 100, 230, 524, 484, 625, 265, 71, 202, 106, 276, 506, 523, 121, 528, 546, 526, 125, 405, 530, 195, 51, 214, 357, 63, 392, 192, 654, 480, 8, 216, 188, 414, 187, 193, 64, 185, 22, 95, 521, 756, 23, 199, 1, 490, 561, 143, 62, 419, 7, 322, 176, 28, 393, 136, 520, 515, 229, 580, 409, 495, 205, 172, 227, 568, 177, 380, 615, 511, 399, 742, 257, 79, 651, 447, 498, 1217, 430, 191, 82, 181, 31, 566, 732]","[550, 671, 1118, 53, 559, 790, 441, 1046, 294, 161, 141, 281, 112, 151, 88, 97, 924, 81, 291, 50, 434, 77, 38, 196, 103, 401, 1540, 94, 934, 678, 178, 15, 449, 228, 304, 356, 476, 286, 432, 403, 826, 168, 175, 375, 4, 435, 395, 27, 400, 323, 554, 21, 812, 90, 465, 99, 451, 108, 831, 233, 56, 456, 685, 527, 411, 226, 58, 1089, 1028, 412, 140, 209, 208, 9, 849, 1133, 864, 1215, 1177, 240, 1033, 575, 1066, 1480, 1411, 182, 274, 238, 573, 504, 763, 289, 215, 255, 588, 620, 105, 200, 728, 43, 96, 576, 768, 417, 132, 420, 25, 542, 186, 582, 1228, 194, 748, 596, 712, 14, 259, 225, 69, 234, 820, 705, 1057, 1164, 197, 139, 474, 217, 795, 1078, 70, 473, 120, 72, 243, 29, 679]","[520, 943, 642, 63, 521]","[1480, 274, 200, 58, 826]"
881,"[193, 616, 409, 515, 204, 173, 71, 186, 215, 15, 471, 8, 117, 86, 294, 692, 526, 237, 222, 988, 225, 243, 932, 496, 427, 195, 597, 82, 228, 416, 168, 180, 419, 50, 1444, 172, 118, 566, 89, 205, 380, 748, 423, 11, 275, 132, 739, 211, 79, 405, 56, 1, 174, 95, 98, 227, 510, 185, 203, 216, 208, 429, 357, 177, 183, 147, 191, 143, 135, 181, 96, 393, 131, 202, 196, 290, 66, 568, 1116, 99, 199, 151, 121, 7, 582, 420, 210, 28, 969, 69, 378, 265, 746, 470, 230, 291, 133, 501, 432, 4, 176, 588]","[140, 105, 559, 1015, 815, 476, 473, 33, 660, 235, 929, 122, 1060, 684, 662, 21, 756, 841, 1412, 546, 194, 101, 412, 465, 1052, 411, 820, 258, 407, 288, 70, 455, 369, 25, 284]","[180, 582, 416, 290, 230]","[140, 684, 411, 546, 929]"
882,"[792, 7, 144, 68, 129, 311, 50, 135, 867, 72, 516, 224, 665, 53, 882, 709, 30, 1045, 20, 16, 529, 752, 256, 1019, 64, 715, 212, 277, 549, 168, 172, 9, 270, 589, 79, 455, 656, 462, 197, 174, 919, 60, 322, 137, 1222, 342, 45, 399, 134, 506, 55, 1115, 65, 89, 770, 902, 229, 464, 4, 346, 553, 461, 283, 116, 1021, 487, 175, 403, 647, 176, 355, 8, 693, 748, 323, 127, 740, 603, 276, 387, 519, 1009, 661, 724, 1592, 100, 1448, 956, 1462, 202, 185, 24, 257, 316, 318, 289, 648, 1065, 211, 183, 153, 523, 88, 61, 39, 477, 56, 347, 113, 208, 96, 504, 1656, 435, 154, 511, 896, 302, 1131, 900, 945, 210, 1118, 512, 273, 1171, 805, 124, 173, 955, 1005, 778, 204, 12, 285, 430, 338, 275, 13, 10, 989, 517, 59, 251, 922, 794, 1288, 479, 198, 151, 367, 190, 694, 81, 354, 199, 48, 195, 514, 515, 216, 241, 1012, 490, 856, 513, 745, 408, 228, 238, 1074, 847, 421, 234]","[727, 83, 749, 407, 239, 561, 69, 194, 1121, 1, 28, 1591, 1041, 147, 250, 707, 566, 312, 405, 692, 568, 213, 49, 331, 559, 384, 226, 227, 372, 86, 209, 703, 873, 19, 286, 11, 796, 319, 971, 315, 1227, 386, 634, 732, 463, 313, 269, 712, 279, 659, 781, 66, 170, 1404, 1226, 382, 52, 414, 785, 304, 550, 584, 863, 385, 496, 237, 265, 396, 530, 47, 58, 306, 739, 14, 22, 90, 222, 713, 886, 750, 26, 70, 207, 580, 349, 82, 684, 345, 271, 98, 736, 582, 531, 952]","[7, 896, 956, 867, 347]","[306, 304, 692, 1041, 313]"
883,"[116, 70, 275, 9, 269, 179, 582, 381, 258, 475, 100, 509, 382, 268, 529, 127, 462, 638, 921, 14, 515, 198, 213, 212, 510, 285, 1073, 463]","[322, 1214, 166, 165, 736, 300, 640, 1009, 323, 86, 949, 923, 146, 1018, 713]","[529, 1073, 382, 9, 638]","[640, 323, 86, 300, 1018]"
884,"[210, 405, 428, 1, 432, 596, 186, 70, 95, 418, 195, 173, 949, 419, 97, 28, 189, 237, 88, 151, 318, 588, 71, 660, 79, 169, 274, 568, 69, 143, 117, 815, 423, 82, 25, 174, 99, 111, 420, 204, 300, 538, 476, 739, 161]","[1311, 866, 239, 65, 91, 56, 501, 233, 356, 208, 402, 946, 196, 383, 451, 278, 386, 154, 821, 582, 662, 655, 685, 584, 523, 225, 417, 756, 625, 1061, 245, 142, 167, 72, 213, 135, 1221, 7, 209, 100, 735, 953, 94, 50, 188, 393, 365, 172, 179, 29, 290, 181, 338, 1030, 549, 153, 216]","[186, 423, 204, 111, 210]","[167, 356, 94, 29, 451]"
885,"[175, 819, 781, 147, 108, 173, 357, 7, 17, 161, 318, 1073, 483, 98, 129, 172, 813, 67, 824, 182, 171, 76, 1, 71, 22, 150, 186, 187, 222, 506, 474, 288, 241, 651, 657, 663, 518, 475, 790, 939, 157, 1048, 237, 425, 1119, 1065, 1019, 496, 26, 81, 79, 195, 178, 94, 403, 48, 268, 127, 544, 128, 1067, 721, 176, 733, 1010, 9, 33, 100, 168, 12, 191, 156, 144, 761, 228, 188, 87, 216, 710, 101, 28, 184, 56, 919, 693, 180, 58, 265, 659, 64, 550, 95, 1014, 42, 762, 833, 23, 578, 584, 49, 89, 174, 631, 467, 47, 181, 581, 686, 24, 367, 55, 1467, 209, 164, 410, 183, 177, 655, 1217, 50, 11, 2]","[4, 68, 235, 233, 160, 1303, 232, 273, 419, 118, 208, 3, 1324, 472, 697, 636, 62, 238, 27, 789, 218, 371, 393, 801, 388, 746, 5, 96, 732, 1074, 941, 240, 80, 43, 230, 229, 451, 549, 231, 1208, 54, 384, 803, 1435, 1231, 1046, 582, 239, 200, 558, 1095, 227, 66, 589, 623, 1170, 179, 715, 826, 380, 1209, 20, 591, 685, 1267, 202, 783, 10, 726, 466, 449, 201, 234, 799, 212, 423, 29, 709, 159, 69, 328, 940, 1489, 385, 153, 435, 433, 568, 1421, 399, 772, 63, 405, 117, 15, 92, 959, 132, 566, 214, 692, 512, 559, 396, 282, 628, 943, 194, 381, 1228, 65, 1093, 546, 204, 53, 196, 364, 217]","[174, 144, 693, 12, 318]","[200, 217, 1093, 27, 559]"
886,"[839, 1015, 993, 369, 1, 111, 279, 1136, 473, 210, 1540, 181, 1035, 768, 633, 84, 692, 99, 710, 206, 82, 91, 72, 871, 410, 8, 934, 87, 38, 418, 365, 24, 187, 760, 252, 926, 1033, 1051, 763, 318, 1116, 472, 69, 176, 421, 946, 1413, 969, 96, 47, 254, 294, 28, 411, 140, 443, 562, 288, 284, 597, 412, 240, 1029, 22, 172, 202, 225, 755, 125, 164, 121, 588, 257, 596, 109, 559, 7, 118, 151, 128, 1120, 1383, 195, 168, 65, 1496, 845, 496, 180, 432, 465, 928, 56, 385, 501, 143, 115, 50, 378, 1013, 305, 455, 409, 368, 1084, 405, 289, 1047, 204, 1283, 1028, 673, 95, 756, 720, 1060, 578, 228, 71, 609, 90, 122, 132, 427, 393, 404, 218, 420]","[931, 1012, 200, 826, 1278, 235, 423, 832, 1473, 258, 183, 416, 1079, 697, 718, 699, 477, 828, 431, 470, 222, 1239, 932, 655, 9, 476, 243, 100, 491, 127, 419, 142, 13, 471, 25, 568, 105, 1279, 548, 929, 98, 274, 1063]","[206, 756, 559, 96, 1136]","[699, 1239, 655, 25, 828]"
888,"[659, 134, 160, 65, 168, 246, 1589, 196, 655, 381, 81, 1134, 56, 211, 217, 479, 498, 273, 129, 462, 302, 186, 175, 520, 515, 747, 173, 24, 187, 223, 89, 1006, 475, 64, 455, 94, 153, 497, 127, 194, 172, 1218, 137, 430, 317, 170, 180, 11, 17, 512, 55, 248, 178, 652, 185, 154, 435, 150, 546, 95, 470, 121, 12, 204, 511, 117, 1113, 1073, 818, 171, 50, 191, 144, 262, 856, 636, 866, 523, 132, 237, 268, 282, 357, 718, 33, 1142, 177, 473, 91, 169, 428, 431, 174, 847, 554, 484, 13, 87, 257, 480, 607, 1153, 182, 250, 156, 469, 1065, 188, 128, 746, 98, 433, 83, 124, 239, 919, 258, 651, 3, 276, 59, 763, 42, 164, 1194, 474, 482, 519, 524, 265, 100, 269, 26, 28, 1022, 9, 427, 216, 658, 125, 234, 318, 86, 82, 96, 705, 947, 208, 210, 193, 483, 32, 603, 980, 657, 741, 199, 195, 161, 423, 298, 513, 181]","[72, 654, 58, 762, 819, 488, 886, 73, 1103, 728, 1267, 402, 1074, 576, 382, 494, 568, 7, 782, 1419, 386, 678, 1079, 399, 771, 1072, 183, 461, 155, 1070, 755, 696, 240, 952, 39, 212, 1170, 403, 70, 1011, 67, 820, 729, 202, 451, 879, 597, 676, 979, 29, 190, 97, 1195, 226, 71, 734, 327, 271, 1188, 721, 79, 1014, 4, 207, 22, 300, 252, 649, 151, 235, 232, 1231, 566, 93, 1067, 749, 664, 1262, 249, 650, 1016, 1097, 642, 631, 471, 85, 544, 408, 687, 31, 54, 192, 615, 575, 69, 686, 562, 231, 436, 23, 627, 789, 869, 731, 955, 279, 1, 1139, 739, 411, 493, 405, 294, 147, 385, 203, 165, 514, 509, 1239, 695, 322, 303, 159, 290, 338, 1428, 60, 833, 943, 732, 92, 663, 700, 540, 533, 1553, 1110, 881, 684, 297, 1152, 742, 604, 291, 135, 959, 737, 949, 944, 1069, 1048, 219, 179, 1487, 831, 647, 646, 209, 550, 8, 77, 2]","[56, 519, 13, 180, 82]","[654, 533, 303, 403, 1067]"
889,"[98, 181, 89, 340, 172, 443, 324, 427, 135, 479, 515, 435, 204, 193, 134, 215, 1039, 524, 423, 489, 527, 654, 174, 168, 228, 214, 1149, 632, 234, 50, 404, 480, 1, 520, 589, 23, 127, 286, 195, 385, 501, 357, 474, 132, 444, 429, 523, 162, 663, 194, 179, 176, 187, 521, 657, 675, 151, 152, 185, 434, 69, 671, 313, 136, 603, 200, 604, 173, 208, 210, 7, 133, 205, 97, 483, 190, 530, 496, 514, 157]","[118, 237, 163, 843, 153, 516, 1065, 625, 449, 258, 662, 183, 101, 85, 271, 142, 655, 637, 737, 230, 660, 211, 403, 636, 739, 447, 265, 167, 667, 452, 484, 186, 121, 451, 436, 102, 448, 229, 674]","[133, 444, 181, 50, 89]","[121, 447, 186, 167, 737]"
890,"[50, 591, 278, 281, 471, 531, 1197, 15, 717, 25, 459, 285, 282, 313, 286, 237, 107, 742, 274, 100, 409, 1278, 866, 121, 476, 148, 118, 924, 126, 756, 127, 740, 978]","[546, 117, 280, 934, 1028, 933, 111, 1040, 595, 405, 181, 323, 597, 116]","[278, 282, 1278, 285, 1197]","[1040, 933, 111, 280, 116]"
891,"[134, 273, 781, 151, 87, 661, 432, 127, 604, 76, 578, 708, 177, 649, 230, 89, 63, 173, 191, 500, 97, 144, 118, 95, 237, 732, 284, 5, 12, 481, 648, 203, 187, 178, 174, 845, 423, 100, 291, 172, 88, 588, 50, 182, 176, 25, 429, 671, 729, 265, 496, 1224, 321, 615, 393, 153, 132, 367, 58, 117, 425, 636, 613, 482, 121, 192, 68, 222, 612, 739, 274, 768, 435, 951, 195, 210, 516, 79, 2, 8, 56, 357, 465, 136, 663, 576, 515, 67, 1124, 755, 135, 96, 641, 15, 566, 168, 378, 72, 180, 233, 215, 7, 98, 568, 184, 487, 64, 238, 525, 62, 418, 194, 659, 484, 70, 69, 159, 318, 27, 227, 28, 405, 523, 49, 601, 478, 31, 1269, 125, 480, 202, 22, 521, 1285, 1, 470, 430, 479, 216, 150, 204, 181, 684, 196, 239, 288, 511, 300, 483, 477, 497, 797, 175, 526, 380, 431, 495, 692, 825, 837, 969, 633, 183, 276, 705, 188, 162, 131, 208, 157, 631]","[849, 441, 226, 1219, 73, 71, 54, 102, 596, 110, 11, 472, 385, 214, 501, 403, 946, 820, 229, 570, 143, 1454, 625, 417, 401, 422, 81, 90, 155, 1035, 763, 420, 436, 473, 82, 765, 826, 1118, 129, 419, 1091, 760, 213, 447, 228, 582, 99, 133, 29, 449, 542, 186, 679, 1078, 1444]","[1, 132, 69, 175, 96]","[1118, 229, 946, 73, 596]"
892,"[56, 426, 117, 1, 405, 471, 237, 410, 172, 144, 240, 77, 118, 151, 161, 11, 298, 597, 531, 286, 69, 50, 24, 121, 96]","[147, 264, 294, 148, 724, 122, 259, 1218, 1215, 411, 246, 412, 849, 1245, 820, 815, 258, 759, 928, 976, 1012, 771, 845, 290, 125, 235, 260, 476, 288, 323, 358, 220, 819, 781]","[240, 1, 121, 426, 405]","[358, 724, 815, 1012, 290]"
893,"[888, 333, 246, 297, 134, 302, 221, 1142, 328, 244, 740, 285, 847, 582, 83, 863, 1131, 511, 1560, 713, 690, 344, 346, 129, 479, 558, 319, 1226, 937, 515, 170, 898, 223, 753, 45, 327, 311, 1379, 471, 275, 535, 923, 1010, 86, 59, 904, 13, 14, 1658, 1048, 1251, 258, 1501, 306, 919, 855, 245, 1073, 12, 1080, 1115, 316, 10, 315, 903, 179, 61, 279, 529, 754, 879, 248, 339, 236, 300, 293, 26, 32, 7, 165, 20, 887, 340, 512, 116, 262, 50, 9, 331, 1150, 113, 1194, 313, 60, 1, 960, 93, 276, 961, 536, 736, 1005, 277, 212, 19, 198, 190, 303, 30, 124, 347, 591, 1255, 463, 698, 292, 1009, 242, 702, 936, 278, 286, 462, 707, 639, 1592, 272, 213, 57, 100, 345, 237, 52, 534, 287, 922, 874, 509, 250, 137, 318, 305, 166, 750]","[15, 405, 269, 845, 752, 255, 1016, 638, 288, 249, 273, 281, 332, 257, 355, 264, 1315, 147, 326, 283, 336, 1313, 691, 877, 310, 381, 744, 107, 751, 307, 748, 1381, 900, 111, 909, 885, 324, 121, 252, 343, 979, 475, 323, 256, 1462, 299, 886, 508, 148, 1404, 883, 1258, 126, 1023, 295, 171, 334, 117, 902, 260, 971, 676, 472, 298, 935, 1281, 289, 678, 109, 990, 70, 290, 268, 875, 125, 978, 718, 270, 312, 1403, 818, 284, 1153, 25, 933, 628, 350, 322, 1089, 689, 1007, 1295, 271, 595, 827, 1038, 531, 280, 16, 330, 905]","[311, 286, 847, 888, 887]","[326, 257, 271, 117, 818]"
894,"[181, 13, 50, 301, 275, 294, 742, 283, 151, 328, 1, 100]","[597, 284, 988, 1014, 117, 748, 885, 222]","[294, 283, 275, 1, 50]","[885, 1014, 284, 117, 748]"
895,"[310, 525, 136, 48, 684, 318, 186, 144, 385, 222, 273, 98, 526, 191, 597, 227, 200, 367, 215, 481, 603, 174, 182, 880, 97, 228, 765, 216, 1, 134, 187, 429, 942, 168, 70, 95, 89, 275, 732, 721, 230, 993, 87, 157, 198, 64, 22, 770, 50, 8, 223, 327, 88, 484, 658, 83, 190, 1240, 143, 317, 237, 204, 203, 234, 651, 705, 181, 127, 9, 527, 265, 284, 173, 180, 7, 172, 195, 496, 153, 493, 77, 655, 24, 420, 183, 402, 128, 952, 129, 164, 710, 966, 660, 241, 489, 313, 42, 124, 435, 258, 257, 211, 79, 69, 661, 245, 248, 478, 427, 730, 588, 239, 566, 71, 210, 229, 1303, 692, 751, 176, 96, 511]","[1101, 403, 108, 281, 67, 212, 752, 686, 849, 744, 458, 713, 384, 325, 789, 159, 82, 133, 398, 672, 356, 768, 123, 546, 562, 685, 452, 141, 1672, 549, 76, 414, 423, 436, 132, 462, 25, 1018, 20, 1221, 358, 175, 515, 152, 872, 217, 798, 161, 431, 1284, 479, 504, 708, 12, 1406, 233, 232, 196, 299, 135, 739, 572, 15, 238, 271, 343, 631, 201, 118, 472, 46, 474, 1078, 302, 1217, 86, 226, 542, 497, 411, 640, 1134, 291, 1423, 824, 576, 518, 55, 1074, 596, 674, 471, 39, 568, 209, 696, 569, 405, 27, 1248, 1522, 31, 840, 1183, 508, 121, 1437, 808, 476, 636, 887, 575, 895, 73, 430, 1471, 836, 719, 1004, 28, 1194, 1042, 1214, 202, 820, 53, 760, 425, 371, 426, 554, 154, 139, 591, 23, 582, 1231, 85, 468, 746, 11, 709, 160, 250, 1220, 54, 1351, 742, 4, 578, 455, 148, 379, 188, 800, 33, 1267, 587, 557, 145, 320, 810, 206, 231, 92, 282, 80, 616, 801, 117, 632, 662, 393, 450, 720, 101, 328, 928, 482, 679, 147, 1098, 735, 1249, 62, 422, 380, 68, 274, 51, 1045, 179, 29, 637, 43, 654, 1028, 473, 1681, 461, 774, 307, 1112, 1119, 559, 219, 1011, 58, 763, 1208, 809, 665, 715, 470, 399, 260, 2, 480, 387, 1622, 845, 642, 386, 392, 184, 19, 100, 288, 199, 91, 300, 483, 802, 550, 1222, 570, 1046, 235, 225, 647]","[313, 174, 216, 661, 157]","[39, 148, 557, 425, 468]"
896,"[1, 597, 472, 214, 127, 186, 393, 928, 151, 419, 194, 568, 204, 143, 172, 177, 409, 603, 69, 588, 222, 451, 195, 228, 200, 926, 679, 22, 82, 132, 161, 199, 182, 97, 183, 71, 133, 33, 660, 50, 659, 429, 238, 616, 136, 465, 68, 234, 240, 184, 423, 416, 99, 98, 230, 211, 378, 479, 864, 436, 88, 443, 323, 470, 699, 1028, 28, 433, 526, 79, 208, 974, 633, 203, 243, 498, 501, 176, 418, 141, 118, 496, 281, 673, 188, 521, 1033, 65, 866, 402, 290, 121, 125, 1531, 826, 288, 546, 411, 760, 89, 232, 201, 506, 76, 925, 1219, 96, 646, 180, 405, 185, 77, 404, 187, 215, 210, 849, 609, 174, 523, 369]","[478, 227, 473, 202, 1254, 56, 497, 477, 951, 871, 455, 484, 66, 8, 485, 736, 742, 193, 622, 566, 73, 385, 435, 205, 410, 55, 389, 840, 265, 95, 550, 510, 1051, 239, 173, 483, 406, 168, 530, 135, 528, 294, 708, 140, 684, 181, 196, 40, 235, 25, 120, 179, 368, 651, 11, 649, 717, 670, 117, 705, 273, 371, 763, 23]","[673, 33, 200, 423, 925]","[483, 651, 705, 25, 168]"
897,"[288, 319, 324, 748, 242, 270, 358, 1296, 327, 272, 315, 313, 316, 310, 309, 302]","[300, 683, 751, 286, 689, 347, 243, 334, 539, 343, 271, 312, 328, 258]","[270, 310, 242, 1296, 324]","[539, 271, 300, 683, 312]"
898,"[694, 209, 216, 275, 154, 751, 660, 230, 218, 172, 282, 186, 265, 496, 428, 463, 135, 95, 471, 527, 283, 483, 73, 257, 746, 79, 168, 83, 479, 204, 50, 157, 197, 367, 176, 655, 121, 202, 153, 48, 222, 291, 255, 423, 111, 663, 258, 742, 470, 1101, 174, 161, 427, 518, 71, 66, 740, 89, 357, 603, 195, 203, 568, 8, 748, 318, 214, 433, 28, 64, 724, 234, 237, 190, 498, 213, 98, 194, 96, 117, 200]","[208, 685, 231, 2, 640, 250, 25, 435, 228, 51, 69, 410, 188, 385, 934, 193, 239, 710, 254, 1016, 747, 238, 284, 658, 474, 31, 144, 431, 546, 717, 566, 732, 515, 455, 827, 403, 173, 229, 684, 179, 181, 1, 147, 177, 356, 588, 29, 597, 499, 414, 151, 133, 125, 180]","[157, 318, 663, 154, 202]","[588, 29, 284, 684, 133]"
899,"[589, 474, 294, 124, 480, 618, 318, 483, 100, 205, 129, 237, 661]","[458, 137, 130, 280, 493, 183, 429, 121, 1028, 508, 200, 834, 471, 325, 288, 284, 186, 1132, 871, 405, 602, 31, 744, 654, 478, 117, 136, 864, 9, 410, 696, 1298]","[318, 474, 124, 294, 100]","[410, 864, 121, 458, 1298]"
900,"[509, 78, 22, 988, 623, 929, 12, 196, 168, 498, 71, 228, 546, 144, 476, 568, 96, 566, 679, 748, 35, 1620, 234, 140, 161, 257, 174, 405, 229, 181, 523, 419, 135, 465, 520, 230, 662, 1041, 28, 121, 155, 1389, 864, 82, 378, 63, 73, 436, 216, 393, 435, 194, 932, 172, 391, 402, 195, 50, 739, 210, 1, 423, 451, 222, 204, 117, 88, 95, 728, 94, 1605, 1643, 211, 429, 1035, 142, 756, 69, 1120, 58, 66, 732, 322, 15]","[275, 1049, 287, 8, 13, 56, 949, 578, 111, 395, 250, 443, 89, 521, 259, 477, 91, 795, 866, 243, 235, 151, 636, 1047, 826, 409, 560, 403, 118, 294, 430, 20, 768, 688, 321, 180, 237, 38, 252, 447]","[322, 216, 121, 419, 28]","[111, 521, 235, 259, 1047]"
901,"[318, 50, 250, 515, 176, 480, 306, 300, 483, 497, 172, 423, 87, 479, 275, 144, 191, 95, 8, 79, 1, 879]","[258, 295, 327, 134, 993, 333, 294, 181, 304, 298, 302, 246, 307, 228, 289, 328, 204, 326, 257, 271, 268, 989, 127, 301, 754, 1016, 187]","[483, 879, 306, 50, 144]","[301, 294, 187, 328, 268]"
902,"[100, 318, 182, 409, 203, 708, 181, 276, 288, 191, 23, 187, 91, 521, 317, 223, 56, 118, 1101, 98, 177, 281, 649, 333, 186, 1070, 183, 515, 820, 529, 185, 48, 528, 282, 179, 89, 642, 693, 47, 443, 196, 180, 523, 1048, 4, 61, 198, 655, 188, 721, 64, 156, 293, 324, 13, 272, 157, 214, 12, 664, 427, 763, 1142, 79, 240, 154, 87, 60, 175, 234, 238, 211, 59, 1098, 25, 357, 30, 479, 46, 709, 520, 302, 210, 509, 127, 369, 475, 192, 81, 1009, 410, 405, 1381, 651, 50]","[1132, 994, 746, 204, 254, 1008, 845, 977, 467, 1073, 412, 931, 105, 248, 1, 696, 96, 111, 129, 582, 52, 461, 871, 11, 1067, 824, 7, 121, 9, 421, 346, 106, 120, 684, 273, 628, 928, 595, 252, 147, 544]","[282, 79, 154, 528, 276]","[1008, 595, 684, 977, 1073]"
903,"[9, 289, 97, 66, 421, 739, 451, 300, 278, 736, 155, 216, 781, 288, 402, 237, 275, 274, 747, 682, 603, 794, 1152, 255, 815, 117, 785, 1074, 280, 111, 724]","[694, 628, 778, 328, 1041, 553, 181, 709, 796, 732, 762, 202, 88, 535, 90, 173]","[794, 402, 97, 275, 111]","[709, 553, 732, 694, 628]"
904,"[300, 150, 7, 321, 313, 124, 742, 302, 129, 100, 471, 345, 301, 508, 591, 458]","[333, 258, 245, 328, 282, 717, 326, 475, 1011, 125, 116, 748, 237, 273, 873, 294, 319, 137, 879, 751, 1051, 871, 322, 117]","[124, 345, 321, 313, 742]","[319, 1011, 322, 125, 873]"
905,"[100, 121, 321, 696, 740, 628, 10, 544, 676, 276, 273, 125, 117, 473, 129, 270, 124, 9, 286, 1011, 237, 221, 283, 287, 744, 284, 408, 285]","[307, 475, 7, 15, 742, 823, 1009, 471, 300, 405, 991, 240, 277]","[740, 121, 676, 273, 124]","[7, 15, 300, 991, 475]"
906,"[763, 100, 290, 724, 685, 591, 317, 620, 274, 282, 828, 125, 472, 301, 86, 147, 740, 181, 287, 821, 813, 118, 497, 756, 281, 333, 198, 713, 729, 1119, 409, 596, 628, 202, 42, 696, 248, 98, 934, 318, 245, 283, 275, 520, 83, 284, 1326, 144, 1040, 869, 1221, 689, 286, 294, 88, 1284, 1163, 462, 117, 356, 322, 483, 699, 471, 402, 819, 185, 96, 1244, 225, 268, 182, 928, 1220, 123, 744, 1167, 1157, 1048, 686, 1051, 19, 173, 1016, 71, 313, 50, 25, 79, 291, 506, 1028, 476, 151, 496, 272, 697, 924, 762, 633, 748, 121, 120, 393, 5, 258, 710, 1047, 277, 111, 405, 553, 739, 235, 129, 237, 427, 312, 172, 742, 220, 107, 978, 781, 15, 366, 485, 764, 332, 1, 326, 271, 143, 97, 288, 278, 815]","[1057, 619, 340, 825, 8, 647, 260, 475, 1054, 988]","[271, 620, 120, 50, 1163]","[1057, 619, 1054, 8, 475]"
907,"[56, 288, 694, 98, 701, 204, 657, 133, 185, 648, 488, 479, 484, 427, 434, 963, 423, 525, 419, 28, 223, 183, 591, 50, 515, 79, 558, 496, 603, 195, 100, 96, 127, 483, 478, 528, 144, 709, 631, 318]","[414, 156, 192, 173, 55, 181, 322, 69, 147, 200, 151, 357, 111, 447, 47, 527, 216, 123, 654, 194, 494, 482, 7, 124, 172, 205, 174, 12, 481, 663, 264, 209, 300, 732]","[558, 657, 515, 648, 478]","[194, 654, 156, 322, 172]"
908,"[286, 582, 292, 116, 275, 531, 300, 1121, 509, 165, 166, 14, 261, 382, 880, 339, 86, 170, 707, 326, 224]","[682, 289, 744, 529, 294]","[170, 292, 707, 286, 582]","[529, 294, 744, 682, 289]"
909,"[182, 1012, 100, 845, 237, 293, 23, 117, 508, 414, 56, 300, 357, 50, 12, 313, 98, 9, 1, 174, 210, 222, 405, 127, 684, 742, 183, 205]","[245, 288, 282, 332, 252, 289, 137, 125, 24, 257, 250, 751, 298, 273, 284, 1025, 307, 25, 124, 118, 254, 597, 181, 831, 628, 134, 310, 121, 291, 286, 3, 748]","[98, 174, 9, 293, 684]","[307, 125, 831, 250, 254]"
910,"[357, 588, 168, 435, 185, 174, 381, 423, 1203, 143, 7, 89, 204, 203, 190, 638, 272, 399, 969, 21, 183, 923, 93, 507, 193, 186, 482, 134, 647, 176, 83, 855, 428, 479, 1039, 709, 209, 154, 172, 142, 216, 1060, 443, 153, 465, 173, 228, 197, 194, 151, 655, 603, 163, 191, 480, 478, 625, 431, 26, 87, 419, 474, 530, 208, 420]","[496, 98, 485, 238, 383, 659, 313, 99, 501, 404, 102, 835, 240, 727, 205, 484, 82, 210, 622, 483, 548, 584, 432, 211, 506, 451, 374, 514, 427, 627, 473, 199, 215]","[1203, 1039, 530, 176, 134]","[514, 427, 404, 313, 99]"
911,"[238, 1041, 132, 154, 483, 496, 143, 423, 482, 602, 318, 197, 194, 97, 14, 152, 168, 173, 15, 443, 28, 479, 517, 64, 192, 418, 523, 659, 655, 498, 610, 419, 357, 501, 427]","[204, 172, 185, 611, 654, 56, 246, 186, 474, 653, 661, 648, 507, 174, 268, 646, 520, 616]","[14, 482, 197, 517, 64]","[56, 185, 246, 186, 268]"
912,"[99, 58, 357, 92, 12, 527, 265, 237, 98, 234, 789, 144, 127, 475, 185, 655, 202, 175, 174, 183, 302, 269, 89, 963, 79, 173, 741, 216, 603, 750, 168, 613, 518, 317, 9, 7, 57, 200, 19, 151, 176, 64, 204, 461, 191, 228, 11, 83, 474, 419, 50, 131, 478, 95, 427, 919, 657, 96, 169, 56, 22, 143, 258, 408, 172, 4, 289, 195, 203, 318]","[301, 260, 1112, 8, 1240, 481, 465, 179, 82, 1, 430, 117, 310, 42, 588, 530, 656, 273, 210, 432, 222, 25, 156, 747, 498, 132, 418, 742, 184, 69, 268, 483, 235, 227, 604, 343, 60, 428, 423, 346, 164, 180, 100, 596, 531, 171, 276, 729, 436, 186, 189, 15, 466, 508, 181, 469, 238, 462, 288, 28, 690, 209]","[265, 58, 151, 174, 64]","[301, 184, 179, 423, 164]"
913,"[197, 371, 155, 643, 1406, 781, 402, 778]","[724, 111, 88, 387, 736, 1355, 451, 692, 739, 313, 732, 775, 381, 1259, 216]","[155, 402, 1406, 781, 778]","[88, 739, 387, 111, 732]"
914,"[313, 268, 345, 315, 347, 750, 286, 302, 691]","[304, 288, 310, 300, 1038, 270, 328, 333, 307, 321, 334, 346, 301, 305, 752, 896, 258]","[313, 750, 345, 286, 315]","[310, 334, 270, 333, 305]"
915,"[100, 1335, 244, 170, 175, 81, 46, 82, 1113, 53, 17, 39, 708, 14, 474, 593, 28, 91, 721, 530, 727, 134, 154, 427, 317, 22, 4, 135, 50, 212, 223, 48, 190, 527, 246, 213, 194, 509, 221, 9, 56, 217, 959, 1, 1005, 70, 484, 210, 171, 428, 265, 181, 697, 318, 173, 1098, 480, 631, 715, 30, 512, 192, 216, 234, 511, 735, 581, 164, 767, 919, 483, 236, 88, 183, 268, 42, 60, 150, 196, 7, 111, 286, 198, 180, 652, 425, 568, 58, 168, 971, 97, 1101, 193, 250, 387, 462, 650, 92, 582, 475, 583, 960, 211, 69, 1070, 86, 1194, 64, 1011, 11, 943, 276, 176, 1010, 83, 531, 203, 238, 89, 174, 806, 382, 157, 172, 137, 98, 640, 52, 421, 23, 241, 1073, 1009, 537, 12, 156, 461, 557]","[467, 1428, 271, 232, 366, 1046, 470, 160, 451, 252, 229, 781, 523, 1135, 866, 214, 824, 506, 1206, 655, 65, 179, 831, 944, 1268, 381, 222, 281, 51, 1109, 143, 298, 2, 295, 393, 702, 235, 182, 472, 49, 87, 33, 186, 578, 732, 85, 930, 961, 54, 77, 570, 763, 228, 71, 1401, 239, 1220, 5, 177, 561, 68, 163, 931, 423, 764, 55, 202, 1208, 417, 76, 709, 790, 433, 72, 96, 636, 118, 762, 219, 528, 1042, 73, 256, 685, 290, 755, 559, 24, 550, 204, 756, 249, 792, 159, 978, 863, 642, 597, 385, 155, 684, 153, 948, 218, 31, 1074, 820, 748, 678, 549, 380, 746, 476, 399, 825, 147, 237, 144, 188, 566, 535, 117, 674, 125, 569, 79, 541, 161, 257, 367, 369, 713, 233, 121, 209, 693, 741, 206, 280, 106, 720, 151, 739, 1014, 1597, 844, 431, 101, 402, 132, 1682, 230, 3, 405, 1079, 226, 273, 66, 558, 123, 710, 227, 1217, 158, 90, 195, 546, 80, 498, 939, 109, 1119, 737, 679, 284, 704, 215, 356, 148]","[1194, 56, 568, 509, 244]","[87, 257, 702, 143, 1682]"
916,"[25, 471, 740, 276, 150, 535, 287, 246, 100, 756, 268, 282, 237, 248, 696, 476, 285, 289, 9, 628]","[50, 1014, 278, 591, 879, 751, 763, 405, 473, 312, 328, 3, 255, 121, 1]","[100, 248, 246, 471, 740]","[751, 763, 121, 473, 591]"
917,"[1065, 1200, 428, 923, 137, 275, 582, 645, 1101, 28, 487, 45, 1171, 190, 170, 64, 638, 213, 606, 16, 921, 382, 962, 631, 856, 707, 1137, 25, 166, 1266, 165, 664, 1639, 1195, 855, 381, 965, 132, 709, 1099, 143, 971, 86, 499, 83, 498, 704, 972, 656, 507, 660, 89, 659]","[488, 131, 640, 204, 419, 289, 211, 433, 658, 174, 135, 179, 737, 443, 792, 514, 495, 417, 133, 1265, 175, 154, 216, 69, 485, 958, 1, 88, 430, 529, 72, 168, 196, 153, 82, 630, 197, 199, 517, 340, 462, 520, 208, 70, 42, 1172, 151, 161, 995, 747]","[16, 498, 660, 645, 275]","[151, 42, 135, 640, 792]"
918,"[1101, 257, 259, 19, 270, 937, 204, 57, 1137, 327, 1152, 15, 201, 508, 286, 742, 325, 1086, 318, 477, 418, 5, 582, 221, 58, 1012, 144, 285, 217, 100, 1278, 676, 1277, 11, 218, 794, 140, 1, 558, 432, 323, 237, 715, 25, 98, 895, 276, 307, 367, 332, 283, 313, 126, 129, 305, 16, 99, 331, 260, 300, 236, 1014, 117, 334, 304, 82, 28, 271, 423, 287, 527, 275, 447, 125, 70, 64, 813, 660, 333, 93, 419, 343, 946, 382, 340, 1073, 151, 288, 191, 282, 303, 1197, 118, 9, 111, 147, 277, 181, 293, 22, 95, 272, 255, 302, 223, 258, 14, 174, 297, 200]","[787, 243, 690, 253, 322, 358, 887, 347, 321, 596, 462, 1136, 1047, 298, 50, 202, 1315, 168, 7, 475, 289, 819, 268, 1114, 1048, 4, 1109, 326, 471, 741, 193, 246, 717, 687, 878, 919, 112, 458, 244, 976, 756, 564, 85, 748, 240, 328, 1284, 709, 372, 628, 1134, 531, 21, 681, 832, 222, 245, 284, 740, 261, 31, 238, 989, 116, 20, 312, 988, 412, 88, 295, 750, 879, 875, 250, 148, 315, 294, 880, 953, 535, 732, 264, 23, 755, 301, 319, 310, 183, 1173, 69, 137, 124, 1119, 406, 678, 12, 864, 877, 1060, 1258, 591, 292, 539, 1514, 815, 892, 689]","[307, 270, 118, 937, 419]","[264, 23, 1258, 740, 295]"
919,"[347, 1612, 350, 346, 302, 310, 333, 258, 340, 313]","[331, 300, 332, 682, 328, 270, 292, 299, 307, 288, 268, 245, 301, 286, 311, 272]","[340, 258, 310, 346, 350]","[682, 292, 288, 307, 299]"
920,"[313, 720, 72, 181, 692, 173, 252, 15, 79, 755, 274, 845, 815, 1032, 133, 96, 121, 215, 202, 328, 66, 380, 196, 222, 1016, 526, 210, 662, 71, 172, 392, 678, 1028, 400, 538, 111, 259, 136, 419, 50, 659, 174, 69, 294, 323, 284, 367, 143]","[24, 1060, 8, 1, 932, 282, 1047, 471, 288, 87, 728, 132, 82, 190, 651, 422, 1034, 227, 892, 125, 560, 411, 934, 395, 369, 275, 1279, 322, 929, 228, 603, 240, 484, 924, 304, 97, 778, 1317, 763, 151, 128, 820, 762, 1051, 1287, 194, 230, 147, 245, 405, 257, 472, 760, 237, 185, 797, 276, 122, 410, 280, 254, 25]","[133, 1028, 692, 215, 181]","[369, 304, 82, 1287, 194]"
921,"[143, 89, 72, 382, 202, 395, 227, 588, 229, 451, 290, 151, 406, 449, 172, 265, 71, 173, 50, 257, 222, 418, 174, 98, 949, 746, 237, 153, 427, 1110, 294, 22, 99, 83, 181, 455, 433, 421, 91, 810, 77, 1, 380, 51, 576, 258, 15, 450, 68, 11, 230, 228, 432, 431, 919, 384, 596]","[161, 210, 371, 215, 1035, 756, 249, 216, 56, 63, 191, 212, 403, 568, 94, 471, 183, 550, 159, 184, 217, 476, 662, 274, 175, 176, 155, 747, 168, 447, 660, 195, 82, 739, 579, 250, 288, 252, 715, 29, 67, 204, 834, 80, 391, 62, 122, 271, 200, 127, 145, 219, 43, 69, 631, 402, 214, 375, 135, 367, 411, 385, 562, 1079, 235, 276, 1157, 655, 95, 699]","[384, 172, 15, 11, 810]","[195, 145, 216, 271, 476]"
922,"[333, 237, 472, 148, 456, 762, 1028, 174, 181, 831, 546, 288, 3, 117, 281, 928, 273, 334, 763, 338, 125, 295, 322, 291, 105, 168, 455, 100, 685, 222, 282, 460, 823, 1011, 307, 1012, 628, 129, 713, 293, 325, 257, 294, 742, 405, 50, 340, 9, 151, 926, 825, 1277, 475, 975, 544, 121, 815, 741, 276, 249, 1017, 866, 591, 248, 829, 411]","[410, 827, 245, 689, 264, 280, 1, 1001]","[129, 1017, 151, 333, 823]","[827, 410, 1001, 1, 245]"
923,"[96, 174, 1400, 6, 523, 195, 283, 202, 1, 228, 121, 173, 705, 632, 923, 421, 285, 82, 504, 1478, 7, 205, 496, 701, 196, 12, 433, 178, 482, 275, 172, 318, 427, 200, 511, 153, 313, 50, 134, 28, 100, 237, 429, 216, 896, 519, 527, 9, 129, 71, 64, 471]","[117, 127, 273, 1036, 300, 526, 836, 1011, 277, 742, 258, 286, 211, 13, 408, 322, 562, 31, 480, 2, 144, 288, 114, 849, 605, 1149, 181, 276, 56, 402]","[216, 318, 421, 429, 313]","[408, 2, 127, 1149, 277]"
924,"[5, 218, 682, 185, 323, 332, 447, 98, 288, 325, 324]","[678, 56, 299, 948, 333, 563, 245, 773, 327, 876, 788, 260, 561, 217, 816, 559, 219, 672, 567, 558, 200]","[447, 218, 5, 325, 185]","[558, 327, 948, 563, 816]"
925,"[286, 315, 340, 258, 302, 272, 269]","[322, 300, 288, 303, 325, 289, 313, 321, 292, 294, 245, 262, 237]","[315, 302, 269, 258, 286]","[288, 245, 289, 313, 303]"
926,"[222, 138, 501, 294, 228, 380, 15, 367, 421, 41, 1089, 230, 67, 125, 69, 288, 300, 1093, 393, 449, 237, 763, 866, 405, 422, 72, 257, 417, 95, 403, 588, 1035, 420, 541, 29, 255, 471, 168, 768, 121, 928, 374, 11, 111, 195, 56, 71, 1415, 755, 64, 568, 1016, 63, 826, 8, 411, 328, 118, 552, 155, 404, 402, 756, 204, 409, 96, 385, 820, 1047, 1, 426, 210, 1284, 742, 38, 91, 28]","[24, 456, 7, 274, 79, 560, 780, 739, 240, 1229, 105, 158, 410, 623, 738, 1014, 395, 401, 227, 625, 143, 815, 542, 154, 132, 82, 775, 278, 535, 25, 477, 412, 761, 1095, 722, 819, 174, 217, 229, 1178, 571, 99, 94]","[11, 64, 210, 866, 420]","[401, 25, 1095, 7, 158]"
928,"[89, 517, 419, 134, 515, 188, 474, 318, 185, 182, 483, 195, 521, 187, 100, 172, 127, 22, 56, 423, 205, 135, 28, 204, 50, 12, 589, 429, 98, 479]","[209, 31, 23, 1, 271, 174, 32, 480, 435, 284, 433, 484, 136, 654, 197, 144, 496, 431, 276]","[100, 187, 195, 517, 56]","[276, 484, 654, 435, 433]"
929,"[121, 283, 269, 126, 300, 45, 238, 113, 282, 165, 64, 106, 116, 14, 274, 275, 281, 257, 709, 244, 190, 535]","[148, 8, 651, 763, 245, 151, 288, 455, 845, 405, 1315, 237, 153, 107, 871, 175, 174, 705, 265, 235, 117, 756, 176, 286, 255, 137, 1048, 523, 1, 411, 50, 690, 171, 100, 24, 1010, 143, 210, 240, 16, 410]","[126, 64, 14, 269, 274]","[1048, 1, 871, 288, 148]"
930,"[1152, 303, 245, 744, 275, 116, 515, 312, 690, 347, 255, 127, 283, 300, 909, 286, 316, 297, 459, 685, 333, 293, 315, 126, 508, 181, 306, 14, 298, 750, 344, 125, 100, 304, 313, 302, 900, 272, 257]","[50, 237, 678, 476, 362, 121, 310, 1022, 269, 258, 250, 220, 896, 252, 137, 471, 355, 845, 281, 111, 290, 546]","[100, 125, 303, 685, 275]","[50, 252, 290, 1022, 845]"
931,"[135, 7, 435, 285, 1204, 504, 1065, 176, 1266, 614, 497, 967, 229, 709, 525, 1397, 179, 570, 177, 617, 566, 483, 157, 209, 1512, 1573, 54, 589, 647, 380, 498, 515, 1451, 489, 1050, 428, 175, 172, 154, 183, 194, 114, 611, 507, 1205, 657, 131, 648, 98, 778, 274, 676, 459, 211, 180, 661, 745, 1454, 430, 646, 968, 649, 615, 863, 1021, 516, 141, 659, 196, 30, 613, 650, 494, 204, 432, 495, 1126, 14, 133, 519, 429, 654, 479, 708, 480, 56, 167, 663, 639, 482, 70, 484, 178, 524, 222, 163, 529, 434, 100, 174, 517, 675, 603, 191, 528, 357, 443, 427, 162, 1411, 165, 478, 1116, 205, 195, 189, 530, 134, 616, 493, 228, 520, 212, 96, 510, 491, 705, 488, 612, 527, 47, 9, 496, 199, 811, 203, 490, 86, 836, 511, 805, 136, 1449, 1558, 855, 45, 506, 153, 198, 208, 170, 185, 632, 486, 230, 474, 503, 1456, 502, 523, 99, 513, 168, 399, 526, 89, 462, 1020, 1149, 1035, 607, 1, 521, 475, 119, 169, 481, 1121, 514, 414, 405, 197, 210, 606]","[105, 55, 679, 1305, 1184, 379, 652, 671, 238, 234, 161, 226, 144, 213, 576, 225, 218, 550, 640, 441, 736, 188, 509, 38, 67, 173, 193, 1030, 560, 155, 109, 636, 385, 77, 447, 470, 600, 487, 148, 890, 389, 755, 541, 665, 235, 121, 562, 436, 101, 1139, 82, 448, 841, 431, 64, 151, 416]","[230, 135, 114, 613, 1065]","[447, 82, 560, 151, 213]"
932,"[317, 28, 187, 64, 156, 98, 523, 470, 182, 179, 196, 318, 746, 73, 367, 151, 211, 135, 157, 789, 87, 195, 265, 357, 654, 474, 228, 194, 89, 127, 144, 186, 56, 50, 435, 69, 483, 11, 7, 180, 200, 125, 100, 22, 183, 177, 175, 174, 193, 12]","[1017, 447, 577, 63, 231, 433, 399, 734, 219, 214, 215, 546, 550, 110, 934, 52, 451, 209, 80, 475, 583, 72, 1246, 173, 453, 651, 132, 405, 385, 21, 4, 241, 508, 1, 403, 471, 1070, 765, 161, 1028, 559, 218, 168, 467, 176, 710, 1228, 239, 202, 238, 233, 160, 1110, 230, 388, 181, 392, 105, 95, 575, 153, 940, 216, 384, 476, 569, 866, 25, 1188, 652, 229, 53, 232, 840, 167, 94, 210, 665, 735, 411, 166, 578, 184, 627, 38, 39, 164, 834, 597, 204, 154, 62, 42, 117, 121, 172, 823, 284, 424, 67, 234, 227, 576, 410, 79, 561, 159, 449, 273, 58, 679, 636, 163, 452, 393, 515, 9, 226, 732, 585, 70, 959, 391, 763, 282, 1183, 88, 82, 568, 97, 1037, 222, 96, 441]","[69, 11, 125, 435, 175]","[866, 1070, 172, 823, 576]"
933,"[50, 25, 197, 297, 202, 195, 461, 228, 315, 239, 223, 100, 405, 617, 229, 554, 629, 88, 208, 210, 675, 1449, 174, 514, 488, 664, 161, 432, 384, 2, 663, 605, 56, 529, 97, 168, 67, 855, 963, 674, 83, 660, 175, 190, 302, 506, 257, 212, 237, 501, 172, 135, 65, 435, 427, 132, 4, 492, 13, 414, 661, 755, 254, 94, 316, 1018, 66, 495, 211, 550, 153, 213, 732, 1411, 163, 420, 428, 630, 712, 449, 89, 170, 965, 199, 811, 82, 703, 131, 193, 451, 902, 286, 481, 152, 794, 70, 805, 650, 191, 510, 624, 1203, 303, 226, 705, 144, 204, 69, 584, 196, 96, 134, 181, 474, 507, 961, 502, 462, 403, 419]","[423, 573, 1425, 177, 151, 411, 183, 269, 388, 1037, 709, 121, 771, 179, 436, 393, 648, 389, 145, 949, 526, 1285, 156, 225, 818, 173, 792, 614, 516, 154, 234, 209, 1311, 533, 162, 498, 99, 1065, 483, 972, 1, 708, 72, 313, 186, 581, 157, 657, 86, 602, 1135, 527, 786, 216]","[705, 435, 624, 1449, 961]","[173, 234, 389, 527, 1425]"
934,"[476, 284, 471, 846, 127, 717, 742, 121, 237, 924, 148, 864, 1016, 405, 815, 286, 274, 282, 597, 300, 546, 313, 255, 125, 118, 934, 281, 181, 15, 283, 685, 117]","[100, 257, 9, 1048, 1, 620, 120]","[148, 313, 934, 815, 274]","[257, 120, 620, 1048, 100]"
935,"[818, 285, 340, 281, 952, 298, 111, 236, 313, 927, 250, 14, 249, 181, 547, 741, 591, 253, 93, 50, 137, 9, 116, 475, 268, 1097, 1007, 1344, 275, 129, 813, 1368, 926, 117, 1241, 325, 124, 269, 248, 476, 20, 1008, 1163, 125, 286, 272, 1011, 1202, 16, 246, 1009, 346, 24, 324, 25, 221, 6, 244, 3, 121, 1335, 358, 19, 1068, 1, 1160, 1199, 756, 1370, 276, 127, 1377, 864, 904, 1115, 825, 319, 100, 237, 13, 1171, 1323, 289, 7, 1375, 1129, 327, 255, 919, 108, 845, 251, 287]","[1258, 106, 1086, 333, 243, 1014, 301, 1279, 508, 628, 282, 118, 748, 827, 405, 273, 1190, 975, 258, 259, 995, 1023, 274, 696, 678, 1079, 535, 1016, 815, 300, 898, 455, 410, 235, 717, 257, 866, 294, 323, 928, 321, 252, 295, 988, 343, 1315, 312, 1226, 766]","[275, 111, 358, 475, 1097]","[106, 995, 1226, 257, 343]"
936,"[275, 9, 285, 515, 297, 224, 126, 293, 300, 14, 93, 258, 408, 286, 304, 847, 124, 236, 295, 50, 303, 283, 237, 1007, 116]","[268, 242, 301, 255, 326, 864, 222, 225, 19, 100, 137, 988, 874, 508, 294]","[50, 285, 515, 124, 116]","[268, 19, 988, 874, 255]"
937,"[864, 313, 763, 333, 476, 1012, 181, 1014, 370, 151, 472, 1028, 111, 298, 127, 25, 762, 343, 243, 866, 275, 50, 291, 222, 928, 121, 260, 508, 288, 225, 1061, 7, 258, 126, 358, 596, 252, 118, 100, 220, 1, 273, 823, 106, 458, 257, 993]","[122, 240, 125, 988, 1033, 477, 9, 595, 105, 300, 873, 281, 840, 717, 15, 284, 815, 748, 546, 473, 405, 829, 406, 471, 255, 676, 1047, 756, 328, 1016, 678, 117, 1283, 235, 323, 1254, 456, 597, 1152, 148, 259, 250, 286, 929, 290, 411, 871, 591, 245, 742, 926, 237, 410, 845, 248, 841, 1013, 685, 276, 289, 293]","[225, 1028, 273, 126, 25]","[237, 286, 15, 742, 284]"
938,"[258, 1054, 689, 476, 409, 121, 1190, 993, 222, 1023, 326, 1051, 597, 1277, 220, 127, 118, 298, 742, 255, 1028, 756, 285, 411, 15, 717, 283, 9, 280, 591, 257, 841, 405, 546, 274, 508, 275, 237, 471]","[931, 106, 818, 890, 934, 266, 680, 424, 254, 252]","[409, 1051, 326, 298, 222]","[266, 254, 680, 424, 890]"
939,"[272, 655, 315, 66, 96, 194, 172, 8, 56, 147, 170, 95, 174, 317, 855, 89, 427, 628, 300, 521, 321, 173, 316, 294, 692, 657, 50, 98, 213, 482, 204, 12, 209, 1167, 516, 302, 651, 269, 709, 258, 191, 357, 176, 508, 436, 82, 313, 420, 678, 7, 471, 259, 354, 430, 238, 216, 285]","[193, 568, 14, 205, 873, 289, 181, 153, 355, 610, 1401, 319, 549, 474, 4, 751, 708, 683, 310, 343, 9, 358, 792, 116, 151, 746, 168, 286, 69, 47, 200, 529, 301, 629, 382, 70, 100, 183, 164, 150, 161, 347, 271, 137, 527, 264, 879, 171, 1137, 215]","[321, 855, 628, 258, 300]","[301, 527, 168, 9, 355]"
941,"[117, 200, 604, 423, 261, 427, 487, 584, 347, 511, 304, 193, 31, 969, 131, 500, 479, 172, 878, 216, 607, 514, 303, 496, 95, 50, 1050, 97, 357, 1028, 1204, 315, 258, 234, 528, 659, 484, 661, 879, 71, 316, 174, 272, 662, 99, 79, 705, 265, 310, 750, 1221, 520, 210, 480, 300, 215, 282, 435, 478, 124, 414, 318, 197, 945, 498, 259]","[323, 615, 539, 313, 269, 362, 892, 322, 183, 328, 689, 135, 678]","[705, 480, 1050, 310, 193]","[615, 678, 269, 362, 322]"
942,"[58, 111, 11, 232, 808, 356, 186, 215, 210, 685, 12, 237, 471, 181, 184, 655, 96, 127, 1074, 226, 200, 188, 195, 27, 405, 943, 94, 281, 117, 581, 55, 54, 174, 721, 161, 23, 928, 98, 559, 68, 76, 485, 42, 64, 182, 218, 79, 508, 187, 475, 840, 172, 541, 233, 816, 282, 614, 151, 824, 100, 426, 2, 194, 31, 56, 546, 385, 24, 205, 22, 28, 732, 173, 239, 566, 431, 67, 201, 41, 92, 50, 367, 427, 403, 576, 717, 216, 763, 69, 526, 196, 672, 193, 470, 219, 739]","[570, 1067, 443, 595, 62, 1011, 549, 412, 373, 51, 794, 73, 423, 124, 1188, 421, 720, 450, 765, 121, 402, 1028, 122, 756, 318, 284, 609, 1228, 53, 97, 202, 399, 393, 406, 1044, 231, 204, 132, 625, 1330, 569, 227, 468, 234, 72, 80, 449, 831, 419, 722, 785, 229, 230, 724, 386, 228, 941, 217, 585, 185, 401, 168, 9, 38, 274, 568, 139, 825, 1047, 415, 796, 391]","[218, 541, 385, 508, 427]","[423, 204, 124, 229, 231]"
